2026-07-18 10:08:16,062 - google_auth_oauthlib.flow - INFO - Please visit this URL to authorize this application: https://accounts.google.com/o/oauth2/auth?response_type=code&client_id=882169865758-8567470012do167q6qo4pm6e115rg3si.apps.googleusercontent.com&redirect_uri=http%3A%2F%2Flocalhost%3A8080%2F&scope=https%3A%2F%2Fwww.googleapis.com%2Fauth%2Fdrive+https%3A%2F%2Fwww.googleapis.com%2Fauth%2Fspreadsheets+https%3A%2F%2Fwww.googleapis.com%2Fauth%2Fgmail.readonly&state=xBUPn6UXbYecOp5B6EnTMNqHEMnSmh&code_challenge=WmvtaxF2UgClD-2OymXk6uT4rBHUkbs6vZ2xk2WXt5Q&code_challenge_method=S256&access_type=offline
2026-07-18 10:08:34,495 - google_auth_oauthlib.flow - INFO - "GET /?state=xBUPn6UXbYecOp5B6EnTMNqHEMnSmh&iss=https://accounts.google.com&code=4/0AXEQxICT82hEO8Iqfy60U1vujp1bgujlbQtJyk5WOEE9hC8YKTxhJ31kXBjBCe-0GaKP-A&scope=https://www.googleapis.com/auth/drive%20https://www.googleapis.com/auth/gmail.readonly%20https://www.googleapis.com/auth/spreadsheets HTTP/1.1" 200 65
2026-07-18 10:08:34,762 - menu - INFO - Saved 1 Gmail accounts
2026-07-18 10:08:34,763 - __main__ - INFO - Selected account: germanty123@gmail.com (personal)
2026-07-18 10:08:34,763 - __main__ - INFO - Using token: .gmail_tokens/germanty123_gmail_com_token.json
2026-07-18 10:08:34,763 - modules.auth - INFO - Loading OAuth2 token from: .gmail_tokens/germanty123_gmail_com_token.json
2026-07-18 10:08:34,764 - modules.auth - INFO - OAuth2 authentication successful
2026-07-18 10:08:34,765 - googleapiclient.discovery_cache - INFO - file_cache is only supported with oauth2client<4.0.0
2026-07-18 10:08:34,767 - googleapiclient.discovery_cache - INFO - file_cache is only supported with oauth2client<4.0.0
2026-07-18 10:08:34,770 - googleapiclient.discovery_cache - INFO - file_cache is only supported with oauth2client<4.0.0
2026-07-18 10:08:34,771 - modules.auth - INFO - Successfully authenticated with Google Cloud
2026-07-18 10:08:34,771 - modules.auth - INFO - Authentication method: OAuth2
2026-07-18 10:08:34,771 - modules.drive_manager - INFO - Drive Manager initialized successfully
2026-07-18 10:08:34,771 - modules.sheets_manager - INFO - Sheets Manager initialized successfully
2026-07-18 10:08:34,771 - modules.scheduler - INFO - Scheduler initialized with 3 days threshold
2026-07-18 10:08:34,771 - modules.consolidator - INFO - Consolidator initialized
2026-07-18 10:08:34,771 - modules.notifier - INFO - Notifier initialized
2026-07-18 10:08:34,771 - __main__ - INFO - Application initialized successfully
2026-07-18 10:08:34,771 - __main__ - INFO - 
2026-07-18 10:08:34,771 - __main__ - INFO - ╔====================================================================╗
2026-07-18 10:08:34,771 - __main__ - INFO - ║              PROJECT SCHEDULER - FULL EXECUTION CYCLE              ║
2026-07-18 10:08:34,772 - __main__ - INFO - ╚====================================================================╝
2026-07-18 10:08:34,772 - __main__ - INFO - 
2026-07-18 10:08:34,772 - __main__ - INFO - ======================================================================
2026-07-18 10:08:34,772 - __main__ - INFO - STEP 1: Setting up folder structure
2026-07-18 10:08:34,772 - __main__ - INFO - ======================================================================
2026-07-18 10:08:35,966 - modules.drive_manager - INFO - Folder created: Proyectos_Empresa (ID: 1dMu2WeU3bbzqPEFEAoNySonP1eKTC71u)
2026-07-18 10:08:35,966 - __main__ - INFO - Root folder created with ID: 1dMu2WeU3bbzqPEFEAoNySonP1eKTC71u
2026-07-18 10:08:37,051 - modules.drive_manager - INFO - Folder created: Ingeniería (ID: 1Voz7pY4e1gXbiHrohg8kE7ORywmh9oPe)
2026-07-18 10:08:38,560 - modules.drive_manager - INFO - Folder created: Clientes (ID: 1-pW6dcCmpM7yr9pfNA895HVeLNA87AL9)
2026-07-18 10:08:38,560 - __main__ - INFO - Ingeniería department folder: 1Voz7pY4e1gXbiHrohg8kE7ORywmh9oPe
2026-07-18 10:08:38,560 - __main__ - INFO - Ingeniería clients folder: 1-pW6dcCmpM7yr9pfNA895HVeLNA87AL9
2026-07-18 10:08:39,612 - modules.drive_manager - INFO - Folder created: Obras (ID: 1pxkkVZK_9XrhMBlKJfgvwYdjrPASagkY)
2026-07-18 10:08:40,682 - modules.drive_manager - INFO - Folder created: Clientes (ID: 17GspBkoAYHSJUIaC7663vAIB8bz495ID)
2026-07-18 10:08:40,682 - __main__ - INFO - Obras department folder: 1pxkkVZK_9XrhMBlKJfgvwYdjrPASagkY
2026-07-18 10:08:40,682 - __main__ - INFO - Obras clients folder: 17GspBkoAYHSJUIaC7663vAIB8bz495ID
2026-07-18 10:08:41,777 - modules.drive_manager - INFO - Folder created: Mantenimiento (ID: 15Ykg8P5i8lHto5TSl2_mCnwuz6u0Vj7f)
2026-07-18 10:08:42,971 - modules.drive_manager - INFO - Folder created: Clientes (ID: 1rIzjgwvLwRIaRc-qbJi4Uubu2DeBpkK_)
2026-07-18 10:08:42,972 - __main__ - INFO - Mantenimiento department folder: 15Ykg8P5i8lHto5TSl2_mCnwuz6u0Vj7f
2026-07-18 10:08:42,972 - __main__ - INFO - Mantenimiento clients folder: 1rIzjgwvLwRIaRc-qbJi4Uubu2DeBpkK_
2026-07-18 10:08:42,972 - __main__ - INFO - 
2026-07-18 10:08:42,972 - __main__ - INFO - ======================================================================
2026-07-18 10:08:42,972 - __main__ - INFO - STEP 2: Setting up spreadsheets
2026-07-18 10:08:42,972 - __main__ - INFO - ======================================================================
2026-07-18 10:08:43,896 - googleapiclient.http - WARNING - Encountered 403 Forbidden with reason "PERMISSION_DENIED"
2026-07-18 10:08:43,897 - modules.sheets_manager - ERROR - Failed to create spreadsheet: <HttpError 403 when requesting https://sheets.googleapis.com/v4/spreadsheets?alt=json returned "Google Sheets API has not been used in project 882169865758 before or it is disabled. Enable it by visiting https://console.developers.google.com/apis/api/sheets.googleapis.com/overview?project=882169865758 then retry. If you enabled this API recently, wait a few minutes for the action to propagate to our systems and retry.". Details: "[{'@type': 'type.googleapis.com/google.rpc.ErrorInfo', 'reason': 'SERVICE_DISABLED', 'domain': 'googleapis.com', 'metadata': {'consumer': 'projects/882169865758', 'activationUrl': 'https://console.developers.google.com/apis/api/sheets.googleapis.com/overview?project=882169865758', 'serviceTitle': 'Google Sheets API', 'containerInfo': '882169865758', 'service': 'sheets.googleapis.com'}}, {'@type': 'type.googleapis.com/google.rpc.LocalizedMessage', 'locale': 'en-US', 'message': 'Google Sheets API has not been used in project 882169865758 before or it is disabled. Enable it by visiting https://console.developers.google.com/apis/api/sheets.googleapis.com/overview?project=882169865758 then retry. If you enabled this API recently, wait a few minutes for the action to propagate to our systems and retry.'}, {'@type': 'type.googleapis.com/google.rpc.Help', 'links': [{'description': 'Google developers console API activation', 'url': 'https://console.developers.google.com/apis/api/sheets.googleapis.com/overview?project=882169865758'}]}]">
2026-07-18 10:08:43,897 - __main__ - ERROR - Execution failed: <HttpError 403 when requesting https://sheets.googleapis.com/v4/spreadsheets?alt=json returned "Google Sheets API has not been used in project 882169865758 before or it is disabled. Enable it by visiting https://console.developers.google.com/apis/api/sheets.googleapis.com/overview?project=882169865758 then retry. If you enabled this API recently, wait a few minutes for the action to propagate to our systems and retry.". Details: "[{'@type': 'type.googleapis.com/google.rpc.ErrorInfo', 'reason': 'SERVICE_DISABLED', 'domain': 'googleapis.com', 'metadata': {'consumer': 'projects/882169865758', 'activationUrl': 'https://console.developers.google.com/apis/api/sheets.googleapis.com/overview?project=882169865758', 'serviceTitle': 'Google Sheets API', 'containerInfo': '882169865758', 'service': 'sheets.googleapis.com'}}, {'@type': 'type.googleapis.com/google.rpc.LocalizedMessage', 'locale': 'en-US', 'message': 'Google Sheets API has not been used in project 882169865758 before or it is disabled. Enable it by visiting https://console.developers.google.com/apis/api/sheets.googleapis.com/overview?project=882169865758 then retry. If you enabled this API recently, wait a few minutes for the action to propagate to our systems and retry.'}, {'@type': 'type.googleapis.com/google.rpc.Help', 'links': [{'description': 'Google developers console API activation', 'url': 'https://console.developers.google.com/apis/api/sheets.googleapis.com/overview?project=882169865758'}]}]">
Traceback (most recent call last):
  File "/home/german/Escritorio/drive fer/proyecto drive fer/main.py", line 313, in run_full_cycle
    self.setup_spreadsheets(root_folder_id)
    ~~~~~~~~~~~~~~~~~~~~~~~^^^^^^^^^^^^^^^^
  File "/home/german/Escritorio/drive fer/proyecto drive fer/main.py", line 113, in setup_spreadsheets
    sheet_id = self.sheets_mgr.get_or_create_spreadsheet(sheet_title, dept_folder_id)
  File "/home/german/Escritorio/drive fer/proyecto drive fer/modules/sheets_manager.py", line 105, in get_or_create_spreadsheet
    return self.create_spreadsheet(title, folder_id)
           ~~~~~~~~~~~~~~~~~~~~~~~^^^^^^^^^^^^^^^^^^
  File "/home/german/Escritorio/drive fer/proyecto drive fer/modules/sheets_manager.py", line 47, in create_spreadsheet
    result = self.sheets_service.spreadsheets().create(body=spreadsheet).execute()
  File "/home/german/Escritorio/drive fer/.venv/lib/python3.14/site-packages/googleapiclient/_helpers.py", line 130, in positional_wrapper
    return wrapped(*args, **kwargs)
  File "/home/german/Escritorio/drive fer/.venv/lib/python3.14/site-packages/googleapiclient/http.py", line 938, in execute
    raise HttpError(resp, content, uri=self.uri)
googleapiclient.errors.HttpError: <HttpError 403 when requesting https://sheets.googleapis.com/v4/spreadsheets?alt=json returned "Google Sheets API has not been used in project 882169865758 before or it is disabled. Enable it by visiting https://console.developers.google.com/apis/api/sheets.googleapis.com/overview?project=882169865758 then retry. If you enabled this API recently, wait a few minutes for the action to propagate to our systems and retry.". Details: "[{'@type': 'type.googleapis.com/google.rpc.ErrorInfo', 'reason': 'SERVICE_DISABLED', 'domain': 'googleapis.com', 'metadata': {'consumer': 'projects/882169865758', 'activationUrl': 'https://console.developers.google.com/apis/api/sheets.googleapis.com/overview?project=882169865758', 'serviceTitle': 'Google Sheets API', 'containerInfo': '882169865758', 'service': 'sheets.googleapis.com'}}, {'@type': 'type.googleapis.com/google.rpc.LocalizedMessage', 'locale': 'en-US', 'message': 'Google Sheets API has not been used in project 882169865758 before or it is disabled. Enable it by visiting https://console.developers.google.com/apis/api/sheets.googleapis.com/overview?project=882169865758 then retry. If you enabled this API recently, wait a few minutes for the action to propagate to our systems and retry.'}, {'@type': 'type.googleapis.com/google.rpc.Help', 'links': [{'description': 'Google developers console API activation', 'url': 'https://console.developers.google.com/apis/api/sheets.googleapis.com/overview?project=882169865758'}]}]">
2026-07-18 10:08:43,898 - alerts - INFO - 
======================================================================
RESUMEN DE EJECUCIÓN - 18/07/2026 10:08:43
======================================================================
Status: FAILED
Error: <HttpError 403 when requesting https://sheets.googleapis.com/v4/spreadsheets?alt=json returned "Google Sheets API has not been used in project 882169865758 before or it is disabled. Enable it by visiting https://console.developers.google.com/apis/api/sheets.googleapis.com/overview?project=882169865758 then retry. If you enabled this API recently, wait a few minutes for the action to propagate to our systems and retry.". Details: "[{'@type': 'type.googleapis.com/google.rpc.ErrorInfo', 'reason': 'SERVICE_DISABLED', 'domain': 'googleapis.com', 'metadata': {'consumer': 'projects/882169865758', 'activationUrl': 'https://console.developers.google.com/apis/api/sheets.googleapis.com/overview?project=882169865758', 'serviceTitle': 'Google Sheets API', 'containerInfo': '882169865758', 'service': 'sheets.googleapis.com'}}, {'@type': 'type.googleapis.com/google.rpc.LocalizedMessage', 'locale': 'en-US', 'message': 'Google Sheets API has not been used in project 882169865758 before or it is disabled. Enable it by visiting https://console.developers.google.com/apis/api/sheets.googleapis.com/overview?project=882169865758 then retry. If you enabled this API recently, wait a few minutes for the action to propagate to our systems and retry.'}, {'@type': 'type.googleapis.com/google.rpc.Help', 'links': [{'description': 'Google developers console API activation', 'url': 'https://console.developers.google.com/apis/api/sheets.googleapis.com/overview?project=882169865758'}]}]">
======================================================================

2026-07-18 10:14:17,260 - menu - INFO - Loaded 1 saved Gmail accounts
2026-07-18 10:14:20,374 - __main__ - INFO - Selected account: germanty123@gmail.com (personal)
2026-07-18 10:14:20,374 - __main__ - INFO - Using token: .gmail_tokens/germanty123_gmail_com_token.json
2026-07-18 10:14:20,374 - modules.auth - INFO - Loading OAuth2 token from: .gmail_tokens/germanty123_gmail_com_token.json
2026-07-18 10:14:20,375 - modules.auth - INFO - OAuth2 authentication successful
2026-07-18 10:14:20,376 - googleapiclient.discovery_cache - INFO - file_cache is only supported with oauth2client<4.0.0
2026-07-18 10:14:20,378 - googleapiclient.discovery_cache - INFO - file_cache is only supported with oauth2client<4.0.0
2026-07-18 10:14:20,380 - googleapiclient.discovery_cache - INFO - file_cache is only supported with oauth2client<4.0.0
2026-07-18 10:14:20,381 - modules.auth - INFO - Successfully authenticated with Google Cloud
2026-07-18 10:14:20,381 - modules.auth - INFO - Authentication method: OAuth2
2026-07-18 10:14:20,381 - modules.drive_manager - INFO - Drive Manager initialized successfully
2026-07-18 10:14:20,381 - modules.sheets_manager - INFO - Sheets Manager initialized successfully
2026-07-18 10:14:20,381 - modules.scheduler - INFO - Scheduler initialized with 3 days threshold
2026-07-18 10:14:20,381 - modules.consolidator - INFO - Consolidator initialized
2026-07-18 10:14:20,381 - modules.notifier - INFO - Notifier initialized
2026-07-18 10:14:20,381 - __main__ - INFO - Application initialized successfully
2026-07-18 10:14:20,381 - __main__ - INFO - 
2026-07-18 10:14:20,381 - __main__ - INFO - ╔====================================================================╗
2026-07-18 10:14:20,381 - __main__ - INFO - ║              PROJECT SCHEDULER - FULL EXECUTION CYCLE              ║
2026-07-18 10:14:20,382 - __main__ - INFO - ╚====================================================================╝
2026-07-18 10:14:20,382 - __main__ - INFO - 
2026-07-18 10:14:20,382 - __main__ - INFO - ======================================================================
2026-07-18 10:14:20,382 - __main__ - INFO - STEP 1: Setting up folder structure
2026-07-18 10:14:20,382 - __main__ - INFO - ======================================================================
2026-07-18 10:14:20,872 - modules.drive_manager - INFO - Folder found: Proyectos_Empresa (ID: 1dMu2WeU3bbzqPEFEAoNySonP1eKTC71u)
2026-07-18 10:14:20,872 - __main__ - INFO - Root folder created with ID: 1dMu2WeU3bbzqPEFEAoNySonP1eKTC71u
2026-07-18 10:14:21,180 - modules.drive_manager - INFO - Folder found: Ingeniería (ID: 1Voz7pY4e1gXbiHrohg8kE7ORywmh9oPe)
2026-07-18 10:14:21,512 - modules.drive_manager - INFO - Folder found: Clientes (ID: 1-pW6dcCmpM7yr9pfNA895HVeLNA87AL9)
2026-07-18 10:14:21,512 - __main__ - INFO - Ingeniería department folder: 1Voz7pY4e1gXbiHrohg8kE7ORywmh9oPe
2026-07-18 10:14:21,512 - __main__ - INFO - Ingeniería clients folder: 1-pW6dcCmpM7yr9pfNA895HVeLNA87AL9
2026-07-18 10:14:21,834 - modules.drive_manager - INFO - Folder found: Obras (ID: 1pxkkVZK_9XrhMBlKJfgvwYdjrPASagkY)
2026-07-18 10:14:22,144 - modules.drive_manager - INFO - Folder found: Clientes (ID: 17GspBkoAYHSJUIaC7663vAIB8bz495ID)
2026-07-18 10:14:22,144 - __main__ - INFO - Obras department folder: 1pxkkVZK_9XrhMBlKJfgvwYdjrPASagkY
2026-07-18 10:14:22,145 - __main__ - INFO - Obras clients folder: 17GspBkoAYHSJUIaC7663vAIB8bz495ID
2026-07-18 10:14:22,473 - modules.drive_manager - INFO - Folder found: Mantenimiento (ID: 15Ykg8P5i8lHto5TSl2_mCnwuz6u0Vj7f)
2026-07-18 10:14:22,817 - modules.drive_manager - INFO - Folder found: Clientes (ID: 1rIzjgwvLwRIaRc-qbJi4Uubu2DeBpkK_)
2026-07-18 10:14:22,817 - __main__ - INFO - Mantenimiento department folder: 15Ykg8P5i8lHto5TSl2_mCnwuz6u0Vj7f
2026-07-18 10:14:22,817 - __main__ - INFO - Mantenimiento clients folder: 1rIzjgwvLwRIaRc-qbJi4Uubu2DeBpkK_
2026-07-18 10:14:22,817 - __main__ - INFO - 
2026-07-18 10:14:22,817 - __main__ - INFO - ======================================================================
2026-07-18 10:14:22,817 - __main__ - INFO - STEP 2: Setting up spreadsheets
2026-07-18 10:14:22,817 - __main__ - INFO - ======================================================================
2026-07-18 10:14:26,260 - modules.sheets_manager - INFO - Spreadsheet created: Cronograma_Ingeniería (ID: 1tPtwduTjRAEmp5CyVxpvZw9zcUh9fAhnvsQbmxYtScU)
2026-07-18 10:14:26,701 - modules.sheets_manager - ERROR - Failed to write data: <HttpError 400 when requesting https://sheets.googleapis.com/v4/spreadsheets/1tPtwduTjRAEmp5CyVxpvZw9zcUh9fAhnvsQbmxYtScU/values/Ingenier%C3%ADa%21A1?valueInputOption=RAW&alt=json returned "Unable to parse range: Ingeniería!A1". Details: "Unable to parse range: Ingeniería!A1">
2026-07-18 10:14:26,702 - __main__ - INFO - Headers created for Ingeniería
2026-07-18 10:14:26,702 - __main__ - INFO - Spreadsheet for Ingeniería: 1tPtwduTjRAEmp5CyVxpvZw9zcUh9fAhnvsQbmxYtScU
2026-07-18 10:14:29,890 - modules.sheets_manager - INFO - Spreadsheet created: Cronograma_Obras (ID: 1K4yNUOomuBCgRDt8kY_r7nhKq8J0FZ-iPtxviluFhoA)
2026-07-18 10:14:30,359 - modules.sheets_manager - ERROR - Failed to write data: <HttpError 400 when requesting https://sheets.googleapis.com/v4/spreadsheets/1K4yNUOomuBCgRDt8kY_r7nhKq8J0FZ-iPtxviluFhoA/values/Obras%21A1?valueInputOption=RAW&alt=json returned "Unable to parse range: Obras!A1". Details: "Unable to parse range: Obras!A1">
2026-07-18 10:14:30,359 - __main__ - INFO - Headers created for Obras
2026-07-18 10:14:30,359 - __main__ - INFO - Spreadsheet for Obras: 1K4yNUOomuBCgRDt8kY_r7nhKq8J0FZ-iPtxviluFhoA
2026-07-18 10:14:33,610 - modules.sheets_manager - INFO - Spreadsheet created: Cronograma_Mantenimiento (ID: 1NmI8DwyPCNe8HsnDBlIu__FL_Peff2N-UYQ946SuBBA)
2026-07-18 10:14:34,053 - modules.sheets_manager - ERROR - Failed to write data: <HttpError 400 when requesting https://sheets.googleapis.com/v4/spreadsheets/1NmI8DwyPCNe8HsnDBlIu__FL_Peff2N-UYQ946SuBBA/values/Mantenimiento%21A1?valueInputOption=RAW&alt=json returned "Unable to parse range: Mantenimiento!A1". Details: "Unable to parse range: Mantenimiento!A1">
2026-07-18 10:14:34,053 - __main__ - INFO - Headers created for Mantenimiento
2026-07-18 10:14:34,053 - __main__ - INFO - Spreadsheet for Mantenimiento: 1NmI8DwyPCNe8HsnDBlIu__FL_Peff2N-UYQ946SuBBA
2026-07-18 10:14:38,741 - modules.sheets_manager - INFO - Spreadsheet created: Cronograma_Maestro (ID: 1yHvzhJCsfi1UZ_XtxOnesgaMakNtsNjvkIMP2gaYDgw)
2026-07-18 10:14:39,134 - modules.sheets_manager - ERROR - Failed to write data: <HttpError 400 when requesting https://sheets.googleapis.com/v4/spreadsheets/1yHvzhJCsfi1UZ_XtxOnesgaMakNtsNjvkIMP2gaYDgw/values/Cronograma_Maestro%21A1?valueInputOption=RAW&alt=json returned "Unable to parse range: Cronograma_Maestro!A1". Details: "Unable to parse range: Cronograma_Maestro!A1">
2026-07-18 10:14:39,134 - __main__ - INFO - Headers created for master schedule
2026-07-18 10:14:39,134 - __main__ - INFO - Master schedule spreadsheet: 1yHvzhJCsfi1UZ_XtxOnesgaMakNtsNjvkIMP2gaYDgw
2026-07-18 10:14:39,134 - __main__ - INFO - 
2026-07-18 10:14:39,135 - __main__ - INFO - ======================================================================
2026-07-18 10:14:39,135 - __main__ - INFO - STEP 3: Consolidating schedules
2026-07-18 10:14:39,135 - __main__ - INFO - ======================================================================
2026-07-18 10:14:41,200 - modules.sheets_manager - ERROR - Failed to read data: <HttpError 400 when requesting https://sheets.googleapis.com/v4/spreadsheets/1tPtwduTjRAEmp5CyVxpvZw9zcUh9fAhnvsQbmxYtScU/values/Ingenier%C3%ADa%21A%3AG?alt=json returned "Unable to parse range: Ingeniería!A:G". Details: "Unable to parse range: Ingeniería!A:G">
2026-07-18 10:14:41,200 - __main__ - INFO - Read 0 rows from Ingeniería
2026-07-18 10:14:41,647 - modules.sheets_manager - ERROR - Failed to read data: <HttpError 400 when requesting https://sheets.googleapis.com/v4/spreadsheets/1K4yNUOomuBCgRDt8kY_r7nhKq8J0FZ-iPtxviluFhoA/values/Obras%21A%3AG?alt=json returned "Unable to parse range: Obras!A:G". Details: "Unable to parse range: Obras!A:G">
2026-07-18 10:14:41,647 - __main__ - INFO - Read 0 rows from Obras
2026-07-18 10:14:42,124 - modules.sheets_manager - ERROR - Failed to read data: <HttpError 400 when requesting https://sheets.googleapis.com/v4/spreadsheets/1NmI8DwyPCNe8HsnDBlIu__FL_Peff2N-UYQ946SuBBA/values/Mantenimiento%21A%3AG?alt=json returned "Unable to parse range: Mantenimiento!A:G". Details: "Unable to parse range: Mantenimiento!A:G">
2026-07-18 10:14:42,125 - __main__ - INFO - Read 0 rows from Mantenimiento
2026-07-18 10:14:42,125 - modules.consolidator - WARNING - No data found for Ingeniería
2026-07-18 10:14:42,126 - modules.consolidator - WARNING - No data found for Obras
2026-07-18 10:14:42,126 - modules.consolidator - WARNING - No data found for Mantenimiento
2026-07-18 10:14:42,127 - modules.consolidator - WARNING - No data to consolidate from any department
2026-07-18 10:14:42,127 - __main__ - WARNING - Consolidated DataFrame is empty
2026-07-18 10:14:42,127 - alerts - INFO - 
======================================================================
RESUMEN DE EJECUCIÓN - 18/07/2026 10:14:42
======================================================================
Status: SUCCESS
Root Folder: 1dMu2WeU3bbzqPEFEAoNySonP1eKTC71u
Departments: 3
Master Schedule: 1yHvzhJCsfi1UZ_XtxOnesgaMakNtsNjvkIMP2gaYDgw
======================================================================

2026-07-18 10:14:42,127 - __main__ - INFO - 
2026-07-18 10:14:42,127 - __main__ - INFO - ✓ Execution completed successfully
2026-07-21 13:08:05,797 - modules.consolidator - INFO - Consolidator initialized
2026-07-21 13:08:05,798 - __main__ - ERROR - Error en main: Carpeta ./logs/excel no encontrada
2026-07-21 13:10:19,994 - menu - INFO - Loaded 1 saved Gmail accounts
2026-07-21 13:10:24,929 - __main__ - INFO - Selected account: germanty123@gmail.com (personal)
2026-07-21 13:10:24,929 - __main__ - INFO - Using token: .gmail_tokens/germanty123_gmail_com_token.json
2026-07-21 13:10:24,929 - modules.auth - INFO - Loading OAuth2 token from: .gmail_tokens/germanty123_gmail_com_token.json
2026-07-21 13:10:25,074 - modules.auth - INFO - Token refreshed successfully
2026-07-21 13:10:25,074 - modules.auth - INFO - OAuth2 authentication successful
2026-07-21 13:10:25,076 - googleapiclient.discovery_cache - INFO - file_cache is only supported with oauth2client<4.0.0
2026-07-21 13:10:25,079 - googleapiclient.discovery_cache - INFO - file_cache is only supported with oauth2client<4.0.0
2026-07-21 13:10:25,083 - googleapiclient.discovery_cache - INFO - file_cache is only supported with oauth2client<4.0.0
2026-07-21 13:10:25,085 - modules.auth - INFO - Successfully authenticated with Google Cloud
2026-07-21 13:10:25,085 - modules.auth - INFO - Authentication method: OAuth2
2026-07-21 13:10:25,085 - modules.drive_manager - INFO - Drive Manager initialized successfully
2026-07-21 13:10:25,085 - modules.sheets_manager - INFO - Sheets Manager initialized successfully
2026-07-21 13:10:25,085 - modules.scheduler - INFO - Scheduler initialized with 3 days threshold
2026-07-21 13:10:25,085 - modules.consolidator - INFO - Consolidator initialized
2026-07-21 13:10:25,085 - modules.notifier - INFO - Notifier initialized
2026-07-21 13:10:25,085 - __main__ - INFO - Application initialized successfully
2026-07-21 13:10:36,377 - __main__ - INFO - 
2026-07-21 13:10:36,377 - __main__ - INFO - ======================================================================
2026-07-21 13:10:36,377 - __main__ - INFO - REPORTE: SEMANA
2026-07-21 13:10:36,377 - __main__ - INFO - ======================================================================
2026-07-21 13:10:36,378 - __main__ - ERROR - Master schedule ID not found
2026-07-21 13:10:48,476 - __main__ - INFO - 
2026-07-21 13:10:48,476 - __main__ - INFO - ======================================================================
2026-07-21 13:10:48,476 - __main__ - INFO - REPORTE: MES
2026-07-21 13:10:48,476 - __main__ - INFO - ======================================================================
2026-07-21 13:10:48,476 - __main__ - ERROR - Master schedule ID not found
2026-07-21 13:10:51,343 - __main__ - INFO - 
2026-07-21 13:10:51,343 - __main__ - INFO - ======================================================================
2026-07-21 13:10:51,343 - __main__ - INFO - REPORTE: DIA
2026-07-21 13:10:51,343 - __main__ - INFO - ======================================================================
2026-07-21 13:10:51,343 - __main__ - ERROR - Master schedule ID not found
2026-07-21 13:10:56,886 - __main__ - INFO - 
2026-07-21 13:10:56,886 - __main__ - INFO - ======================================================================
2026-07-21 13:10:56,887 - __main__ - INFO - REPORTE: GLOBAL
2026-07-21 13:10:56,887 - __main__ - INFO - ======================================================================
2026-07-21 13:10:56,887 - __main__ - ERROR - Master schedule ID not found
2026-07-21 13:14:34,507 - menu - INFO - Loaded 1 saved Gmail accounts
2026-07-21 13:14:36,751 - __main__ - INFO - Selected account: germanty123@gmail.com (personal)
2026-07-21 13:14:36,751 - __main__ - INFO - Using token: .gmail_tokens/germanty123_gmail_com_token.json
2026-07-21 13:14:36,751 - modules.auth - INFO - Loading OAuth2 token from: .gmail_tokens/germanty123_gmail_com_token.json
2026-07-21 13:14:36,904 - modules.auth - INFO - Token refreshed successfully
2026-07-21 13:14:36,904 - modules.auth - INFO - OAuth2 authentication successful
2026-07-21 13:14:36,905 - googleapiclient.discovery_cache - INFO - file_cache is only supported with oauth2client<4.0.0
2026-07-21 13:14:36,908 - googleapiclient.discovery_cache - INFO - file_cache is only supported with oauth2client<4.0.0
2026-07-21 13:14:36,912 - googleapiclient.discovery_cache - INFO - file_cache is only supported with oauth2client<4.0.0
2026-07-21 13:14:36,914 - modules.auth - INFO - Successfully authenticated with Google Cloud
2026-07-21 13:14:36,914 - modules.auth - INFO - Authentication method: OAuth2
2026-07-21 13:14:36,914 - modules.drive_manager - INFO - Drive Manager initialized successfully
2026-07-21 13:14:36,914 - modules.sheets_manager - INFO - Sheets Manager initialized successfully
2026-07-21 13:14:36,914 - modules.scheduler - INFO - Scheduler initialized with 3 days threshold
2026-07-21 13:14:36,914 - modules.consolidator - INFO - Consolidator initialized
2026-07-21 13:14:36,915 - modules.notifier - INFO - Notifier initialized
2026-07-21 13:14:36,915 - __main__ - INFO - Application initialized successfully
2026-07-21 13:14:38,954 - __main__ - INFO - 
2026-07-21 13:14:38,955 - __main__ - INFO - ╔====================================================================╗
2026-07-21 13:14:38,955 - __main__ - INFO - ║              PROJECT SCHEDULER - FULL EXECUTION CYCLE              ║
2026-07-21 13:14:38,955 - __main__ - INFO - ╚====================================================================╝
2026-07-21 13:14:38,955 - __main__ - INFO - 
2026-07-21 13:14:38,955 - __main__ - INFO - ======================================================================
2026-07-21 13:14:38,955 - __main__ - INFO - STEP 1: Setting up folder structure
2026-07-21 13:14:38,955 - __main__ - INFO - ======================================================================
2026-07-21 13:14:39,423 - modules.drive_manager - INFO - Folder found: Proyectos_Empresa (ID: 1dMu2WeU3bbzqPEFEAoNySonP1eKTC71u)
2026-07-21 13:14:39,424 - __main__ - INFO - Root folder created with ID: 1dMu2WeU3bbzqPEFEAoNySonP1eKTC71u
2026-07-21 13:14:39,759 - modules.drive_manager - INFO - Folder found: Ingeniería (ID: 1Voz7pY4e1gXbiHrohg8kE7ORywmh9oPe)
2026-07-21 13:14:40,021 - modules.drive_manager - INFO - Folder found: Clientes (ID: 1-pW6dcCmpM7yr9pfNA895HVeLNA87AL9)
2026-07-21 13:14:40,021 - __main__ - INFO - Ingeniería department folder: 1Voz7pY4e1gXbiHrohg8kE7ORywmh9oPe
2026-07-21 13:14:40,021 - __main__ - INFO - Ingeniería clients folder: 1-pW6dcCmpM7yr9pfNA895HVeLNA87AL9
2026-07-21 13:14:40,319 - modules.drive_manager - INFO - Folder found: Obras (ID: 1pxkkVZK_9XrhMBlKJfgvwYdjrPASagkY)
2026-07-21 13:14:40,684 - modules.drive_manager - INFO - Folder found: Clientes (ID: 17GspBkoAYHSJUIaC7663vAIB8bz495ID)
2026-07-21 13:14:40,685 - __main__ - INFO - Obras department folder: 1pxkkVZK_9XrhMBlKJfgvwYdjrPASagkY
2026-07-21 13:14:40,685 - __main__ - INFO - Obras clients folder: 17GspBkoAYHSJUIaC7663vAIB8bz495ID
2026-07-21 13:14:40,991 - modules.drive_manager - INFO - Folder found: Mantenimiento (ID: 15Ykg8P5i8lHto5TSl2_mCnwuz6u0Vj7f)
2026-07-21 13:14:41,316 - modules.drive_manager - INFO - Folder found: Clientes (ID: 1rIzjgwvLwRIaRc-qbJi4Uubu2DeBpkK_)
2026-07-21 13:14:41,316 - __main__ - INFO - Mantenimiento department folder: 15Ykg8P5i8lHto5TSl2_mCnwuz6u0Vj7f
2026-07-21 13:14:41,316 - __main__ - INFO - Mantenimiento clients folder: 1rIzjgwvLwRIaRc-qbJi4Uubu2DeBpkK_
2026-07-21 13:14:41,316 - __main__ - INFO - 
2026-07-21 13:14:41,316 - __main__ - INFO - ======================================================================
2026-07-21 13:14:41,316 - __main__ - INFO - STEP 2: Setting up spreadsheets
2026-07-21 13:14:41,316 - __main__ - INFO - ======================================================================
2026-07-21 13:14:41,844 - modules.sheets_manager - INFO - Spreadsheet found: Cronograma_Ingeniería (ID: 1tPtwduTjRAEmp5CyVxpvZw9zcUh9fAhnvsQbmxYtScU)
2026-07-21 13:14:42,680 - modules.sheets_manager - ERROR - Failed to write data: <HttpError 400 when requesting https://sheets.googleapis.com/v4/spreadsheets/1tPtwduTjRAEmp5CyVxpvZw9zcUh9fAhnvsQbmxYtScU/values/Ingenier%C3%ADa%21A1?valueInputOption=RAW&alt=json returned "Unable to parse range: Ingeniería!A1". Details: "Unable to parse range: Ingeniería!A1">
2026-07-21 13:14:42,680 - __main__ - INFO - Headers created for Ingeniería
2026-07-21 13:14:42,680 - __main__ - INFO - Spreadsheet for Ingeniería: 1tPtwduTjRAEmp5CyVxpvZw9zcUh9fAhnvsQbmxYtScU
2026-07-21 13:14:43,358 - modules.sheets_manager - INFO - Spreadsheet found: Cronograma_Obras (ID: 1K4yNUOomuBCgRDt8kY_r7nhKq8J0FZ-iPtxviluFhoA)
2026-07-21 13:14:43,877 - modules.sheets_manager - ERROR - Failed to write data: <HttpError 400 when requesting https://sheets.googleapis.com/v4/spreadsheets/1K4yNUOomuBCgRDt8kY_r7nhKq8J0FZ-iPtxviluFhoA/values/Obras%21A1?valueInputOption=RAW&alt=json returned "Unable to parse range: Obras!A1". Details: "Unable to parse range: Obras!A1">
2026-07-21 13:14:43,878 - __main__ - INFO - Headers created for Obras
2026-07-21 13:14:43,878 - __main__ - INFO - Spreadsheet for Obras: 1K4yNUOomuBCgRDt8kY_r7nhKq8J0FZ-iPtxviluFhoA
2026-07-21 13:14:44,294 - modules.sheets_manager - INFO - Spreadsheet found: Cronograma_Mantenimiento (ID: 1NmI8DwyPCNe8HsnDBlIu__FL_Peff2N-UYQ946SuBBA)
2026-07-21 13:14:44,811 - modules.sheets_manager - ERROR - Failed to write data: <HttpError 400 when requesting https://sheets.googleapis.com/v4/spreadsheets/1NmI8DwyPCNe8HsnDBlIu__FL_Peff2N-UYQ946SuBBA/values/Mantenimiento%21A1?valueInputOption=RAW&alt=json returned "Unable to parse range: Mantenimiento!A1". Details: "Unable to parse range: Mantenimiento!A1">
2026-07-21 13:14:44,811 - __main__ - INFO - Headers created for Mantenimiento
2026-07-21 13:14:44,811 - __main__ - INFO - Spreadsheet for Mantenimiento: 1NmI8DwyPCNe8HsnDBlIu__FL_Peff2N-UYQ946SuBBA
2026-07-21 13:14:45,241 - modules.sheets_manager - INFO - Spreadsheet found: Cronograma_Maestro (ID: 1yHvzhJCsfi1UZ_XtxOnesgaMakNtsNjvkIMP2gaYDgw)
2026-07-21 13:14:45,857 - modules.sheets_manager - ERROR - Failed to write data: <HttpError 400 when requesting https://sheets.googleapis.com/v4/spreadsheets/1yHvzhJCsfi1UZ_XtxOnesgaMakNtsNjvkIMP2gaYDgw/values/Cronograma_Maestro%21A1?valueInputOption=RAW&alt=json returned "Unable to parse range: Cronograma_Maestro!A1". Details: "Unable to parse range: Cronograma_Maestro!A1">
2026-07-21 13:14:45,857 - __main__ - INFO - Headers created for master schedule
2026-07-21 13:14:45,857 - __main__ - INFO - Master schedule spreadsheet: 1yHvzhJCsfi1UZ_XtxOnesgaMakNtsNjvkIMP2gaYDgw
2026-07-21 13:14:45,857 - __main__ - INFO - 
2026-07-21 13:14:45,857 - __main__ - INFO - ======================================================================
2026-07-21 13:14:45,858 - __main__ - INFO - STEP 3: Consolidating schedules
2026-07-21 13:14:45,858 - __main__ - INFO - ======================================================================
2026-07-21 13:14:46,152 - modules.sheets_manager - ERROR - Failed to read data: <HttpError 400 when requesting https://sheets.googleapis.com/v4/spreadsheets/1tPtwduTjRAEmp5CyVxpvZw9zcUh9fAhnvsQbmxYtScU/values/Ingenier%C3%ADa%21A%3AG?alt=json returned "Unable to parse range: Ingeniería!A:G". Details: "Unable to parse range: Ingeniería!A:G">
2026-07-21 13:14:46,152 - __main__ - INFO - Read 0 rows from Ingeniería
2026-07-21 13:14:46,525 - modules.sheets_manager - ERROR - Failed to read data: <HttpError 400 when requesting https://sheets.googleapis.com/v4/spreadsheets/1K4yNUOomuBCgRDt8kY_r7nhKq8J0FZ-iPtxviluFhoA/values/Obras%21A%3AG?alt=json returned "Unable to parse range: Obras!A:G". Details: "Unable to parse range: Obras!A:G">
2026-07-21 13:14:46,525 - __main__ - INFO - Read 0 rows from Obras
2026-07-21 13:14:46,893 - modules.sheets_manager - ERROR - Failed to read data: <HttpError 400 when requesting https://sheets.googleapis.com/v4/spreadsheets/1NmI8DwyPCNe8HsnDBlIu__FL_Peff2N-UYQ946SuBBA/values/Mantenimiento%21A%3AG?alt=json returned "Unable to parse range: Mantenimiento!A:G". Details: "Unable to parse range: Mantenimiento!A:G">
2026-07-21 13:14:46,894 - __main__ - INFO - Read 0 rows from Mantenimiento
2026-07-21 13:14:46,894 - modules.consolidator - WARNING - No data found for Ingeniería
2026-07-21 13:14:46,894 - modules.consolidator - WARNING - No data found for Obras
2026-07-21 13:14:46,895 - modules.consolidator - WARNING - No data found for Mantenimiento
2026-07-21 13:14:46,895 - modules.consolidator - WARNING - No data to consolidate from any department
2026-07-21 13:14:46,896 - __main__ - WARNING - Consolidated DataFrame is empty
2026-07-21 13:14:46,896 - alerts - INFO - 
======================================================================
RESUMEN DE EJECUCIÓN - 21/07/2026 13:14:46
======================================================================
Status: SUCCESS
Root Folder: 1dMu2WeU3bbzqPEFEAoNySonP1eKTC71u
Departments: 3
Master Schedule: 1yHvzhJCsfi1UZ_XtxOnesgaMakNtsNjvkIMP2gaYDgw
======================================================================

2026-07-21 13:14:46,896 - __main__ - INFO - 
2026-07-21 13:14:46,896 - __main__ - INFO - ✓ Execution completed successfully
2026-07-21 13:16:05,956 - menu - INFO - Loaded 1 saved Gmail accounts
2026-07-21 13:16:08,410 - __main__ - INFO - Selected account: germanty123@gmail.com (personal)
2026-07-21 13:16:08,411 - __main__ - INFO - Using token: .gmail_tokens/germanty123_gmail_com_token.json
2026-07-21 13:16:08,411 - modules.auth - INFO - Loading OAuth2 token from: .gmail_tokens/germanty123_gmail_com_token.json
2026-07-21 13:16:08,542 - modules.auth - INFO - Token refreshed successfully
2026-07-21 13:16:08,542 - modules.auth - INFO - OAuth2 authentication successful
2026-07-21 13:16:08,544 - googleapiclient.discovery_cache - INFO - file_cache is only supported with oauth2client<4.0.0
2026-07-21 13:16:08,548 - googleapiclient.discovery_cache - INFO - file_cache is only supported with oauth2client<4.0.0
2026-07-21 13:16:08,554 - googleapiclient.discovery_cache - INFO - file_cache is only supported with oauth2client<4.0.0
2026-07-21 13:16:08,556 - modules.auth - INFO - Successfully authenticated with Google Cloud
2026-07-21 13:16:08,556 - modules.auth - INFO - Authentication method: OAuth2
2026-07-21 13:16:08,556 - modules.drive_manager - INFO - Drive Manager initialized successfully
2026-07-21 13:16:08,556 - modules.sheets_manager - INFO - Sheets Manager initialized successfully
2026-07-21 13:16:08,556 - modules.scheduler - INFO - Scheduler initialized with 3 days threshold
2026-07-21 13:16:08,556 - modules.consolidator - INFO - Consolidator initialized
2026-07-21 13:16:08,557 - modules.notifier - INFO - Notifier initialized
2026-07-21 13:16:08,557 - __main__ - INFO - Application initialized successfully
2026-07-21 13:16:09,924 - __main__ - INFO - 
2026-07-21 13:16:09,925 - __main__ - INFO - ╔====================================================================╗
2026-07-21 13:16:09,925 - __main__ - INFO - ║              PROJECT SCHEDULER - FULL EXECUTION CYCLE              ║
2026-07-21 13:16:09,925 - __main__ - INFO - ╚====================================================================╝
2026-07-21 13:16:09,925 - __main__ - INFO - 
2026-07-21 13:16:09,925 - __main__ - INFO - ======================================================================
2026-07-21 13:16:09,925 - __main__ - INFO - STEP 1: Setting up folder structure
2026-07-21 13:16:09,925 - __main__ - INFO - ======================================================================
2026-07-21 13:16:10,604 - modules.drive_manager - INFO - Folder found: Proyectos_Empresa (ID: 1dMu2WeU3bbzqPEFEAoNySonP1eKTC71u)
2026-07-21 13:16:10,604 - __main__ - INFO - Root folder created with ID: 1dMu2WeU3bbzqPEFEAoNySonP1eKTC71u
2026-07-21 13:16:10,877 - modules.drive_manager - INFO - Folder found: Ingeniería (ID: 1Voz7pY4e1gXbiHrohg8kE7ORywmh9oPe)
2026-07-21 13:16:11,153 - modules.drive_manager - INFO - Folder found: Clientes (ID: 1-pW6dcCmpM7yr9pfNA895HVeLNA87AL9)
2026-07-21 13:16:11,153 - __main__ - INFO - Ingeniería department folder: 1Voz7pY4e1gXbiHrohg8kE7ORywmh9oPe
2026-07-21 13:16:11,153 - __main__ - INFO - Ingeniería clients folder: 1-pW6dcCmpM7yr9pfNA895HVeLNA87AL9
2026-07-21 13:16:11,488 - modules.drive_manager - INFO - Folder found: Obras (ID: 1pxkkVZK_9XrhMBlKJfgvwYdjrPASagkY)
2026-07-21 13:16:11,761 - modules.drive_manager - INFO - Folder found: Clientes (ID: 17GspBkoAYHSJUIaC7663vAIB8bz495ID)
2026-07-21 13:16:11,761 - __main__ - INFO - Obras department folder: 1pxkkVZK_9XrhMBlKJfgvwYdjrPASagkY
2026-07-21 13:16:11,761 - __main__ - INFO - Obras clients folder: 17GspBkoAYHSJUIaC7663vAIB8bz495ID
2026-07-21 13:16:12,040 - modules.drive_manager - INFO - Folder found: Mantenimiento (ID: 15Ykg8P5i8lHto5TSl2_mCnwuz6u0Vj7f)
2026-07-21 13:16:12,365 - modules.drive_manager - INFO - Folder found: Clientes (ID: 1rIzjgwvLwRIaRc-qbJi4Uubu2DeBpkK_)
2026-07-21 13:16:12,365 - __main__ - INFO - Mantenimiento department folder: 15Ykg8P5i8lHto5TSl2_mCnwuz6u0Vj7f
2026-07-21 13:16:12,365 - __main__ - INFO - Mantenimiento clients folder: 1rIzjgwvLwRIaRc-qbJi4Uubu2DeBpkK_
2026-07-21 13:16:12,365 - __main__ - INFO - 
2026-07-21 13:16:12,365 - __main__ - INFO - ======================================================================
2026-07-21 13:16:12,365 - __main__ - INFO - STEP 2: Setting up spreadsheets
2026-07-21 13:16:12,365 - __main__ - INFO - ======================================================================
2026-07-21 13:16:12,749 - modules.sheets_manager - INFO - Spreadsheet found: Cronograma_Ingeniería (ID: 1tPtwduTjRAEmp5CyVxpvZw9zcUh9fAhnvsQbmxYtScU)
2026-07-21 13:16:13,585 - modules.sheets_manager - ERROR - Failed to write data: <HttpError 400 when requesting https://sheets.googleapis.com/v4/spreadsheets/1tPtwduTjRAEmp5CyVxpvZw9zcUh9fAhnvsQbmxYtScU/values/%27Ingenier%C3%ADa%27%21A1?valueInputOption=RAW&alt=json returned "Unable to parse range: 'Ingeniería'!A1". Details: "Unable to parse range: 'Ingeniería'!A1">
2026-07-21 13:16:13,585 - __main__ - INFO - Headers created for Ingeniería
2026-07-21 13:16:13,585 - __main__ - INFO - Spreadsheet for Ingeniería: 1tPtwduTjRAEmp5CyVxpvZw9zcUh9fAhnvsQbmxYtScU
2026-07-21 13:16:13,965 - modules.sheets_manager - INFO - Spreadsheet found: Cronograma_Obras (ID: 1K4yNUOomuBCgRDt8kY_r7nhKq8J0FZ-iPtxviluFhoA)
2026-07-21 13:16:14,334 - modules.sheets_manager - ERROR - Failed to write data: <HttpError 400 when requesting https://sheets.googleapis.com/v4/spreadsheets/1K4yNUOomuBCgRDt8kY_r7nhKq8J0FZ-iPtxviluFhoA/values/Obras%21A1?valueInputOption=RAW&alt=json returned "Unable to parse range: Obras!A1". Details: "Unable to parse range: Obras!A1">
2026-07-21 13:16:14,334 - __main__ - INFO - Headers created for Obras
2026-07-21 13:16:14,334 - __main__ - INFO - Spreadsheet for Obras: 1K4yNUOomuBCgRDt8kY_r7nhKq8J0FZ-iPtxviluFhoA
2026-07-21 13:16:14,719 - modules.sheets_manager - INFO - Spreadsheet found: Cronograma_Mantenimiento (ID: 1NmI8DwyPCNe8HsnDBlIu__FL_Peff2N-UYQ946SuBBA)
2026-07-21 13:16:14,999 - modules.sheets_manager - ERROR - Failed to write data: <HttpError 400 when requesting https://sheets.googleapis.com/v4/spreadsheets/1NmI8DwyPCNe8HsnDBlIu__FL_Peff2N-UYQ946SuBBA/values/Mantenimiento%21A1?valueInputOption=RAW&alt=json returned "Unable to parse range: Mantenimiento!A1". Details: "Unable to parse range: Mantenimiento!A1">
2026-07-21 13:16:14,999 - __main__ - INFO - Headers created for Mantenimiento
2026-07-21 13:16:14,999 - __main__ - INFO - Spreadsheet for Mantenimiento: 1NmI8DwyPCNe8HsnDBlIu__FL_Peff2N-UYQ946SuBBA
2026-07-21 13:16:15,507 - modules.sheets_manager - INFO - Spreadsheet found: Cronograma_Maestro (ID: 1yHvzhJCsfi1UZ_XtxOnesgaMakNtsNjvkIMP2gaYDgw)
2026-07-21 13:16:15,856 - modules.sheets_manager - ERROR - Failed to write data: <HttpError 400 when requesting https://sheets.googleapis.com/v4/spreadsheets/1yHvzhJCsfi1UZ_XtxOnesgaMakNtsNjvkIMP2gaYDgw/values/Cronograma_Maestro%21A1?valueInputOption=RAW&alt=json returned "Unable to parse range: Cronograma_Maestro!A1". Details: "Unable to parse range: Cronograma_Maestro!A1">
2026-07-21 13:16:15,856 - __main__ - INFO - Headers created for master schedule
2026-07-21 13:16:15,856 - __main__ - INFO - Master schedule spreadsheet: 1yHvzhJCsfi1UZ_XtxOnesgaMakNtsNjvkIMP2gaYDgw
2026-07-21 13:16:15,857 - __main__ - INFO - 
2026-07-21 13:16:15,857 - __main__ - INFO - ======================================================================
2026-07-21 13:16:15,857 - __main__ - INFO - STEP 3: Consolidating schedules
2026-07-21 13:16:15,857 - __main__ - INFO - ======================================================================
2026-07-21 13:16:16,150 - modules.sheets_manager - ERROR - Failed to read data: <HttpError 400 when requesting https://sheets.googleapis.com/v4/spreadsheets/1tPtwduTjRAEmp5CyVxpvZw9zcUh9fAhnvsQbmxYtScU/values/%27Ingenier%C3%ADa%27%21A%3AG?alt=json returned "Unable to parse range: 'Ingeniería'!A:G". Details: "Unable to parse range: 'Ingeniería'!A:G">
2026-07-21 13:16:16,150 - __main__ - INFO - Read 0 rows from Ingeniería
2026-07-21 13:16:16,482 - modules.sheets_manager - ERROR - Failed to read data: <HttpError 400 when requesting https://sheets.googleapis.com/v4/spreadsheets/1K4yNUOomuBCgRDt8kY_r7nhKq8J0FZ-iPtxviluFhoA/values/Obras%21A%3AG?alt=json returned "Unable to parse range: Obras!A:G". Details: "Unable to parse range: Obras!A:G">
2026-07-21 13:16:16,482 - __main__ - INFO - Read 0 rows from Obras
2026-07-21 13:16:16,759 - modules.sheets_manager - ERROR - Failed to read data: <HttpError 400 when requesting https://sheets.googleapis.com/v4/spreadsheets/1NmI8DwyPCNe8HsnDBlIu__FL_Peff2N-UYQ946SuBBA/values/Mantenimiento%21A%3AG?alt=json returned "Unable to parse range: Mantenimiento!A:G". Details: "Unable to parse range: Mantenimiento!A:G">
2026-07-21 13:16:16,759 - __main__ - INFO - Read 0 rows from Mantenimiento
2026-07-21 13:16:16,759 - modules.consolidator - WARNING - No data found for Ingeniería
2026-07-21 13:16:16,760 - modules.consolidator - WARNING - No data found for Obras
2026-07-21 13:16:16,760 - modules.consolidator - WARNING - No data found for Mantenimiento
2026-07-21 13:16:16,761 - modules.consolidator - WARNING - No data to consolidate from any department
2026-07-21 13:16:16,761 - __main__ - WARNING - Consolidated DataFrame is empty
2026-07-21 13:16:16,761 - alerts - INFO - 
======================================================================
RESUMEN DE EJECUCIÓN - 21/07/2026 13:16:16
======================================================================
Status: SUCCESS
Root Folder: 1dMu2WeU3bbzqPEFEAoNySonP1eKTC71u
Departments: 3
Master Schedule: 1yHvzhJCsfi1UZ_XtxOnesgaMakNtsNjvkIMP2gaYDgw
======================================================================

2026-07-21 13:16:16,761 - __main__ - INFO - 
2026-07-21 13:16:16,761 - __main__ - INFO - ✓ Execution completed successfully
2026-07-21 13:22:02,022 - menu - INFO - Loaded 1 saved Gmail accounts
2026-07-21 13:22:20,275 - __main__ - INFO - Selected account: germanty123@gmail.com (personal)
2026-07-21 13:22:20,275 - __main__ - INFO - Using token: .gmail_tokens/germanty123_gmail_com_token.json
2026-07-21 13:22:20,275 - modules.auth - INFO - Loading OAuth2 token from: .gmail_tokens/germanty123_gmail_com_token.json
2026-07-21 13:22:20,420 - modules.auth - INFO - Token refreshed successfully
2026-07-21 13:22:20,420 - modules.auth - INFO - OAuth2 authentication successful
2026-07-21 13:22:20,422 - googleapiclient.discovery_cache - INFO - file_cache is only supported with oauth2client<4.0.0
2026-07-21 13:22:20,425 - googleapiclient.discovery_cache - INFO - file_cache is only supported with oauth2client<4.0.0
2026-07-21 13:22:20,429 - googleapiclient.discovery_cache - INFO - file_cache is only supported with oauth2client<4.0.0
2026-07-21 13:22:20,431 - modules.auth - INFO - Successfully authenticated with Google Cloud
2026-07-21 13:22:20,431 - modules.auth - INFO - Authentication method: OAuth2
2026-07-21 13:22:20,431 - modules.drive_manager - INFO - Drive Manager initialized successfully
2026-07-21 13:22:20,431 - modules.sheets_manager - INFO - Sheets Manager initialized successfully
2026-07-21 13:22:20,431 - modules.scheduler - INFO - Scheduler initialized with 3 days threshold
2026-07-21 13:22:20,431 - modules.consolidator - INFO - Consolidator initialized
2026-07-21 13:22:20,432 - modules.notifier - INFO - Notifier initialized
2026-07-21 13:22:20,432 - __main__ - INFO - Application initialized successfully
2026-07-21 13:22:26,647 - __main__ - INFO - 
2026-07-21 13:22:26,647 - __main__ - INFO - ╔====================================================================╗
2026-07-21 13:22:26,647 - __main__ - INFO - ║              PROJECT SCHEDULER - FULL EXECUTION CYCLE              ║
2026-07-21 13:22:26,647 - __main__ - INFO - ╚====================================================================╝
2026-07-21 13:22:26,647 - __main__ - INFO - 
2026-07-21 13:22:26,647 - __main__ - INFO - ======================================================================
2026-07-21 13:22:26,647 - __main__ - INFO - STEP 1: Setting up folder structure
2026-07-21 13:22:26,647 - __main__ - INFO - ======================================================================
2026-07-21 13:22:27,141 - modules.drive_manager - INFO - Folder found: Proyectos_Empresa (ID: 1dMu2WeU3bbzqPEFEAoNySonP1eKTC71u)
2026-07-21 13:22:27,141 - __main__ - INFO - Root folder created with ID: 1dMu2WeU3bbzqPEFEAoNySonP1eKTC71u
2026-07-21 13:22:27,476 - modules.drive_manager - INFO - Folder found: Ingenieria (ID: 1Voz7pY4e1gXbiHrohg8kE7ORywmh9oPe)
2026-07-21 13:22:27,781 - modules.drive_manager - INFO - Folder found: Clientes (ID: 1-pW6dcCmpM7yr9pfNA895HVeLNA87AL9)
2026-07-21 13:22:27,781 - __main__ - INFO - Ingenieria department folder: 1Voz7pY4e1gXbiHrohg8kE7ORywmh9oPe
2026-07-21 13:22:27,781 - __main__ - INFO - Ingenieria clients folder: 1-pW6dcCmpM7yr9pfNA895HVeLNA87AL9
2026-07-21 13:22:28,085 - modules.drive_manager - INFO - Folder found: Obras (ID: 1pxkkVZK_9XrhMBlKJfgvwYdjrPASagkY)
2026-07-21 13:22:28,404 - modules.drive_manager - INFO - Folder found: Clientes (ID: 17GspBkoAYHSJUIaC7663vAIB8bz495ID)
2026-07-21 13:22:28,404 - __main__ - INFO - Obras department folder: 1pxkkVZK_9XrhMBlKJfgvwYdjrPASagkY
2026-07-21 13:22:28,404 - __main__ - INFO - Obras clients folder: 17GspBkoAYHSJUIaC7663vAIB8bz495ID
2026-07-21 13:22:28,719 - modules.drive_manager - INFO - Folder found: Mantenimiento (ID: 15Ykg8P5i8lHto5TSl2_mCnwuz6u0Vj7f)
2026-07-21 13:22:29,002 - modules.drive_manager - INFO - Folder found: Clientes (ID: 1rIzjgwvLwRIaRc-qbJi4Uubu2DeBpkK_)
2026-07-21 13:22:29,003 - __main__ - INFO - Mantenimiento department folder: 15Ykg8P5i8lHto5TSl2_mCnwuz6u0Vj7f
2026-07-21 13:22:29,003 - __main__ - INFO - Mantenimiento clients folder: 1rIzjgwvLwRIaRc-qbJi4Uubu2DeBpkK_
2026-07-21 13:22:29,003 - __main__ - INFO - 
2026-07-21 13:22:29,003 - __main__ - INFO - ======================================================================
2026-07-21 13:22:29,003 - __main__ - INFO - STEP 2: Setting up spreadsheets
2026-07-21 13:22:29,003 - __main__ - INFO - ======================================================================
2026-07-21 13:22:32,472 - modules.sheets_manager - INFO - Spreadsheet created: Cronograma_Ingenieria (ID: 1c9kxSxwPG3huAebtoMKoopB8Zprzcm5ncFwcq4ipl3w)
2026-07-21 13:22:32,876 - modules.sheets_manager - INFO - Sheet names for 1c9kxSxwPG3huAebtoMKoopB8Zprzcm5ncFwcq4ipl3w: ['Hoja 1']
2026-07-21 13:22:33,383 - modules.sheets_manager - INFO - Sheet renamed: 'Hoja 1' → 'Ingenieria'
2026-07-21 13:22:33,384 - modules.sheets_manager - INFO - First sheet renamed to 'Ingenieria'
2026-07-21 13:22:33,657 - modules.sheets_manager - INFO - Data written to 1c9kxSxwPG3huAebtoMKoopB8Zprzcm5ncFwcq4ipl3w: Ingenieria!A1 (1 rows)
2026-07-21 13:22:33,657 - __main__ - INFO - Headers created for Ingenieria
2026-07-21 13:22:33,657 - __main__ - INFO - Spreadsheet for Ingenieria: 1c9kxSxwPG3huAebtoMKoopB8Zprzcm5ncFwcq4ipl3w
2026-07-21 13:22:34,086 - modules.sheets_manager - INFO - Spreadsheet found: Cronograma_Obras (ID: 1K4yNUOomuBCgRDt8kY_r7nhKq8J0FZ-iPtxviluFhoA)
2026-07-21 13:22:34,857 - modules.sheets_manager - INFO - Sheet names for 1K4yNUOomuBCgRDt8kY_r7nhKq8J0FZ-iPtxviluFhoA: ['Hoja 1']
2026-07-21 13:22:35,529 - modules.sheets_manager - INFO - Sheet renamed: 'Hoja 1' → 'Obras'
2026-07-21 13:22:35,529 - modules.sheets_manager - INFO - First sheet renamed to 'Obras'
2026-07-21 13:22:36,390 - modules.sheets_manager - INFO - Data written to 1K4yNUOomuBCgRDt8kY_r7nhKq8J0FZ-iPtxviluFhoA: Obras!A1 (1 rows)
2026-07-21 13:22:36,390 - __main__ - INFO - Headers created for Obras
2026-07-21 13:22:36,390 - __main__ - INFO - Spreadsheet for Obras: 1K4yNUOomuBCgRDt8kY_r7nhKq8J0FZ-iPtxviluFhoA
2026-07-21 13:22:36,809 - modules.sheets_manager - INFO - Spreadsheet found: Cronograma_Mantenimiento (ID: 1NmI8DwyPCNe8HsnDBlIu__FL_Peff2N-UYQ946SuBBA)
2026-07-21 13:22:37,396 - modules.sheets_manager - INFO - Sheet names for 1NmI8DwyPCNe8HsnDBlIu__FL_Peff2N-UYQ946SuBBA: ['Hoja 1']
2026-07-21 13:22:38,026 - modules.sheets_manager - INFO - Sheet renamed: 'Hoja 1' → 'Mantenimiento'
2026-07-21 13:22:38,027 - modules.sheets_manager - INFO - First sheet renamed to 'Mantenimiento'
2026-07-21 13:22:38,576 - modules.sheets_manager - INFO - Data written to 1NmI8DwyPCNe8HsnDBlIu__FL_Peff2N-UYQ946SuBBA: Mantenimiento!A1 (1 rows)
2026-07-21 13:22:38,576 - __main__ - INFO - Headers created for Mantenimiento
2026-07-21 13:22:38,577 - __main__ - INFO - Spreadsheet for Mantenimiento: 1NmI8DwyPCNe8HsnDBlIu__FL_Peff2N-UYQ946SuBBA
2026-07-21 13:22:39,061 - modules.sheets_manager - INFO - Spreadsheet found: Cronograma_Maestro (ID: 1yHvzhJCsfi1UZ_XtxOnesgaMakNtsNjvkIMP2gaYDgw)
2026-07-21 13:22:39,719 - modules.sheets_manager - INFO - Sheet names for 1yHvzhJCsfi1UZ_XtxOnesgaMakNtsNjvkIMP2gaYDgw: ['Hoja 1']
2026-07-21 13:22:40,406 - modules.sheets_manager - INFO - Sheet renamed: 'Hoja 1' → 'Cronograma_Maestro'
2026-07-21 13:22:40,406 - modules.sheets_manager - INFO - First sheet renamed to 'Cronograma_Maestro'
2026-07-21 13:22:40,962 - modules.sheets_manager - INFO - Data written to 1yHvzhJCsfi1UZ_XtxOnesgaMakNtsNjvkIMP2gaYDgw: Cronograma_Maestro!A1 (1 rows)
2026-07-21 13:22:40,962 - __main__ - INFO - Headers created for master schedule
2026-07-21 13:22:40,962 - __main__ - INFO - Master schedule spreadsheet: 1yHvzhJCsfi1UZ_XtxOnesgaMakNtsNjvkIMP2gaYDgw
2026-07-21 13:22:40,962 - __main__ - INFO - 
2026-07-21 13:22:40,962 - __main__ - INFO - ======================================================================
2026-07-21 13:22:40,962 - __main__ - INFO - STEP 3: Consolidating schedules
2026-07-21 13:22:40,962 - __main__ - INFO - ======================================================================
2026-07-21 13:22:41,364 - modules.sheets_manager - INFO - Sheet names for 1c9kxSxwPG3huAebtoMKoopB8Zprzcm5ncFwcq4ipl3w: ['Ingenieria']
2026-07-21 13:22:41,622 - modules.sheets_manager - INFO - Data read from 1c9kxSxwPG3huAebtoMKoopB8Zprzcm5ncFwcq4ipl3w: Ingenieria!A:G (1 rows)
2026-07-21 13:22:41,622 - __main__ - INFO - Read 1 rows from Ingenieria
2026-07-21 13:22:41,911 - modules.sheets_manager - INFO - Sheet names for 1K4yNUOomuBCgRDt8kY_r7nhKq8J0FZ-iPtxviluFhoA: ['Obras']
2026-07-21 13:22:42,251 - modules.sheets_manager - INFO - Data read from 1K4yNUOomuBCgRDt8kY_r7nhKq8J0FZ-iPtxviluFhoA: Obras!A:G (16 rows)
2026-07-21 13:22:42,251 - __main__ - INFO - Read 16 rows from Obras
2026-07-21 13:22:42,480 - modules.sheets_manager - INFO - Sheet names for 1NmI8DwyPCNe8HsnDBlIu__FL_Peff2N-UYQ946SuBBA: ['Mantenimiento']
2026-07-21 13:22:42,779 - modules.sheets_manager - INFO - Data read from 1NmI8DwyPCNe8HsnDBlIu__FL_Peff2N-UYQ946SuBBA: Mantenimiento!A:G (16 rows)
2026-07-21 13:22:42,779 - __main__ - INFO - Read 16 rows from Mantenimiento
2026-07-21 13:22:42,779 - modules.consolidator - WARNING - No data found for Ingenieria
2026-07-21 13:22:42,781 - modules.consolidator - INFO - Prepared 15 rows from Obras
2026-07-21 13:22:42,782 - modules.consolidator - INFO - Prepared 15 rows from Mantenimiento
2026-07-21 13:22:42,785 - modules.consolidator - INFO - Consolidated 30 total projects from all departments
2026-07-21 13:22:42,787 - modules.consolidator - INFO - Data validation: FAILED (1 errors)
2026-07-21 13:22:42,787 - __main__ - WARNING - Data validation issues: ['Invalid states found: 2026-07-03 0:00:00, 2026-06-08 0:00:00, 2026-07-12 0:00:00, 2026-05-15 0:00:00, 2026-07-16 0:00:00, 2026-06-20 0:00:00, 2026-07-08 0:00:00, 2026-04-20 0:00:00, 2026-07-05 0:00:00, 2026-06-28 0:00:00, 2026-07-14 0:00:00, 2026-05-10 0:00:00, 2026-07-10 0:00:00, 2026-06-15 0:00:00, 2026-07-18 0:00:00, 2026-07-02 0:00:00, 2026-06-10 0:00:00, 2026-07-15 0:00:00, 2026-05-28 0:00:00, 2026-04-05 0:00:00, 2026-06-18 0:00:00, 2026-05-12 0:00:00, 2026-06-25 0:00:00']
2026-07-21 13:22:43,005 - modules.sheets_manager - INFO - Sheet names for 1yHvzhJCsfi1UZ_XtxOnesgaMakNtsNjvkIMP2gaYDgw: ['Cronograma_Maestro']
2026-07-21 13:22:43,271 - modules.sheets_manager - INFO - Data cleared from 1yHvzhJCsfi1UZ_XtxOnesgaMakNtsNjvkIMP2gaYDgw: Cronograma_Maestro!A2:H
2026-07-21 13:22:43,541 - modules.sheets_manager - ERROR - Failed to write data: <HttpError 400 when requesting https://sheets.googleapis.com/v4/spreadsheets/1yHvzhJCsfi1UZ_XtxOnesgaMakNtsNjvkIMP2gaYDgw/values/Cronograma_Maestro%21A1?valueInputOption=RAW&alt=json returned "Invalid JSON payload received. Unexpected token.
026-07-03 0:00:00", NaN, "Obras"], ["210
                    ^". Details: "Invalid JSON payload received. Unexpected token.
026-07-03 0:00:00", NaN, "Obras"], ["210
                    ^">
2026-07-21 13:22:43,541 - __main__ - INFO - Consolidated 30 projects to master schedule
2026-07-21 13:22:43,545 - modules.consolidator - INFO - Generated summaries for 2 departments
2026-07-21 13:22:43,545 - __main__ - INFO - Obras: {'departamento': 'Obras', 'total_proyectos': 15, 'pendiente': 0, 'en_progreso': 0, 'completado': 0, 'retrasado': 0}
2026-07-21 13:22:43,545 - __main__ - INFO - Mantenimiento: {'departamento': 'Mantenimiento', 'total_proyectos': 15, 'pendiente': 0, 'en_progreso': 0, 'completado': 0, 'retrasado': 0}
2026-07-21 13:22:43,545 - __main__ - INFO - 
2026-07-21 13:22:43,545 - __main__ - INFO - ======================================================================
2026-07-21 13:22:43,545 - __main__ - INFO - STEP 4: Evaluating alerts
2026-07-21 13:22:43,545 - __main__ - INFO - ======================================================================
2026-07-21 13:22:43,547 - modules.scheduler - ERROR - Invalid date format: Marcelo Battista. Expected DD/MM/YYYY
2026-07-21 13:22:43,547 - modules.scheduler - ERROR - Error calculating days remaining: Invalid date format: Marcelo Battista. Expected DD/MM/YYYY
2026-07-21 13:22:43,547 - modules.scheduler - ERROR - Invalid date format: Jorge Fernandez. Expected DD/MM/YYYY
2026-07-21 13:22:43,547 - modules.scheduler - ERROR - Error calculating days remaining: Invalid date format: Jorge Fernandez. Expected DD/MM/YYYY
2026-07-21 13:22:43,547 - modules.scheduler - ERROR - Invalid date format: Marcelo Battista. Expected DD/MM/YYYY
2026-07-21 13:22:43,547 - modules.scheduler - ERROR - Error calculating days remaining: Invalid date format: Marcelo Battista. Expected DD/MM/YYYY
2026-07-21 13:22:43,547 - modules.scheduler - ERROR - Invalid date format: Jorge Fernandez. Expected DD/MM/YYYY
2026-07-21 13:22:43,547 - modules.scheduler - ERROR - Error calculating days remaining: Invalid date format: Jorge Fernandez. Expected DD/MM/YYYY
2026-07-21 13:22:43,547 - modules.scheduler - ERROR - Invalid date format: Marcelo Battista. Expected DD/MM/YYYY
2026-07-21 13:22:43,547 - modules.scheduler - ERROR - Error calculating days remaining: Invalid date format: Marcelo Battista. Expected DD/MM/YYYY
2026-07-21 13:22:43,547 - modules.scheduler - ERROR - Invalid date format: Jorge Fernandez. Expected DD/MM/YYYY
2026-07-21 13:22:43,547 - modules.scheduler - ERROR - Error calculating days remaining: Invalid date format: Jorge Fernandez. Expected DD/MM/YYYY
2026-07-21 13:22:43,547 - modules.scheduler - ERROR - Invalid date format: Marcelo Battista. Expected DD/MM/YYYY
2026-07-21 13:22:43,547 - modules.scheduler - ERROR - Error calculating days remaining: Invalid date format: Marcelo Battista. Expected DD/MM/YYYY
2026-07-21 13:22:43,547 - modules.scheduler - ERROR - Invalid date format: Jorge Fernandez. Expected DD/MM/YYYY
2026-07-21 13:22:43,547 - modules.scheduler - ERROR - Error calculating days remaining: Invalid date format: Jorge Fernandez. Expected DD/MM/YYYY
2026-07-21 13:22:43,547 - modules.scheduler - ERROR - Invalid date format: Marcelo Battista. Expected DD/MM/YYYY
2026-07-21 13:22:43,547 - modules.scheduler - ERROR - Error calculating days remaining: Invalid date format: Marcelo Battista. Expected DD/MM/YYYY
2026-07-21 13:22:43,547 - modules.scheduler - ERROR - Invalid date format: Jorge Fernandez. Expected DD/MM/YYYY
2026-07-21 13:22:43,547 - modules.scheduler - ERROR - Error calculating days remaining: Invalid date format: Jorge Fernandez. Expected DD/MM/YYYY
2026-07-21 13:22:43,548 - modules.scheduler - ERROR - Invalid date format: Marcelo Battista. Expected DD/MM/YYYY
2026-07-21 13:22:43,548 - modules.scheduler - ERROR - Error calculating days remaining: Invalid date format: Marcelo Battista. Expected DD/MM/YYYY
2026-07-21 13:22:43,548 - modules.scheduler - ERROR - Invalid date format: Jorge Fernandez. Expected DD/MM/YYYY
2026-07-21 13:22:43,548 - modules.scheduler - ERROR - Error calculating days remaining: Invalid date format: Jorge Fernandez. Expected DD/MM/YYYY
2026-07-21 13:22:43,548 - modules.scheduler - ERROR - Invalid date format: Marcelo Battista. Expected DD/MM/YYYY
2026-07-21 13:22:43,548 - modules.scheduler - ERROR - Error calculating days remaining: Invalid date format: Marcelo Battista. Expected DD/MM/YYYY
2026-07-21 13:22:43,548 - modules.scheduler - ERROR - Invalid date format: Jorge Fernandez. Expected DD/MM/YYYY
2026-07-21 13:22:43,548 - modules.scheduler - ERROR - Error calculating days remaining: Invalid date format: Jorge Fernandez. Expected DD/MM/YYYY
2026-07-21 13:22:43,548 - modules.scheduler - ERROR - Invalid date format: Marcelo Battista. Expected DD/MM/YYYY
2026-07-21 13:22:43,548 - modules.scheduler - ERROR - Error calculating days remaining: Invalid date format: Marcelo Battista. Expected DD/MM/YYYY
2026-07-21 13:22:43,548 - modules.scheduler - ERROR - Invalid date format: Fernando Menendez. Expected DD/MM/YYYY
2026-07-21 13:22:43,548 - modules.scheduler - ERROR - Error calculating days remaining: Invalid date format: Fernando Menendez. Expected DD/MM/YYYY
2026-07-21 13:22:43,548 - modules.scheduler - ERROR - Invalid date format: Fernando Menendez. Expected DD/MM/YYYY
2026-07-21 13:22:43,548 - modules.scheduler - ERROR - Error calculating days remaining: Invalid date format: Fernando Menendez. Expected DD/MM/YYYY
2026-07-21 13:22:43,548 - modules.scheduler - ERROR - Invalid date format: Marcelo Battista. Expected DD/MM/YYYY
2026-07-21 13:22:43,548 - modules.scheduler - ERROR - Error calculating days remaining: Invalid date format: Marcelo Battista. Expected DD/MM/YYYY
2026-07-21 13:22:43,548 - modules.scheduler - ERROR - Invalid date format: Fernando Menendez. Expected DD/MM/YYYY
2026-07-21 13:22:43,548 - modules.scheduler - ERROR - Error calculating days remaining: Invalid date format: Fernando Menendez. Expected DD/MM/YYYY
2026-07-21 13:22:43,548 - modules.scheduler - ERROR - Invalid date format: Marcelo Battista. Expected DD/MM/YYYY
2026-07-21 13:22:43,548 - modules.scheduler - ERROR - Error calculating days remaining: Invalid date format: Marcelo Battista. Expected DD/MM/YYYY
2026-07-21 13:22:43,548 - modules.scheduler - ERROR - Invalid date format: Fernando Menendez. Expected DD/MM/YYYY
2026-07-21 13:22:43,548 - modules.scheduler - ERROR - Error calculating days remaining: Invalid date format: Fernando Menendez. Expected DD/MM/YYYY
2026-07-21 13:22:43,548 - modules.scheduler - ERROR - Invalid date format: Marcelo Battista. Expected DD/MM/YYYY
2026-07-21 13:22:43,548 - modules.scheduler - ERROR - Error calculating days remaining: Invalid date format: Marcelo Battista. Expected DD/MM/YYYY
2026-07-21 13:22:43,548 - modules.scheduler - ERROR - Invalid date format: Fernando Menendez. Expected DD/MM/YYYY
2026-07-21 13:22:43,548 - modules.scheduler - ERROR - Error calculating days remaining: Invalid date format: Fernando Menendez. Expected DD/MM/YYYY
2026-07-21 13:22:43,548 - modules.scheduler - ERROR - Invalid date format: Marcelo Battista. Expected DD/MM/YYYY
2026-07-21 13:22:43,549 - modules.scheduler - ERROR - Error calculating days remaining: Invalid date format: Marcelo Battista. Expected DD/MM/YYYY
2026-07-21 13:22:43,549 - modules.scheduler - ERROR - Invalid date format: Fernando Menendez. Expected DD/MM/YYYY
2026-07-21 13:22:43,549 - modules.scheduler - ERROR - Error calculating days remaining: Invalid date format: Fernando Menendez. Expected DD/MM/YYYY
2026-07-21 13:22:43,549 - modules.scheduler - ERROR - Invalid date format: Marcelo Battista. Expected DD/MM/YYYY
2026-07-21 13:22:43,549 - modules.scheduler - ERROR - Error calculating days remaining: Invalid date format: Marcelo Battista. Expected DD/MM/YYYY
2026-07-21 13:22:43,549 - modules.scheduler - ERROR - Invalid date format: Fernando Menendez. Expected DD/MM/YYYY
2026-07-21 13:22:43,549 - modules.scheduler - ERROR - Error calculating days remaining: Invalid date format: Fernando Menendez. Expected DD/MM/YYYY
2026-07-21 13:22:43,549 - modules.scheduler - ERROR - Invalid date format: Marcelo Battista. Expected DD/MM/YYYY
2026-07-21 13:22:43,549 - modules.scheduler - ERROR - Error calculating days remaining: Invalid date format: Marcelo Battista. Expected DD/MM/YYYY
2026-07-21 13:22:43,549 - modules.scheduler - ERROR - Invalid date format: Fernando Menendez. Expected DD/MM/YYYY
2026-07-21 13:22:43,549 - modules.scheduler - ERROR - Error calculating days remaining: Invalid date format: Fernando Menendez. Expected DD/MM/YYYY
2026-07-21 13:22:43,549 - modules.scheduler - ERROR - Invalid date format: Marcelo Battista. Expected DD/MM/YYYY
2026-07-21 13:22:43,549 - modules.scheduler - ERROR - Error calculating days remaining: Invalid date format: Marcelo Battista. Expected DD/MM/YYYY
2026-07-21 13:22:43,549 - modules.scheduler - ERROR - Invalid date format: Marcelo Battista. Expected DD/MM/YYYY
2026-07-21 13:22:43,549 - modules.scheduler - ERROR - Error calculating days remaining: Invalid date format: Marcelo Battista. Expected DD/MM/YYYY
2026-07-21 13:22:43,549 - modules.scheduler - ERROR - Invalid date format: Jorge Fernandez. Expected DD/MM/YYYY
2026-07-21 13:22:43,549 - modules.scheduler - ERROR - Error calculating days remaining: Invalid date format: Jorge Fernandez. Expected DD/MM/YYYY
2026-07-21 13:22:43,549 - modules.scheduler - ERROR - Invalid date format: Marcelo Battista. Expected DD/MM/YYYY
2026-07-21 13:22:43,549 - modules.scheduler - ERROR - Error calculating days remaining: Invalid date format: Marcelo Battista. Expected DD/MM/YYYY
2026-07-21 13:22:43,549 - modules.scheduler - ERROR - Invalid date format: Jorge Fernandez. Expected DD/MM/YYYY
2026-07-21 13:22:43,549 - modules.scheduler - ERROR - Error calculating days remaining: Invalid date format: Jorge Fernandez. Expected DD/MM/YYYY
2026-07-21 13:22:43,549 - modules.scheduler - ERROR - Invalid date format: Marcelo Battista. Expected DD/MM/YYYY
2026-07-21 13:22:43,549 - modules.scheduler - ERROR - Error calculating days remaining: Invalid date format: Marcelo Battista. Expected DD/MM/YYYY
2026-07-21 13:22:43,549 - modules.scheduler - ERROR - Invalid date format: Jorge Fernandez. Expected DD/MM/YYYY
2026-07-21 13:22:43,549 - modules.scheduler - ERROR - Error calculating days remaining: Invalid date format: Jorge Fernandez. Expected DD/MM/YYYY
2026-07-21 13:22:43,549 - modules.scheduler - ERROR - Invalid date format: Marcelo Battista. Expected DD/MM/YYYY
2026-07-21 13:22:43,549 - modules.scheduler - ERROR - Error calculating days remaining: Invalid date format: Marcelo Battista. Expected DD/MM/YYYY
2026-07-21 13:22:43,550 - modules.scheduler - ERROR - Invalid date format: Jorge Fernandez. Expected DD/MM/YYYY
2026-07-21 13:22:43,550 - modules.scheduler - ERROR - Error calculating days remaining: Invalid date format: Jorge Fernandez. Expected DD/MM/YYYY
2026-07-21 13:22:43,550 - modules.scheduler - ERROR - Invalid date format: Marcelo Battista. Expected DD/MM/YYYY
2026-07-21 13:22:43,550 - modules.scheduler - ERROR - Error calculating days remaining: Invalid date format: Marcelo Battista. Expected DD/MM/YYYY
2026-07-21 13:22:43,550 - modules.scheduler - ERROR - Invalid date format: Jorge Fernandez. Expected DD/MM/YYYY
2026-07-21 13:22:43,550 - modules.scheduler - ERROR - Error calculating days remaining: Invalid date format: Jorge Fernandez. Expected DD/MM/YYYY
2026-07-21 13:22:43,550 - modules.scheduler - ERROR - Invalid date format: Marcelo Battista. Expected DD/MM/YYYY
2026-07-21 13:22:43,550 - modules.scheduler - ERROR - Error calculating days remaining: Invalid date format: Marcelo Battista. Expected DD/MM/YYYY
2026-07-21 13:22:43,550 - modules.scheduler - ERROR - Invalid date format: Jorge Fernandez. Expected DD/MM/YYYY
2026-07-21 13:22:43,550 - modules.scheduler - ERROR - Error calculating days remaining: Invalid date format: Jorge Fernandez. Expected DD/MM/YYYY
2026-07-21 13:22:43,550 - modules.scheduler - ERROR - Invalid date format: Marcelo Battista. Expected DD/MM/YYYY
2026-07-21 13:22:43,550 - modules.scheduler - ERROR - Error calculating days remaining: Invalid date format: Marcelo Battista. Expected DD/MM/YYYY
2026-07-21 13:22:43,550 - modules.scheduler - ERROR - Invalid date format: Jorge Fernandez. Expected DD/MM/YYYY
2026-07-21 13:22:43,550 - modules.scheduler - ERROR - Error calculating days remaining: Invalid date format: Jorge Fernandez. Expected DD/MM/YYYY
2026-07-21 13:22:43,550 - modules.scheduler - ERROR - Invalid date format: Marcelo Battista. Expected DD/MM/YYYY
2026-07-21 13:22:43,550 - modules.scheduler - ERROR - Error calculating days remaining: Invalid date format: Marcelo Battista. Expected DD/MM/YYYY
2026-07-21 13:22:43,550 - modules.scheduler - ERROR - Invalid date format: Fernando Menendez. Expected DD/MM/YYYY
2026-07-21 13:22:43,550 - modules.scheduler - ERROR - Error calculating days remaining: Invalid date format: Fernando Menendez. Expected DD/MM/YYYY
2026-07-21 13:22:43,550 - modules.scheduler - ERROR - Invalid date format: Fernando Menendez. Expected DD/MM/YYYY
2026-07-21 13:22:43,550 - modules.scheduler - ERROR - Error calculating days remaining: Invalid date format: Fernando Menendez. Expected DD/MM/YYYY
2026-07-21 13:22:43,550 - modules.scheduler - ERROR - Invalid date format: Marcelo Battista. Expected DD/MM/YYYY
2026-07-21 13:22:43,550 - modules.scheduler - ERROR - Error calculating days remaining: Invalid date format: Marcelo Battista. Expected DD/MM/YYYY
2026-07-21 13:22:43,550 - modules.scheduler - ERROR - Invalid date format: Fernando Menendez. Expected DD/MM/YYYY
2026-07-21 13:22:43,550 - modules.scheduler - ERROR - Error calculating days remaining: Invalid date format: Fernando Menendez. Expected DD/MM/YYYY
2026-07-21 13:22:43,550 - modules.scheduler - ERROR - Invalid date format: Marcelo Battista. Expected DD/MM/YYYY
2026-07-21 13:22:43,550 - modules.scheduler - ERROR - Error calculating days remaining: Invalid date format: Marcelo Battista. Expected DD/MM/YYYY
2026-07-21 13:22:43,551 - modules.scheduler - ERROR - Invalid date format: Fernando Menendez. Expected DD/MM/YYYY
2026-07-21 13:22:43,551 - modules.scheduler - ERROR - Error calculating days remaining: Invalid date format: Fernando Menendez. Expected DD/MM/YYYY
2026-07-21 13:22:43,551 - modules.scheduler - ERROR - Invalid date format: Marcelo Battista. Expected DD/MM/YYYY
2026-07-21 13:22:43,551 - modules.scheduler - ERROR - Error calculating days remaining: Invalid date format: Marcelo Battista. Expected DD/MM/YYYY
2026-07-21 13:22:43,551 - modules.scheduler - ERROR - Invalid date format: Fernando Menendez. Expected DD/MM/YYYY
2026-07-21 13:22:43,551 - modules.scheduler - ERROR - Error calculating days remaining: Invalid date format: Fernando Menendez. Expected DD/MM/YYYY
2026-07-21 13:22:43,551 - modules.scheduler - ERROR - Invalid date format: Marcelo Battista. Expected DD/MM/YYYY
2026-07-21 13:22:43,551 - modules.scheduler - ERROR - Error calculating days remaining: Invalid date format: Marcelo Battista. Expected DD/MM/YYYY
2026-07-21 13:22:43,551 - modules.scheduler - ERROR - Invalid date format: Fernando Menendez. Expected DD/MM/YYYY
2026-07-21 13:22:43,551 - modules.scheduler - ERROR - Error calculating days remaining: Invalid date format: Fernando Menendez. Expected DD/MM/YYYY
2026-07-21 13:22:43,551 - modules.scheduler - ERROR - Invalid date format: Marcelo Battista. Expected DD/MM/YYYY
2026-07-21 13:22:43,551 - modules.scheduler - ERROR - Error calculating days remaining: Invalid date format: Marcelo Battista. Expected DD/MM/YYYY
2026-07-21 13:22:43,551 - modules.scheduler - ERROR - Invalid date format: Fernando Menendez. Expected DD/MM/YYYY
2026-07-21 13:22:43,551 - modules.scheduler - ERROR - Error calculating days remaining: Invalid date format: Fernando Menendez. Expected DD/MM/YYYY
2026-07-21 13:22:43,551 - modules.scheduler - ERROR - Invalid date format: Marcelo Battista. Expected DD/MM/YYYY
2026-07-21 13:22:43,551 - modules.scheduler - ERROR - Error calculating days remaining: Invalid date format: Marcelo Battista. Expected DD/MM/YYYY
2026-07-21 13:22:43,551 - modules.scheduler - ERROR - Invalid date format: Fernando Menendez. Expected DD/MM/YYYY
2026-07-21 13:22:43,551 - modules.scheduler - ERROR - Error calculating days remaining: Invalid date format: Fernando Menendez. Expected DD/MM/YYYY
2026-07-21 13:22:43,551 - modules.scheduler - ERROR - Invalid date format: Marcelo Battista. Expected DD/MM/YYYY
2026-07-21 13:22:43,551 - modules.scheduler - ERROR - Error calculating days remaining: Invalid date format: Marcelo Battista. Expected DD/MM/YYYY
2026-07-21 13:22:43,551 - modules.scheduler - INFO - Alert evaluation complete: 0 overdue, 0 approaching
2026-07-21 13:22:43,551 - modules.notifier - INFO - Logged 0/0 alerts
2026-07-21 13:22:43,551 - modules.notifier - INFO - Logged 0/0 alerts
2026-07-21 13:22:43,551 - __main__ - INFO - Total alerts logged: 0
2026-07-21 13:22:43,552 - __main__ - INFO - ============================================================
RESUMEN DE ALERTAS - 21/07/2026 13:22
============================================================

PROYECTOS VENCIDOS: 0
PLAZOS PRÓXIMOS (próximos 3 días): 0
============================================================
2026-07-21 13:22:43,552 - alerts - INFO - 
======================================================================
RESUMEN DE EJECUCIÓN - 21/07/2026 13:22:43
======================================================================
Status: SUCCESS
Root Folder: 1dMu2WeU3bbzqPEFEAoNySonP1eKTC71u
Departments: 3
Master Schedule: 1yHvzhJCsfi1UZ_XtxOnesgaMakNtsNjvkIMP2gaYDgw
======================================================================

2026-07-21 13:22:43,552 - __main__ - INFO - 
2026-07-21 13:22:43,552 - __main__ - INFO - ✓ Execution completed successfully
2026-07-21 13:27:25,502 - menu - INFO - Loaded 1 saved Gmail accounts
2026-07-21 13:27:48,909 - __main__ - INFO - Selected account: germanty123@gmail.com (personal)
2026-07-21 13:27:48,909 - __main__ - INFO - Using token: .gmail_tokens/germanty123_gmail_com_token.json
2026-07-21 13:27:48,909 - modules.auth - INFO - Loading OAuth2 token from: .gmail_tokens/germanty123_gmail_com_token.json
2026-07-21 13:27:49,062 - modules.auth - INFO - Token refreshed successfully
2026-07-21 13:27:49,063 - modules.auth - INFO - OAuth2 authentication successful
2026-07-21 13:27:49,063 - googleapiclient.discovery_cache - INFO - file_cache is only supported with oauth2client<4.0.0
2026-07-21 13:27:49,066 - googleapiclient.discovery_cache - INFO - file_cache is only supported with oauth2client<4.0.0
2026-07-21 13:27:49,069 - googleapiclient.discovery_cache - INFO - file_cache is only supported with oauth2client<4.0.0
2026-07-21 13:27:49,070 - modules.auth - INFO - Successfully authenticated with Google Cloud
2026-07-21 13:27:49,070 - modules.auth - INFO - Authentication method: OAuth2
2026-07-21 13:27:49,070 - modules.drive_manager - INFO - Drive Manager initialized successfully
2026-07-21 13:27:49,070 - modules.sheets_manager - INFO - Sheets Manager initialized successfully
2026-07-21 13:27:49,070 - modules.scheduler - INFO - Scheduler initialized with 3 days threshold
2026-07-21 13:27:49,070 - modules.consolidator - INFO - Consolidator initialized
2026-07-21 13:27:49,071 - modules.notifier - INFO - Notifier initialized
2026-07-21 13:27:49,071 - __main__ - INFO - Application initialized successfully
2026-07-21 13:27:55,187 - __main__ - INFO - 
2026-07-21 13:27:55,187 - __main__ - INFO - ╔====================================================================╗
2026-07-21 13:27:55,187 - __main__ - INFO - ║              PROJECT SCHEDULER - FULL EXECUTION CYCLE              ║
2026-07-21 13:27:55,187 - __main__ - INFO - ╚====================================================================╝
2026-07-21 13:27:55,187 - __main__ - INFO - 
2026-07-21 13:27:55,187 - __main__ - INFO - ======================================================================
2026-07-21 13:27:55,187 - __main__ - INFO - STEP 1: Setting up folder structure
2026-07-21 13:27:55,187 - __main__ - INFO - ======================================================================
2026-07-21 13:27:57,411 - modules.drive_manager - INFO - Folder found: Proyectos_Empresa (ID: 1dMu2WeU3bbzqPEFEAoNySonP1eKTC71u)
2026-07-21 13:27:57,411 - __main__ - INFO - Root folder created with ID: 1dMu2WeU3bbzqPEFEAoNySonP1eKTC71u
2026-07-21 13:27:57,676 - modules.drive_manager - INFO - Folder found: Ingenieria (ID: 1Voz7pY4e1gXbiHrohg8kE7ORywmh9oPe)
2026-07-21 13:27:58,015 - modules.drive_manager - INFO - Folder found: Clientes (ID: 1-pW6dcCmpM7yr9pfNA895HVeLNA87AL9)
2026-07-21 13:27:58,015 - __main__ - INFO - Ingenieria department folder: 1Voz7pY4e1gXbiHrohg8kE7ORywmh9oPe
2026-07-21 13:27:58,015 - __main__ - INFO - Ingenieria clients folder: 1-pW6dcCmpM7yr9pfNA895HVeLNA87AL9
2026-07-21 13:27:58,296 - modules.drive_manager - INFO - Folder found: Obras (ID: 1pxkkVZK_9XrhMBlKJfgvwYdjrPASagkY)
2026-07-21 13:27:58,556 - modules.drive_manager - INFO - Folder found: Clientes (ID: 17GspBkoAYHSJUIaC7663vAIB8bz495ID)
2026-07-21 13:27:58,556 - __main__ - INFO - Obras department folder: 1pxkkVZK_9XrhMBlKJfgvwYdjrPASagkY
2026-07-21 13:27:58,556 - __main__ - INFO - Obras clients folder: 17GspBkoAYHSJUIaC7663vAIB8bz495ID
2026-07-21 13:27:58,900 - modules.drive_manager - INFO - Folder found: Mantenimiento (ID: 15Ykg8P5i8lHto5TSl2_mCnwuz6u0Vj7f)
2026-07-21 13:27:59,178 - modules.drive_manager - INFO - Folder found: Clientes (ID: 1rIzjgwvLwRIaRc-qbJi4Uubu2DeBpkK_)
2026-07-21 13:27:59,178 - __main__ - INFO - Mantenimiento department folder: 15Ykg8P5i8lHto5TSl2_mCnwuz6u0Vj7f
2026-07-21 13:27:59,178 - __main__ - INFO - Mantenimiento clients folder: 1rIzjgwvLwRIaRc-qbJi4Uubu2DeBpkK_
2026-07-21 13:27:59,178 - __main__ - INFO - 
2026-07-21 13:27:59,178 - __main__ - INFO - ======================================================================
2026-07-21 13:27:59,179 - __main__ - INFO - STEP 2: Setting up spreadsheets
2026-07-21 13:27:59,179 - __main__ - INFO - ======================================================================
2026-07-21 13:27:59,659 - modules.sheets_manager - INFO - Spreadsheet found: Cronograma_Ingenieria (ID: 1c9kxSxwPG3huAebtoMKoopB8Zprzcm5ncFwcq4ipl3w)
2026-07-21 13:28:00,501 - modules.sheets_manager - INFO - Sheet names for 1c9kxSxwPG3huAebtoMKoopB8Zprzcm5ncFwcq4ipl3w: ['Ingenieria']
2026-07-21 13:28:00,502 - modules.sheets_manager - INFO - Sheet 'Ingenieria' already exists
2026-07-21 13:28:00,766 - modules.sheets_manager - INFO - Data written to 1c9kxSxwPG3huAebtoMKoopB8Zprzcm5ncFwcq4ipl3w: Ingenieria!A1 (1 rows)
2026-07-21 13:28:00,766 - __main__ - INFO - Headers created for Ingenieria
2026-07-21 13:28:00,766 - __main__ - INFO - Spreadsheet for Ingenieria: 1c9kxSxwPG3huAebtoMKoopB8Zprzcm5ncFwcq4ipl3w
2026-07-21 13:28:01,229 - modules.sheets_manager - INFO - Spreadsheet found: Cronograma_Obras (ID: 1K4yNUOomuBCgRDt8kY_r7nhKq8J0FZ-iPtxviluFhoA)
2026-07-21 13:28:01,965 - modules.sheets_manager - INFO - Sheet names for 1K4yNUOomuBCgRDt8kY_r7nhKq8J0FZ-iPtxviluFhoA: ['Obras']
2026-07-21 13:28:01,965 - modules.sheets_manager - INFO - Sheet 'Obras' already exists
2026-07-21 13:28:02,324 - modules.sheets_manager - INFO - Data written to 1K4yNUOomuBCgRDt8kY_r7nhKq8J0FZ-iPtxviluFhoA: Obras!A1 (1 rows)
2026-07-21 13:28:02,324 - __main__ - INFO - Headers created for Obras
2026-07-21 13:28:02,324 - __main__ - INFO - Spreadsheet for Obras: 1K4yNUOomuBCgRDt8kY_r7nhKq8J0FZ-iPtxviluFhoA
2026-07-21 13:28:02,700 - modules.sheets_manager - INFO - Spreadsheet found: Cronograma_Mantenimiento (ID: 1NmI8DwyPCNe8HsnDBlIu__FL_Peff2N-UYQ946SuBBA)
2026-07-21 13:28:03,226 - modules.sheets_manager - INFO - Sheet names for 1NmI8DwyPCNe8HsnDBlIu__FL_Peff2N-UYQ946SuBBA: ['Mantenimiento']
2026-07-21 13:28:03,226 - modules.sheets_manager - INFO - Sheet 'Mantenimiento' already exists
2026-07-21 13:28:03,575 - modules.sheets_manager - INFO - Data written to 1NmI8DwyPCNe8HsnDBlIu__FL_Peff2N-UYQ946SuBBA: Mantenimiento!A1 (1 rows)
2026-07-21 13:28:03,575 - __main__ - INFO - Headers created for Mantenimiento
2026-07-21 13:28:03,575 - __main__ - INFO - Spreadsheet for Mantenimiento: 1NmI8DwyPCNe8HsnDBlIu__FL_Peff2N-UYQ946SuBBA
2026-07-21 13:28:04,043 - modules.sheets_manager - INFO - Spreadsheet found: Cronograma_Maestro (ID: 1yHvzhJCsfi1UZ_XtxOnesgaMakNtsNjvkIMP2gaYDgw)
2026-07-21 13:28:04,708 - modules.sheets_manager - INFO - Sheet names for 1yHvzhJCsfi1UZ_XtxOnesgaMakNtsNjvkIMP2gaYDgw: ['Cronograma_Maestro']
2026-07-21 13:28:04,708 - modules.sheets_manager - INFO - Sheet 'Cronograma_Maestro' already exists
2026-07-21 13:28:05,039 - modules.sheets_manager - INFO - Data written to 1yHvzhJCsfi1UZ_XtxOnesgaMakNtsNjvkIMP2gaYDgw: Cronograma_Maestro!A1 (1 rows)
2026-07-21 13:28:05,040 - __main__ - INFO - Headers created for master schedule
2026-07-21 13:28:05,040 - __main__ - INFO - Master schedule spreadsheet: 1yHvzhJCsfi1UZ_XtxOnesgaMakNtsNjvkIMP2gaYDgw
2026-07-21 13:28:05,040 - __main__ - INFO - 
2026-07-21 13:28:05,040 - __main__ - INFO - ======================================================================
2026-07-21 13:28:05,040 - __main__ - INFO - STEP 3: Consolidating schedules
2026-07-21 13:28:05,040 - __main__ - INFO - ======================================================================
2026-07-21 13:28:05,264 - modules.sheets_manager - INFO - Sheet names for 1c9kxSxwPG3huAebtoMKoopB8Zprzcm5ncFwcq4ipl3w: ['Ingenieria']
2026-07-21 13:28:05,522 - modules.sheets_manager - INFO - Data read from 1c9kxSxwPG3huAebtoMKoopB8Zprzcm5ncFwcq4ipl3w: Ingenieria!A:G (20 rows)
2026-07-21 13:28:05,523 - __main__ - INFO - Read 20 rows from Ingenieria
2026-07-21 13:28:05,811 - modules.sheets_manager - INFO - Sheet names for 1K4yNUOomuBCgRDt8kY_r7nhKq8J0FZ-iPtxviluFhoA: ['Obras']
2026-07-21 13:28:06,151 - modules.sheets_manager - INFO - Data read from 1K4yNUOomuBCgRDt8kY_r7nhKq8J0FZ-iPtxviluFhoA: Obras!A:G (16 rows)
2026-07-21 13:28:06,151 - __main__ - INFO - Read 16 rows from Obras
2026-07-21 13:28:06,400 - modules.sheets_manager - INFO - Sheet names for 1NmI8DwyPCNe8HsnDBlIu__FL_Peff2N-UYQ946SuBBA: ['Mantenimiento']
2026-07-21 13:28:06,709 - modules.sheets_manager - INFO - Data read from 1NmI8DwyPCNe8HsnDBlIu__FL_Peff2N-UYQ946SuBBA: Mantenimiento!A:G (16 rows)
2026-07-21 13:28:06,709 - __main__ - INFO - Read 16 rows from Mantenimiento
2026-07-21 13:28:06,712 - modules.consolidator - INFO - Prepared 19 rows from Ingenieria
2026-07-21 13:28:06,713 - modules.consolidator - INFO - Prepared 15 rows from Obras
2026-07-21 13:28:06,715 - modules.consolidator - INFO - Prepared 15 rows from Mantenimiento
2026-07-21 13:28:06,716 - modules.consolidator - INFO - Consolidated 49 total projects from all departments
2026-07-21 13:28:06,718 - modules.consolidator - INFO - Data validation: FAILED (1 errors)
2026-07-21 13:28:06,718 - __main__ - WARNING - Data validation issues: ['Invalid states found: 2026-07-01 0:00:00, 2026-06-15 0:00:00, 2026-07-05 0:00:00, 2026-05-20 0:00:00, 2026-07-18 0:00:00, 2026-06-25 0:00:00, 2026-07-10 0:00:00, 2026-04-10 0:00:00, 2026-07-15 0:00:00, 2026-06-30 0:00:00, 2026-07-20 0:00:00, 2026-05-15 0:00:00, 2026-07-08 0:00:00, 2026-06-22 0:00:00, 2026-07-12 0:00:00, 2026-07-14 0:00:00, 2026-07-03 0:00:00, 2026-06-08 0:00:00, 2026-07-16 0:00:00, 2026-06-20 0:00:00, 2026-04-20 0:00:00, 2026-06-28 0:00:00, 2026-05-10 0:00:00, 2026-07-02 0:00:00, 2026-06-10 0:00:00, 2026-05-28 0:00:00, 2026-04-05 0:00:00, 2026-06-18 0:00:00, 2026-05-12 0:00:00']
2026-07-21 13:28:06,963 - modules.sheets_manager - INFO - Sheet names for 1yHvzhJCsfi1UZ_XtxOnesgaMakNtsNjvkIMP2gaYDgw: ['Cronograma_Maestro']
2026-07-21 13:28:07,295 - modules.sheets_manager - INFO - Data cleared from 1yHvzhJCsfi1UZ_XtxOnesgaMakNtsNjvkIMP2gaYDgw: Cronograma_Maestro!A2:H
2026-07-21 13:28:07,507 - modules.sheets_manager - ERROR - Failed to write data: <HttpError 400 when requesting https://sheets.googleapis.com/v4/spreadsheets/1yHvzhJCsfi1UZ_XtxOnesgaMakNtsNjvkIMP2gaYDgw/values/Cronograma_Maestro%21A1?valueInputOption=RAW&alt=json returned "Invalid JSON payload received. Unexpected token.
026-07-01 0:00:00", NaN, "Ingenieria"], 
                    ^". Details: "Invalid JSON payload received. Unexpected token.
026-07-01 0:00:00", NaN, "Ingenieria"], 
                    ^">
2026-07-21 13:28:07,507 - __main__ - INFO - Consolidated 49 projects to master schedule
2026-07-21 13:28:07,513 - modules.consolidator - INFO - Generated summaries for 3 departments
2026-07-21 13:28:07,514 - __main__ - INFO - Ingenieria: {'departamento': 'Ingenieria', 'total_proyectos': 19, 'pendiente': 0, 'en_progreso': 0, 'completado': 0, 'retrasado': 0}
2026-07-21 13:28:07,514 - __main__ - INFO - Obras: {'departamento': 'Obras', 'total_proyectos': 15, 'pendiente': 0, 'en_progreso': 0, 'completado': 0, 'retrasado': 0}
2026-07-21 13:28:07,514 - __main__ - INFO - Mantenimiento: {'departamento': 'Mantenimiento', 'total_proyectos': 15, 'pendiente': 0, 'en_progreso': 0, 'completado': 0, 'retrasado': 0}
2026-07-21 13:28:07,514 - __main__ - INFO - 
2026-07-21 13:28:07,514 - __main__ - INFO - ======================================================================
2026-07-21 13:28:07,514 - __main__ - INFO - STEP 4: Evaluating alerts
2026-07-21 13:28:07,514 - __main__ - INFO - ======================================================================
2026-07-21 13:28:07,516 - modules.scheduler - ERROR - Invalid date format: Marcelo Battista. Expected DD/MM/YYYY
2026-07-21 13:28:07,516 - modules.scheduler - ERROR - Error calculating days remaining: Invalid date format: Marcelo Battista. Expected DD/MM/YYYY
2026-07-21 13:28:07,516 - modules.scheduler - ERROR - Invalid date format: Marcelo Battista. Expected DD/MM/YYYY
2026-07-21 13:28:07,516 - modules.scheduler - ERROR - Error calculating days remaining: Invalid date format: Marcelo Battista. Expected DD/MM/YYYY
2026-07-21 13:28:07,516 - modules.scheduler - ERROR - Invalid date format: Jorge Fernandez. Expected DD/MM/YYYY
2026-07-21 13:28:07,516 - modules.scheduler - ERROR - Error calculating days remaining: Invalid date format: Jorge Fernandez. Expected DD/MM/YYYY
2026-07-21 13:28:07,516 - modules.scheduler - ERROR - Invalid date format: Marcelo Battista. Expected DD/MM/YYYY
2026-07-21 13:28:07,516 - modules.scheduler - ERROR - Error calculating days remaining: Invalid date format: Marcelo Battista. Expected DD/MM/YYYY
2026-07-21 13:28:07,516 - modules.scheduler - ERROR - Invalid date format: Jorge Fernandez. Expected DD/MM/YYYY
2026-07-21 13:28:07,516 - modules.scheduler - ERROR - Error calculating days remaining: Invalid date format: Jorge Fernandez. Expected DD/MM/YYYY
2026-07-21 13:28:07,516 - modules.scheduler - ERROR - Invalid date format: Marcelo Battista. Expected DD/MM/YYYY
2026-07-21 13:28:07,516 - modules.scheduler - ERROR - Error calculating days remaining: Invalid date format: Marcelo Battista. Expected DD/MM/YYYY
2026-07-21 13:28:07,516 - modules.scheduler - ERROR - Invalid date format: Jorge Fernandez. Expected DD/MM/YYYY
2026-07-21 13:28:07,516 - modules.scheduler - ERROR - Error calculating days remaining: Invalid date format: Jorge Fernandez. Expected DD/MM/YYYY
2026-07-21 13:28:07,516 - modules.scheduler - ERROR - Invalid date format: Marcelo Battista. Expected DD/MM/YYYY
2026-07-21 13:28:07,516 - modules.scheduler - ERROR - Error calculating days remaining: Invalid date format: Marcelo Battista. Expected DD/MM/YYYY
2026-07-21 13:28:07,517 - modules.scheduler - ERROR - Invalid date format: Jorge Fernandez. Expected DD/MM/YYYY
2026-07-21 13:28:07,517 - modules.scheduler - ERROR - Error calculating days remaining: Invalid date format: Jorge Fernandez. Expected DD/MM/YYYY
2026-07-21 13:28:07,517 - modules.scheduler - ERROR - Invalid date format: Marcelo Battista. Expected DD/MM/YYYY
2026-07-21 13:28:07,517 - modules.scheduler - ERROR - Error calculating days remaining: Invalid date format: Marcelo Battista. Expected DD/MM/YYYY
2026-07-21 13:28:07,517 - modules.scheduler - ERROR - Invalid date format: Jorge Fernandez. Expected DD/MM/YYYY
2026-07-21 13:28:07,517 - modules.scheduler - ERROR - Error calculating days remaining: Invalid date format: Jorge Fernandez. Expected DD/MM/YYYY
2026-07-21 13:28:07,517 - modules.scheduler - ERROR - Invalid date format: Marcelo Battista. Expected DD/MM/YYYY
2026-07-21 13:28:07,517 - modules.scheduler - ERROR - Error calculating days remaining: Invalid date format: Marcelo Battista. Expected DD/MM/YYYY
2026-07-21 13:28:07,517 - modules.scheduler - ERROR - Invalid date format: Jorge Fernandez. Expected DD/MM/YYYY
2026-07-21 13:28:07,517 - modules.scheduler - ERROR - Error calculating days remaining: Invalid date format: Jorge Fernandez. Expected DD/MM/YYYY
2026-07-21 13:28:07,517 - modules.scheduler - ERROR - Invalid date format: Marcelo Battista. Expected DD/MM/YYYY
2026-07-21 13:28:07,517 - modules.scheduler - ERROR - Error calculating days remaining: Invalid date format: Marcelo Battista. Expected DD/MM/YYYY
2026-07-21 13:28:07,517 - modules.scheduler - ERROR - Invalid date format: Jorge Fernandez. Expected DD/MM/YYYY
2026-07-21 13:28:07,517 - modules.scheduler - ERROR - Error calculating days remaining: Invalid date format: Jorge Fernandez. Expected DD/MM/YYYY
2026-07-21 13:28:07,517 - modules.scheduler - ERROR - Invalid date format: Jorge Fernandez. Expected DD/MM/YYYY
2026-07-21 13:28:07,517 - modules.scheduler - ERROR - Error calculating days remaining: Invalid date format: Jorge Fernandez. Expected DD/MM/YYYY
2026-07-21 13:28:07,517 - modules.scheduler - ERROR - Invalid date format: Jorge Fernandez. Expected DD/MM/YYYY
2026-07-21 13:28:07,518 - modules.scheduler - ERROR - Error calculating days remaining: Invalid date format: Jorge Fernandez. Expected DD/MM/YYYY
2026-07-21 13:28:07,518 - modules.scheduler - ERROR - Invalid date format: Jorge Fernandez. Expected DD/MM/YYYY
2026-07-21 13:28:07,518 - modules.scheduler - ERROR - Error calculating days remaining: Invalid date format: Jorge Fernandez. Expected DD/MM/YYYY
2026-07-21 13:28:07,518 - modules.scheduler - ERROR - Invalid date format: Fernando Menendez. Expected DD/MM/YYYY
2026-07-21 13:28:07,518 - modules.scheduler - ERROR - Error calculating days remaining: Invalid date format: Fernando Menendez. Expected DD/MM/YYYY
2026-07-21 13:28:07,518 - modules.scheduler - ERROR - Invalid date format: Marcelo Battista. Expected DD/MM/YYYY
2026-07-21 13:28:07,518 - modules.scheduler - ERROR - Error calculating days remaining: Invalid date format: Marcelo Battista. Expected DD/MM/YYYY
2026-07-21 13:28:07,518 - modules.scheduler - ERROR - Invalid date format: Jorge Fernandez. Expected DD/MM/YYYY
2026-07-21 13:28:07,518 - modules.scheduler - ERROR - Error calculating days remaining: Invalid date format: Jorge Fernandez. Expected DD/MM/YYYY
2026-07-21 13:28:07,518 - modules.scheduler - ERROR - Invalid date format: Marcelo Battista. Expected DD/MM/YYYY
2026-07-21 13:28:07,518 - modules.scheduler - ERROR - Error calculating days remaining: Invalid date format: Marcelo Battista. Expected DD/MM/YYYY
2026-07-21 13:28:07,518 - modules.scheduler - ERROR - Invalid date format: Jorge Fernandez. Expected DD/MM/YYYY
2026-07-21 13:28:07,518 - modules.scheduler - ERROR - Error calculating days remaining: Invalid date format: Jorge Fernandez. Expected DD/MM/YYYY
2026-07-21 13:28:07,518 - modules.scheduler - ERROR - Invalid date format: Marcelo Battista. Expected DD/MM/YYYY
2026-07-21 13:28:07,518 - modules.scheduler - ERROR - Error calculating days remaining: Invalid date format: Marcelo Battista. Expected DD/MM/YYYY
2026-07-21 13:28:07,518 - modules.scheduler - ERROR - Invalid date format: Jorge Fernandez. Expected DD/MM/YYYY
2026-07-21 13:28:07,518 - modules.scheduler - ERROR - Error calculating days remaining: Invalid date format: Jorge Fernandez. Expected DD/MM/YYYY
2026-07-21 13:28:07,518 - modules.scheduler - ERROR - Invalid date format: Marcelo Battista. Expected DD/MM/YYYY
2026-07-21 13:28:07,519 - modules.scheduler - ERROR - Error calculating days remaining: Invalid date format: Marcelo Battista. Expected DD/MM/YYYY
2026-07-21 13:28:07,519 - modules.scheduler - ERROR - Invalid date format: Jorge Fernandez. Expected DD/MM/YYYY
2026-07-21 13:28:07,519 - modules.scheduler - ERROR - Error calculating days remaining: Invalid date format: Jorge Fernandez. Expected DD/MM/YYYY
2026-07-21 13:28:07,519 - modules.scheduler - ERROR - Invalid date format: Marcelo Battista. Expected DD/MM/YYYY
2026-07-21 13:28:07,519 - modules.scheduler - ERROR - Error calculating days remaining: Invalid date format: Marcelo Battista. Expected DD/MM/YYYY
2026-07-21 13:28:07,519 - modules.scheduler - ERROR - Invalid date format: Jorge Fernandez. Expected DD/MM/YYYY
2026-07-21 13:28:07,519 - modules.scheduler - ERROR - Error calculating days remaining: Invalid date format: Jorge Fernandez. Expected DD/MM/YYYY
2026-07-21 13:28:07,519 - modules.scheduler - ERROR - Invalid date format: Marcelo Battista. Expected DD/MM/YYYY
2026-07-21 13:28:07,519 - modules.scheduler - ERROR - Error calculating days remaining: Invalid date format: Marcelo Battista. Expected DD/MM/YYYY
2026-07-21 13:28:07,519 - modules.scheduler - ERROR - Invalid date format: Jorge Fernandez. Expected DD/MM/YYYY
2026-07-21 13:28:07,519 - modules.scheduler - ERROR - Error calculating days remaining: Invalid date format: Jorge Fernandez. Expected DD/MM/YYYY
2026-07-21 13:28:07,519 - modules.scheduler - ERROR - Invalid date format: Marcelo Battista. Expected DD/MM/YYYY
2026-07-21 13:28:07,519 - modules.scheduler - ERROR - Error calculating days remaining: Invalid date format: Marcelo Battista. Expected DD/MM/YYYY
2026-07-21 13:28:07,519 - modules.scheduler - ERROR - Invalid date format: Jorge Fernandez. Expected DD/MM/YYYY
2026-07-21 13:28:07,519 - modules.scheduler - ERROR - Error calculating days remaining: Invalid date format: Jorge Fernandez. Expected DD/MM/YYYY
2026-07-21 13:28:07,519 - modules.scheduler - ERROR - Invalid date format: Marcelo Battista. Expected DD/MM/YYYY
2026-07-21 13:28:07,519 - modules.scheduler - ERROR - Error calculating days remaining: Invalid date format: Marcelo Battista. Expected DD/MM/YYYY
2026-07-21 13:28:07,520 - modules.scheduler - ERROR - Invalid date format: Fernando Menendez. Expected DD/MM/YYYY
2026-07-21 13:28:07,520 - modules.scheduler - ERROR - Error calculating days remaining: Invalid date format: Fernando Menendez. Expected DD/MM/YYYY
2026-07-21 13:28:07,520 - modules.scheduler - ERROR - Invalid date format: Fernando Menendez. Expected DD/MM/YYYY
2026-07-21 13:28:07,520 - modules.scheduler - ERROR - Error calculating days remaining: Invalid date format: Fernando Menendez. Expected DD/MM/YYYY
2026-07-21 13:28:07,520 - modules.scheduler - ERROR - Invalid date format: Marcelo Battista. Expected DD/MM/YYYY
2026-07-21 13:28:07,520 - modules.scheduler - ERROR - Error calculating days remaining: Invalid date format: Marcelo Battista. Expected DD/MM/YYYY
2026-07-21 13:28:07,520 - modules.scheduler - ERROR - Invalid date format: Fernando Menendez. Expected DD/MM/YYYY
2026-07-21 13:28:07,520 - modules.scheduler - ERROR - Error calculating days remaining: Invalid date format: Fernando Menendez. Expected DD/MM/YYYY
2026-07-21 13:28:07,520 - modules.scheduler - ERROR - Invalid date format: Marcelo Battista. Expected DD/MM/YYYY
2026-07-21 13:28:07,520 - modules.scheduler - ERROR - Error calculating days remaining: Invalid date format: Marcelo Battista. Expected DD/MM/YYYY
2026-07-21 13:28:07,520 - modules.scheduler - ERROR - Invalid date format: Fernando Menendez. Expected DD/MM/YYYY
2026-07-21 13:28:07,520 - modules.scheduler - ERROR - Error calculating days remaining: Invalid date format: Fernando Menendez. Expected DD/MM/YYYY
2026-07-21 13:28:07,520 - modules.scheduler - ERROR - Invalid date format: Marcelo Battista. Expected DD/MM/YYYY
2026-07-21 13:28:07,520 - modules.scheduler - ERROR - Error calculating days remaining: Invalid date format: Marcelo Battista. Expected DD/MM/YYYY
2026-07-21 13:28:07,520 - modules.scheduler - ERROR - Invalid date format: Fernando Menendez. Expected DD/MM/YYYY
2026-07-21 13:28:07,520 - modules.scheduler - ERROR - Error calculating days remaining: Invalid date format: Fernando Menendez. Expected DD/MM/YYYY
2026-07-21 13:28:07,520 - modules.scheduler - ERROR - Invalid date format: Marcelo Battista. Expected DD/MM/YYYY
2026-07-21 13:28:07,520 - modules.scheduler - ERROR - Error calculating days remaining: Invalid date format: Marcelo Battista. Expected DD/MM/YYYY
2026-07-21 13:28:07,520 - modules.scheduler - ERROR - Invalid date format: Fernando Menendez. Expected DD/MM/YYYY
2026-07-21 13:28:07,520 - modules.scheduler - ERROR - Error calculating days remaining: Invalid date format: Fernando Menendez. Expected DD/MM/YYYY
2026-07-21 13:28:07,520 - modules.scheduler - ERROR - Invalid date format: Marcelo Battista. Expected DD/MM/YYYY
2026-07-21 13:28:07,520 - modules.scheduler - ERROR - Error calculating days remaining: Invalid date format: Marcelo Battista. Expected DD/MM/YYYY
2026-07-21 13:28:07,520 - modules.scheduler - ERROR - Invalid date format: Fernando Menendez. Expected DD/MM/YYYY
2026-07-21 13:28:07,520 - modules.scheduler - ERROR - Error calculating days remaining: Invalid date format: Fernando Menendez. Expected DD/MM/YYYY
2026-07-21 13:28:07,520 - modules.scheduler - ERROR - Invalid date format: Marcelo Battista. Expected DD/MM/YYYY
2026-07-21 13:28:07,520 - modules.scheduler - ERROR - Error calculating days remaining: Invalid date format: Marcelo Battista. Expected DD/MM/YYYY
2026-07-21 13:28:07,520 - modules.scheduler - ERROR - Invalid date format: Fernando Menendez. Expected DD/MM/YYYY
2026-07-21 13:28:07,520 - modules.scheduler - ERROR - Error calculating days remaining: Invalid date format: Fernando Menendez. Expected DD/MM/YYYY
2026-07-21 13:28:07,521 - modules.scheduler - ERROR - Invalid date format: Marcelo Battista. Expected DD/MM/YYYY
2026-07-21 13:28:07,521 - modules.scheduler - ERROR - Error calculating days remaining: Invalid date format: Marcelo Battista. Expected DD/MM/YYYY
2026-07-21 13:28:07,521 - modules.scheduler - ERROR - Invalid date format: Marcelo Battista. Expected DD/MM/YYYY
2026-07-21 13:28:07,521 - modules.scheduler - ERROR - Error calculating days remaining: Invalid date format: Marcelo Battista. Expected DD/MM/YYYY
2026-07-21 13:28:07,521 - modules.scheduler - ERROR - Invalid date format: Marcelo Battista. Expected DD/MM/YYYY
2026-07-21 13:28:07,521 - modules.scheduler - ERROR - Error calculating days remaining: Invalid date format: Marcelo Battista. Expected DD/MM/YYYY
2026-07-21 13:28:07,521 - modules.scheduler - ERROR - Invalid date format: Jorge Fernandez. Expected DD/MM/YYYY
2026-07-21 13:28:07,521 - modules.scheduler - ERROR - Error calculating days remaining: Invalid date format: Jorge Fernandez. Expected DD/MM/YYYY
2026-07-21 13:28:07,521 - modules.scheduler - ERROR - Invalid date format: Marcelo Battista. Expected DD/MM/YYYY
2026-07-21 13:28:07,521 - modules.scheduler - ERROR - Error calculating days remaining: Invalid date format: Marcelo Battista. Expected DD/MM/YYYY
2026-07-21 13:28:07,521 - modules.scheduler - ERROR - Invalid date format: Jorge Fernandez. Expected DD/MM/YYYY
2026-07-21 13:28:07,521 - modules.scheduler - ERROR - Error calculating days remaining: Invalid date format: Jorge Fernandez. Expected DD/MM/YYYY
2026-07-21 13:28:07,521 - modules.scheduler - ERROR - Invalid date format: Marcelo Battista. Expected DD/MM/YYYY
2026-07-21 13:28:07,521 - modules.scheduler - ERROR - Error calculating days remaining: Invalid date format: Marcelo Battista. Expected DD/MM/YYYY
2026-07-21 13:28:07,521 - modules.scheduler - ERROR - Invalid date format: Jorge Fernandez. Expected DD/MM/YYYY
2026-07-21 13:28:07,521 - modules.scheduler - ERROR - Error calculating days remaining: Invalid date format: Jorge Fernandez. Expected DD/MM/YYYY
2026-07-21 13:28:07,521 - modules.scheduler - ERROR - Invalid date format: Marcelo Battista. Expected DD/MM/YYYY
2026-07-21 13:28:07,521 - modules.scheduler - ERROR - Error calculating days remaining: Invalid date format: Marcelo Battista. Expected DD/MM/YYYY
2026-07-21 13:28:07,521 - modules.scheduler - ERROR - Invalid date format: Jorge Fernandez. Expected DD/MM/YYYY
2026-07-21 13:28:07,521 - modules.scheduler - ERROR - Error calculating days remaining: Invalid date format: Jorge Fernandez. Expected DD/MM/YYYY
2026-07-21 13:28:07,521 - modules.scheduler - ERROR - Invalid date format: Marcelo Battista. Expected DD/MM/YYYY
2026-07-21 13:28:07,521 - modules.scheduler - ERROR - Error calculating days remaining: Invalid date format: Marcelo Battista. Expected DD/MM/YYYY
2026-07-21 13:28:07,521 - modules.scheduler - ERROR - Invalid date format: Jorge Fernandez. Expected DD/MM/YYYY
2026-07-21 13:28:07,521 - modules.scheduler - ERROR - Error calculating days remaining: Invalid date format: Jorge Fernandez. Expected DD/MM/YYYY
2026-07-21 13:28:07,521 - modules.scheduler - ERROR - Invalid date format: Marcelo Battista. Expected DD/MM/YYYY
2026-07-21 13:28:07,521 - modules.scheduler - ERROR - Error calculating days remaining: Invalid date format: Marcelo Battista. Expected DD/MM/YYYY
2026-07-21 13:28:07,521 - modules.scheduler - ERROR - Invalid date format: Jorge Fernandez. Expected DD/MM/YYYY
2026-07-21 13:28:07,522 - modules.scheduler - ERROR - Error calculating days remaining: Invalid date format: Jorge Fernandez. Expected DD/MM/YYYY
2026-07-21 13:28:07,522 - modules.scheduler - ERROR - Invalid date format: Marcelo Battista. Expected DD/MM/YYYY
2026-07-21 13:28:07,522 - modules.scheduler - ERROR - Error calculating days remaining: Invalid date format: Marcelo Battista. Expected DD/MM/YYYY
2026-07-21 13:28:07,522 - modules.scheduler - ERROR - Invalid date format: Jorge Fernandez. Expected DD/MM/YYYY
2026-07-21 13:28:07,522 - modules.scheduler - ERROR - Error calculating days remaining: Invalid date format: Jorge Fernandez. Expected DD/MM/YYYY
2026-07-21 13:28:07,522 - modules.scheduler - ERROR - Invalid date format: Jorge Fernandez. Expected DD/MM/YYYY
2026-07-21 13:28:07,522 - modules.scheduler - ERROR - Error calculating days remaining: Invalid date format: Jorge Fernandez. Expected DD/MM/YYYY
2026-07-21 13:28:07,522 - modules.scheduler - ERROR - Invalid date format: Jorge Fernandez. Expected DD/MM/YYYY
2026-07-21 13:28:07,522 - modules.scheduler - ERROR - Error calculating days remaining: Invalid date format: Jorge Fernandez. Expected DD/MM/YYYY
2026-07-21 13:28:07,522 - modules.scheduler - ERROR - Invalid date format: Jorge Fernandez. Expected DD/MM/YYYY
2026-07-21 13:28:07,522 - modules.scheduler - ERROR - Error calculating days remaining: Invalid date format: Jorge Fernandez. Expected DD/MM/YYYY
2026-07-21 13:28:07,522 - modules.scheduler - ERROR - Invalid date format: Fernando Menendez. Expected DD/MM/YYYY
2026-07-21 13:28:07,522 - modules.scheduler - ERROR - Error calculating days remaining: Invalid date format: Fernando Menendez. Expected DD/MM/YYYY
2026-07-21 13:28:07,522 - modules.scheduler - ERROR - Invalid date format: Marcelo Battista. Expected DD/MM/YYYY
2026-07-21 13:28:07,522 - modules.scheduler - ERROR - Error calculating days remaining: Invalid date format: Marcelo Battista. Expected DD/MM/YYYY
2026-07-21 13:28:07,522 - modules.scheduler - ERROR - Invalid date format: Jorge Fernandez. Expected DD/MM/YYYY
2026-07-21 13:28:07,522 - modules.scheduler - ERROR - Error calculating days remaining: Invalid date format: Jorge Fernandez. Expected DD/MM/YYYY
2026-07-21 13:28:07,522 - modules.scheduler - ERROR - Invalid date format: Marcelo Battista. Expected DD/MM/YYYY
2026-07-21 13:28:07,522 - modules.scheduler - ERROR - Error calculating days remaining: Invalid date format: Marcelo Battista. Expected DD/MM/YYYY
2026-07-21 13:28:07,522 - modules.scheduler - ERROR - Invalid date format: Jorge Fernandez. Expected DD/MM/YYYY
2026-07-21 13:28:07,522 - modules.scheduler - ERROR - Error calculating days remaining: Invalid date format: Jorge Fernandez. Expected DD/MM/YYYY
2026-07-21 13:28:07,522 - modules.scheduler - ERROR - Invalid date format: Marcelo Battista. Expected DD/MM/YYYY
2026-07-21 13:28:07,522 - modules.scheduler - ERROR - Error calculating days remaining: Invalid date format: Marcelo Battista. Expected DD/MM/YYYY
2026-07-21 13:28:07,522 - modules.scheduler - ERROR - Invalid date format: Jorge Fernandez. Expected DD/MM/YYYY
2026-07-21 13:28:07,522 - modules.scheduler - ERROR - Error calculating days remaining: Invalid date format: Jorge Fernandez. Expected DD/MM/YYYY
2026-07-21 13:28:07,522 - modules.scheduler - ERROR - Invalid date format: Marcelo Battista. Expected DD/MM/YYYY
2026-07-21 13:28:07,522 - modules.scheduler - ERROR - Error calculating days remaining: Invalid date format: Marcelo Battista. Expected DD/MM/YYYY
2026-07-21 13:28:07,523 - modules.scheduler - ERROR - Invalid date format: Jorge Fernandez. Expected DD/MM/YYYY
2026-07-21 13:28:07,523 - modules.scheduler - ERROR - Error calculating days remaining: Invalid date format: Jorge Fernandez. Expected DD/MM/YYYY
2026-07-21 13:28:07,523 - modules.scheduler - ERROR - Invalid date format: Marcelo Battista. Expected DD/MM/YYYY
2026-07-21 13:28:07,523 - modules.scheduler - ERROR - Error calculating days remaining: Invalid date format: Marcelo Battista. Expected DD/MM/YYYY
2026-07-21 13:28:07,523 - modules.scheduler - ERROR - Invalid date format: Jorge Fernandez. Expected DD/MM/YYYY
2026-07-21 13:28:07,523 - modules.scheduler - ERROR - Error calculating days remaining: Invalid date format: Jorge Fernandez. Expected DD/MM/YYYY
2026-07-21 13:28:07,523 - modules.scheduler - ERROR - Invalid date format: Marcelo Battista. Expected DD/MM/YYYY
2026-07-21 13:28:07,523 - modules.scheduler - ERROR - Error calculating days remaining: Invalid date format: Marcelo Battista. Expected DD/MM/YYYY
2026-07-21 13:28:07,523 - modules.scheduler - ERROR - Invalid date format: Jorge Fernandez. Expected DD/MM/YYYY
2026-07-21 13:28:07,523 - modules.scheduler - ERROR - Error calculating days remaining: Invalid date format: Jorge Fernandez. Expected DD/MM/YYYY
2026-07-21 13:28:07,523 - modules.scheduler - ERROR - Invalid date format: Marcelo Battista. Expected DD/MM/YYYY
2026-07-21 13:28:07,523 - modules.scheduler - ERROR - Error calculating days remaining: Invalid date format: Marcelo Battista. Expected DD/MM/YYYY
2026-07-21 13:28:07,523 - modules.scheduler - ERROR - Invalid date format: Jorge Fernandez. Expected DD/MM/YYYY
2026-07-21 13:28:07,523 - modules.scheduler - ERROR - Error calculating days remaining: Invalid date format: Jorge Fernandez. Expected DD/MM/YYYY
2026-07-21 13:28:07,523 - modules.scheduler - ERROR - Invalid date format: Marcelo Battista. Expected DD/MM/YYYY
2026-07-21 13:28:07,523 - modules.scheduler - ERROR - Error calculating days remaining: Invalid date format: Marcelo Battista. Expected DD/MM/YYYY
2026-07-21 13:28:07,523 - modules.scheduler - ERROR - Invalid date format: Fernando Menendez. Expected DD/MM/YYYY
2026-07-21 13:28:07,523 - modules.scheduler - ERROR - Error calculating days remaining: Invalid date format: Fernando Menendez. Expected DD/MM/YYYY
2026-07-21 13:28:07,523 - modules.scheduler - ERROR - Invalid date format: Fernando Menendez. Expected DD/MM/YYYY
2026-07-21 13:28:07,523 - modules.scheduler - ERROR - Error calculating days remaining: Invalid date format: Fernando Menendez. Expected DD/MM/YYYY
2026-07-21 13:28:07,523 - modules.scheduler - ERROR - Invalid date format: Marcelo Battista. Expected DD/MM/YYYY
2026-07-21 13:28:07,523 - modules.scheduler - ERROR - Error calculating days remaining: Invalid date format: Marcelo Battista. Expected DD/MM/YYYY
2026-07-21 13:28:07,523 - modules.scheduler - ERROR - Invalid date format: Fernando Menendez. Expected DD/MM/YYYY
2026-07-21 13:28:07,524 - modules.scheduler - ERROR - Error calculating days remaining: Invalid date format: Fernando Menendez. Expected DD/MM/YYYY
2026-07-21 13:28:07,524 - modules.scheduler - ERROR - Invalid date format: Marcelo Battista. Expected DD/MM/YYYY
2026-07-21 13:28:07,524 - modules.scheduler - ERROR - Error calculating days remaining: Invalid date format: Marcelo Battista. Expected DD/MM/YYYY
2026-07-21 13:28:07,524 - modules.scheduler - ERROR - Invalid date format: Fernando Menendez. Expected DD/MM/YYYY
2026-07-21 13:28:07,524 - modules.scheduler - ERROR - Error calculating days remaining: Invalid date format: Fernando Menendez. Expected DD/MM/YYYY
2026-07-21 13:28:07,524 - modules.scheduler - ERROR - Invalid date format: Marcelo Battista. Expected DD/MM/YYYY
2026-07-21 13:28:07,524 - modules.scheduler - ERROR - Error calculating days remaining: Invalid date format: Marcelo Battista. Expected DD/MM/YYYY
2026-07-21 13:28:07,524 - modules.scheduler - ERROR - Invalid date format: Fernando Menendez. Expected DD/MM/YYYY
2026-07-21 13:28:07,524 - modules.scheduler - ERROR - Error calculating days remaining: Invalid date format: Fernando Menendez. Expected DD/MM/YYYY
2026-07-21 13:28:07,524 - modules.scheduler - ERROR - Invalid date format: Marcelo Battista. Expected DD/MM/YYYY
2026-07-21 13:28:07,524 - modules.scheduler - ERROR - Error calculating days remaining: Invalid date format: Marcelo Battista. Expected DD/MM/YYYY
2026-07-21 13:28:07,524 - modules.scheduler - ERROR - Invalid date format: Fernando Menendez. Expected DD/MM/YYYY
2026-07-21 13:28:07,524 - modules.scheduler - ERROR - Error calculating days remaining: Invalid date format: Fernando Menendez. Expected DD/MM/YYYY
2026-07-21 13:28:07,524 - modules.scheduler - ERROR - Invalid date format: Marcelo Battista. Expected DD/MM/YYYY
2026-07-21 13:28:07,524 - modules.scheduler - ERROR - Error calculating days remaining: Invalid date format: Marcelo Battista. Expected DD/MM/YYYY
2026-07-21 13:28:07,524 - modules.scheduler - ERROR - Invalid date format: Fernando Menendez. Expected DD/MM/YYYY
2026-07-21 13:28:07,524 - modules.scheduler - ERROR - Error calculating days remaining: Invalid date format: Fernando Menendez. Expected DD/MM/YYYY
2026-07-21 13:28:07,524 - modules.scheduler - ERROR - Invalid date format: Marcelo Battista. Expected DD/MM/YYYY
2026-07-21 13:28:07,524 - modules.scheduler - ERROR - Error calculating days remaining: Invalid date format: Marcelo Battista. Expected DD/MM/YYYY
2026-07-21 13:28:07,524 - modules.scheduler - ERROR - Invalid date format: Fernando Menendez. Expected DD/MM/YYYY
2026-07-21 13:28:07,524 - modules.scheduler - ERROR - Error calculating days remaining: Invalid date format: Fernando Menendez. Expected DD/MM/YYYY
2026-07-21 13:28:07,524 - modules.scheduler - ERROR - Invalid date format: Marcelo Battista. Expected DD/MM/YYYY
2026-07-21 13:28:07,524 - modules.scheduler - ERROR - Error calculating days remaining: Invalid date format: Marcelo Battista. Expected DD/MM/YYYY
2026-07-21 13:28:07,524 - modules.scheduler - INFO - Alert evaluation complete: 0 overdue, 0 approaching
2026-07-21 13:28:07,524 - modules.notifier - INFO - Logged 0/0 alerts
2026-07-21 13:28:07,524 - modules.notifier - INFO - Logged 0/0 alerts
2026-07-21 13:28:07,524 - __main__ - INFO - Total alerts logged: 0
2026-07-21 13:28:07,524 - __main__ - INFO - ============================================================
RESUMEN DE ALERTAS - 21/07/2026 13:28
============================================================

PROYECTOS VENCIDOS: 0
PLAZOS PRÓXIMOS (próximos 3 días): 0
============================================================
2026-07-21 13:28:07,525 - alerts - INFO - 
======================================================================
RESUMEN DE EJECUCIÓN - 21/07/2026 13:28:07
======================================================================
Status: SUCCESS
Root Folder: 1dMu2WeU3bbzqPEFEAoNySonP1eKTC71u
Departments: 3
Master Schedule: 1yHvzhJCsfi1UZ_XtxOnesgaMakNtsNjvkIMP2gaYDgw
======================================================================

2026-07-21 13:28:07,525 - __main__ - INFO - 
2026-07-21 13:28:07,525 - __main__ - INFO - ✓ Execution completed successfully
2026-07-21 13:28:39,435 - __main__ - INFO - 
2026-07-21 13:28:39,435 - __main__ - INFO - ╔====================================================================╗
2026-07-21 13:28:39,435 - __main__ - INFO - ║              PROJECT SCHEDULER - FULL EXECUTION CYCLE              ║
2026-07-21 13:28:39,435 - __main__ - INFO - ╚====================================================================╝
2026-07-21 13:28:39,435 - __main__ - INFO - 
2026-07-21 13:28:39,435 - __main__ - INFO - ======================================================================
2026-07-21 13:28:39,435 - __main__ - INFO - STEP 1: Setting up folder structure
2026-07-21 13:28:39,435 - __main__ - INFO - ======================================================================
2026-07-21 13:28:40,647 - modules.drive_manager - INFO - Folder found: Proyectos_Empresa (ID: 1dMu2WeU3bbzqPEFEAoNySonP1eKTC71u)
2026-07-21 13:28:40,647 - __main__ - INFO - Root folder created with ID: 1dMu2WeU3bbzqPEFEAoNySonP1eKTC71u
2026-07-21 13:28:40,939 - modules.drive_manager - INFO - Folder found: Ingenieria (ID: 1Voz7pY4e1gXbiHrohg8kE7ORywmh9oPe)
2026-07-21 13:28:41,225 - modules.drive_manager - INFO - Folder found: Clientes (ID: 1-pW6dcCmpM7yr9pfNA895HVeLNA87AL9)
2026-07-21 13:28:41,226 - __main__ - INFO - Ingenieria department folder: 1Voz7pY4e1gXbiHrohg8kE7ORywmh9oPe
2026-07-21 13:28:41,226 - __main__ - INFO - Ingenieria clients folder: 1-pW6dcCmpM7yr9pfNA895HVeLNA87AL9
2026-07-21 13:28:41,540 - modules.drive_manager - INFO - Folder found: Obras (ID: 1pxkkVZK_9XrhMBlKJfgvwYdjrPASagkY)
2026-07-21 13:28:41,816 - modules.drive_manager - INFO - Folder found: Clientes (ID: 17GspBkoAYHSJUIaC7663vAIB8bz495ID)
2026-07-21 13:28:41,816 - __main__ - INFO - Obras department folder: 1pxkkVZK_9XrhMBlKJfgvwYdjrPASagkY
2026-07-21 13:28:41,816 - __main__ - INFO - Obras clients folder: 17GspBkoAYHSJUIaC7663vAIB8bz495ID
2026-07-21 13:28:42,093 - modules.drive_manager - INFO - Folder found: Mantenimiento (ID: 15Ykg8P5i8lHto5TSl2_mCnwuz6u0Vj7f)
2026-07-21 13:28:42,359 - modules.drive_manager - INFO - Folder found: Clientes (ID: 1rIzjgwvLwRIaRc-qbJi4Uubu2DeBpkK_)
2026-07-21 13:28:42,359 - __main__ - INFO - Mantenimiento department folder: 15Ykg8P5i8lHto5TSl2_mCnwuz6u0Vj7f
2026-07-21 13:28:42,359 - __main__ - INFO - Mantenimiento clients folder: 1rIzjgwvLwRIaRc-qbJi4Uubu2DeBpkK_
2026-07-21 13:28:42,359 - __main__ - INFO - 
2026-07-21 13:28:42,359 - __main__ - INFO - ======================================================================
2026-07-21 13:28:42,359 - __main__ - INFO - STEP 2: Setting up spreadsheets
2026-07-21 13:28:42,359 - __main__ - INFO - ======================================================================
2026-07-21 13:28:42,971 - modules.sheets_manager - INFO - Spreadsheet found: Cronograma_Ingenieria (ID: 1c9kxSxwPG3huAebtoMKoopB8Zprzcm5ncFwcq4ipl3w)
2026-07-21 13:28:43,212 - modules.sheets_manager - INFO - Sheet names for 1c9kxSxwPG3huAebtoMKoopB8Zprzcm5ncFwcq4ipl3w: ['Ingenieria']
2026-07-21 13:28:43,212 - modules.sheets_manager - INFO - Sheet 'Ingenieria' already exists
2026-07-21 13:28:43,475 - modules.sheets_manager - INFO - Data written to 1c9kxSxwPG3huAebtoMKoopB8Zprzcm5ncFwcq4ipl3w: Ingenieria!A1 (1 rows)
2026-07-21 13:28:43,475 - __main__ - INFO - Headers created for Ingenieria
2026-07-21 13:28:43,476 - __main__ - INFO - Spreadsheet for Ingenieria: 1c9kxSxwPG3huAebtoMKoopB8Zprzcm5ncFwcq4ipl3w
2026-07-21 13:28:44,012 - modules.sheets_manager - INFO - Spreadsheet found: Cronograma_Obras (ID: 1K4yNUOomuBCgRDt8kY_r7nhKq8J0FZ-iPtxviluFhoA)
2026-07-21 13:28:44,313 - modules.sheets_manager - INFO - Sheet names for 1K4yNUOomuBCgRDt8kY_r7nhKq8J0FZ-iPtxviluFhoA: ['Obras']
2026-07-21 13:28:44,313 - modules.sheets_manager - INFO - Sheet 'Obras' already exists
2026-07-21 13:28:44,640 - modules.sheets_manager - INFO - Data written to 1K4yNUOomuBCgRDt8kY_r7nhKq8J0FZ-iPtxviluFhoA: Obras!A1 (1 rows)
2026-07-21 13:28:44,641 - __main__ - INFO - Headers created for Obras
2026-07-21 13:28:44,641 - __main__ - INFO - Spreadsheet for Obras: 1K4yNUOomuBCgRDt8kY_r7nhKq8J0FZ-iPtxviluFhoA
2026-07-21 13:28:45,359 - modules.sheets_manager - INFO - Spreadsheet found: Cronograma_Mantenimiento (ID: 1NmI8DwyPCNe8HsnDBlIu__FL_Peff2N-UYQ946SuBBA)
2026-07-21 13:28:45,618 - modules.sheets_manager - INFO - Sheet names for 1NmI8DwyPCNe8HsnDBlIu__FL_Peff2N-UYQ946SuBBA: ['Mantenimiento']
2026-07-21 13:28:45,618 - modules.sheets_manager - INFO - Sheet 'Mantenimiento' already exists
2026-07-21 13:28:45,895 - modules.sheets_manager - INFO - Data written to 1NmI8DwyPCNe8HsnDBlIu__FL_Peff2N-UYQ946SuBBA: Mantenimiento!A1 (1 rows)
2026-07-21 13:28:45,895 - __main__ - INFO - Headers created for Mantenimiento
2026-07-21 13:28:45,895 - __main__ - INFO - Spreadsheet for Mantenimiento: 1NmI8DwyPCNe8HsnDBlIu__FL_Peff2N-UYQ946SuBBA
2026-07-21 13:28:46,306 - modules.sheets_manager - INFO - Spreadsheet found: Cronograma_Maestro (ID: 1yHvzhJCsfi1UZ_XtxOnesgaMakNtsNjvkIMP2gaYDgw)
2026-07-21 13:28:46,572 - modules.sheets_manager - INFO - Sheet names for 1yHvzhJCsfi1UZ_XtxOnesgaMakNtsNjvkIMP2gaYDgw: ['Cronograma_Maestro']
2026-07-21 13:28:46,572 - modules.sheets_manager - INFO - Sheet 'Cronograma_Maestro' already exists
2026-07-21 13:28:46,898 - modules.sheets_manager - INFO - Data written to 1yHvzhJCsfi1UZ_XtxOnesgaMakNtsNjvkIMP2gaYDgw: Cronograma_Maestro!A1 (1 rows)
2026-07-21 13:28:46,898 - __main__ - INFO - Headers created for master schedule
2026-07-21 13:28:46,898 - __main__ - INFO - Master schedule spreadsheet: 1yHvzhJCsfi1UZ_XtxOnesgaMakNtsNjvkIMP2gaYDgw
2026-07-21 13:28:46,898 - __main__ - INFO - 
2026-07-21 13:28:46,898 - __main__ - INFO - ======================================================================
2026-07-21 13:28:46,898 - __main__ - INFO - STEP 3: Consolidating schedules
2026-07-21 13:28:46,898 - __main__ - INFO - ======================================================================
2026-07-21 13:28:47,121 - modules.sheets_manager - INFO - Sheet names for 1c9kxSxwPG3huAebtoMKoopB8Zprzcm5ncFwcq4ipl3w: ['Ingenieria']
2026-07-21 13:28:47,357 - modules.sheets_manager - INFO - Data read from 1c9kxSxwPG3huAebtoMKoopB8Zprzcm5ncFwcq4ipl3w: Ingenieria!A:G (20 rows)
2026-07-21 13:28:47,357 - __main__ - INFO - Read 20 rows from Ingenieria
2026-07-21 13:28:47,596 - modules.sheets_manager - INFO - Sheet names for 1K4yNUOomuBCgRDt8kY_r7nhKq8J0FZ-iPtxviluFhoA: ['Obras']
2026-07-21 13:28:47,858 - modules.sheets_manager - INFO - Data read from 1K4yNUOomuBCgRDt8kY_r7nhKq8J0FZ-iPtxviluFhoA: Obras!A:G (16 rows)
2026-07-21 13:28:47,858 - __main__ - INFO - Read 16 rows from Obras
2026-07-21 13:28:48,072 - modules.sheets_manager - INFO - Sheet names for 1NmI8DwyPCNe8HsnDBlIu__FL_Peff2N-UYQ946SuBBA: ['Mantenimiento']
2026-07-21 13:28:48,341 - modules.sheets_manager - INFO - Data read from 1NmI8DwyPCNe8HsnDBlIu__FL_Peff2N-UYQ946SuBBA: Mantenimiento!A:G (16 rows)
2026-07-21 13:28:48,341 - __main__ - INFO - Read 16 rows from Mantenimiento
2026-07-21 13:28:48,342 - modules.consolidator - INFO - Prepared 19 rows from Ingenieria
2026-07-21 13:28:48,343 - modules.consolidator - INFO - Prepared 15 rows from Obras
2026-07-21 13:28:48,343 - modules.consolidator - INFO - Prepared 15 rows from Mantenimiento
2026-07-21 13:28:48,344 - modules.consolidator - INFO - Consolidated 49 total projects from all departments
2026-07-21 13:28:48,345 - modules.consolidator - INFO - Data validation: FAILED (1 errors)
2026-07-21 13:28:48,345 - __main__ - WARNING - Data validation issues: ['Invalid states found: 2026-07-01 0:00:00, 2026-06-15 0:00:00, 2026-07-05 0:00:00, 2026-05-20 0:00:00, 2026-07-18 0:00:00, 2026-06-25 0:00:00, 2026-07-10 0:00:00, 2026-04-10 0:00:00, 2026-07-15 0:00:00, 2026-06-30 0:00:00, 2026-07-20 0:00:00, 2026-05-15 0:00:00, 2026-07-08 0:00:00, 2026-06-22 0:00:00, 2026-07-12 0:00:00, 2026-07-14 0:00:00, 2026-07-03 0:00:00, 2026-06-08 0:00:00, 2026-07-16 0:00:00, 2026-06-20 0:00:00, 2026-04-20 0:00:00, 2026-06-28 0:00:00, 2026-05-10 0:00:00, 2026-07-02 0:00:00, 2026-06-10 0:00:00, 2026-05-28 0:00:00, 2026-04-05 0:00:00, 2026-06-18 0:00:00, 2026-05-12 0:00:00']
2026-07-21 13:28:48,632 - modules.sheets_manager - INFO - Sheet names for 1yHvzhJCsfi1UZ_XtxOnesgaMakNtsNjvkIMP2gaYDgw: ['Cronograma_Maestro']
2026-07-21 13:28:48,907 - modules.sheets_manager - INFO - Data cleared from 1yHvzhJCsfi1UZ_XtxOnesgaMakNtsNjvkIMP2gaYDgw: Cronograma_Maestro!A2:H
2026-07-21 13:28:49,182 - modules.sheets_manager - ERROR - Failed to write data: <HttpError 400 when requesting https://sheets.googleapis.com/v4/spreadsheets/1yHvzhJCsfi1UZ_XtxOnesgaMakNtsNjvkIMP2gaYDgw/values/Cronograma_Maestro%21A1?valueInputOption=RAW&alt=json returned "Invalid JSON payload received. Unexpected token.
026-07-01 0:00:00", NaN, "Ingenieria"], 
                    ^". Details: "Invalid JSON payload received. Unexpected token.
026-07-01 0:00:00", NaN, "Ingenieria"], 
                    ^">
2026-07-21 13:28:49,182 - __main__ - INFO - Consolidated 49 projects to master schedule
2026-07-21 13:28:49,188 - modules.consolidator - INFO - Generated summaries for 3 departments
2026-07-21 13:28:49,188 - __main__ - INFO - Ingenieria: {'departamento': 'Ingenieria', 'total_proyectos': 19, 'pendiente': 0, 'en_progreso': 0, 'completado': 0, 'retrasado': 0}
2026-07-21 13:28:49,188 - __main__ - INFO - Obras: {'departamento': 'Obras', 'total_proyectos': 15, 'pendiente': 0, 'en_progreso': 0, 'completado': 0, 'retrasado': 0}
2026-07-21 13:28:49,188 - __main__ - INFO - Mantenimiento: {'departamento': 'Mantenimiento', 'total_proyectos': 15, 'pendiente': 0, 'en_progreso': 0, 'completado': 0, 'retrasado': 0}
2026-07-21 13:28:49,188 - __main__ - INFO - 
2026-07-21 13:28:49,188 - __main__ - INFO - ======================================================================
2026-07-21 13:28:49,189 - __main__ - INFO - STEP 4: Evaluating alerts
2026-07-21 13:28:49,189 - __main__ - INFO - ======================================================================
2026-07-21 13:28:49,190 - modules.scheduler - ERROR - Invalid date format: Marcelo Battista. Expected DD/MM/YYYY
2026-07-21 13:28:49,190 - modules.scheduler - ERROR - Error calculating days remaining: Invalid date format: Marcelo Battista. Expected DD/MM/YYYY
2026-07-21 13:28:49,190 - modules.scheduler - ERROR - Invalid date format: Marcelo Battista. Expected DD/MM/YYYY
2026-07-21 13:28:49,190 - modules.scheduler - ERROR - Error calculating days remaining: Invalid date format: Marcelo Battista. Expected DD/MM/YYYY
2026-07-21 13:28:49,190 - modules.scheduler - ERROR - Invalid date format: Jorge Fernandez. Expected DD/MM/YYYY
2026-07-21 13:28:49,190 - modules.scheduler - ERROR - Error calculating days remaining: Invalid date format: Jorge Fernandez. Expected DD/MM/YYYY
2026-07-21 13:28:49,190 - modules.scheduler - ERROR - Invalid date format: Marcelo Battista. Expected DD/MM/YYYY
2026-07-21 13:28:49,190 - modules.scheduler - ERROR - Error calculating days remaining: Invalid date format: Marcelo Battista. Expected DD/MM/YYYY
2026-07-21 13:28:49,190 - modules.scheduler - ERROR - Invalid date format: Jorge Fernandez. Expected DD/MM/YYYY
2026-07-21 13:28:49,190 - modules.scheduler - ERROR - Error calculating days remaining: Invalid date format: Jorge Fernandez. Expected DD/MM/YYYY
2026-07-21 13:28:49,190 - modules.scheduler - ERROR - Invalid date format: Marcelo Battista. Expected DD/MM/YYYY
2026-07-21 13:28:49,190 - modules.scheduler - ERROR - Error calculating days remaining: Invalid date format: Marcelo Battista. Expected DD/MM/YYYY
2026-07-21 13:28:49,190 - modules.scheduler - ERROR - Invalid date format: Jorge Fernandez. Expected DD/MM/YYYY
2026-07-21 13:28:49,190 - modules.scheduler - ERROR - Error calculating days remaining: Invalid date format: Jorge Fernandez. Expected DD/MM/YYYY
2026-07-21 13:28:49,190 - modules.scheduler - ERROR - Invalid date format: Marcelo Battista. Expected DD/MM/YYYY
2026-07-21 13:28:49,190 - modules.scheduler - ERROR - Error calculating days remaining: Invalid date format: Marcelo Battista. Expected DD/MM/YYYY
2026-07-21 13:28:49,190 - modules.scheduler - ERROR - Invalid date format: Jorge Fernandez. Expected DD/MM/YYYY
2026-07-21 13:28:49,190 - modules.scheduler - ERROR - Error calculating days remaining: Invalid date format: Jorge Fernandez. Expected DD/MM/YYYY
2026-07-21 13:28:49,190 - modules.scheduler - ERROR - Invalid date format: Marcelo Battista. Expected DD/MM/YYYY
2026-07-21 13:28:49,191 - modules.scheduler - ERROR - Error calculating days remaining: Invalid date format: Marcelo Battista. Expected DD/MM/YYYY
2026-07-21 13:28:49,191 - modules.scheduler - ERROR - Invalid date format: Jorge Fernandez. Expected DD/MM/YYYY
2026-07-21 13:28:49,191 - modules.scheduler - ERROR - Error calculating days remaining: Invalid date format: Jorge Fernandez. Expected DD/MM/YYYY
2026-07-21 13:28:49,191 - modules.scheduler - ERROR - Invalid date format: Marcelo Battista. Expected DD/MM/YYYY
2026-07-21 13:28:49,191 - modules.scheduler - ERROR - Error calculating days remaining: Invalid date format: Marcelo Battista. Expected DD/MM/YYYY
2026-07-21 13:28:49,191 - modules.scheduler - ERROR - Invalid date format: Jorge Fernandez. Expected DD/MM/YYYY
2026-07-21 13:28:49,191 - modules.scheduler - ERROR - Error calculating days remaining: Invalid date format: Jorge Fernandez. Expected DD/MM/YYYY
2026-07-21 13:28:49,191 - modules.scheduler - ERROR - Invalid date format: Marcelo Battista. Expected DD/MM/YYYY
2026-07-21 13:28:49,191 - modules.scheduler - ERROR - Error calculating days remaining: Invalid date format: Marcelo Battista. Expected DD/MM/YYYY
2026-07-21 13:28:49,191 - modules.scheduler - ERROR - Invalid date format: Jorge Fernandez. Expected DD/MM/YYYY
2026-07-21 13:28:49,191 - modules.scheduler - ERROR - Error calculating days remaining: Invalid date format: Jorge Fernandez. Expected DD/MM/YYYY
2026-07-21 13:28:49,191 - modules.scheduler - ERROR - Invalid date format: Jorge Fernandez. Expected DD/MM/YYYY
2026-07-21 13:28:49,191 - modules.scheduler - ERROR - Error calculating days remaining: Invalid date format: Jorge Fernandez. Expected DD/MM/YYYY
2026-07-21 13:28:49,191 - modules.scheduler - ERROR - Invalid date format: Jorge Fernandez. Expected DD/MM/YYYY
2026-07-21 13:28:49,191 - modules.scheduler - ERROR - Error calculating days remaining: Invalid date format: Jorge Fernandez. Expected DD/MM/YYYY
2026-07-21 13:28:49,191 - modules.scheduler - ERROR - Invalid date format: Jorge Fernandez. Expected DD/MM/YYYY
2026-07-21 13:28:49,191 - modules.scheduler - ERROR - Error calculating days remaining: Invalid date format: Jorge Fernandez. Expected DD/MM/YYYY
2026-07-21 13:28:49,191 - modules.scheduler - ERROR - Invalid date format: Fernando Menendez. Expected DD/MM/YYYY
2026-07-21 13:28:49,191 - modules.scheduler - ERROR - Error calculating days remaining: Invalid date format: Fernando Menendez. Expected DD/MM/YYYY
2026-07-21 13:28:49,192 - modules.scheduler - ERROR - Invalid date format: Marcelo Battista. Expected DD/MM/YYYY
2026-07-21 13:28:49,192 - modules.scheduler - ERROR - Error calculating days remaining: Invalid date format: Marcelo Battista. Expected DD/MM/YYYY
2026-07-21 13:28:49,192 - modules.scheduler - ERROR - Invalid date format: Jorge Fernandez. Expected DD/MM/YYYY
2026-07-21 13:28:49,192 - modules.scheduler - ERROR - Error calculating days remaining: Invalid date format: Jorge Fernandez. Expected DD/MM/YYYY
2026-07-21 13:28:49,192 - modules.scheduler - ERROR - Invalid date format: Marcelo Battista. Expected DD/MM/YYYY
2026-07-21 13:28:49,192 - modules.scheduler - ERROR - Error calculating days remaining: Invalid date format: Marcelo Battista. Expected DD/MM/YYYY
2026-07-21 13:28:49,192 - modules.scheduler - ERROR - Invalid date format: Jorge Fernandez. Expected DD/MM/YYYY
2026-07-21 13:28:49,192 - modules.scheduler - ERROR - Error calculating days remaining: Invalid date format: Jorge Fernandez. Expected DD/MM/YYYY
2026-07-21 13:28:49,192 - modules.scheduler - ERROR - Invalid date format: Marcelo Battista. Expected DD/MM/YYYY
2026-07-21 13:28:49,192 - modules.scheduler - ERROR - Error calculating days remaining: Invalid date format: Marcelo Battista. Expected DD/MM/YYYY
2026-07-21 13:28:49,192 - modules.scheduler - ERROR - Invalid date format: Jorge Fernandez. Expected DD/MM/YYYY
2026-07-21 13:28:49,192 - modules.scheduler - ERROR - Error calculating days remaining: Invalid date format: Jorge Fernandez. Expected DD/MM/YYYY
2026-07-21 13:28:49,192 - modules.scheduler - ERROR - Invalid date format: Marcelo Battista. Expected DD/MM/YYYY
2026-07-21 13:28:49,192 - modules.scheduler - ERROR - Error calculating days remaining: Invalid date format: Marcelo Battista. Expected DD/MM/YYYY
2026-07-21 13:28:49,192 - modules.scheduler - ERROR - Invalid date format: Jorge Fernandez. Expected DD/MM/YYYY
2026-07-21 13:28:49,192 - modules.scheduler - ERROR - Error calculating days remaining: Invalid date format: Jorge Fernandez. Expected DD/MM/YYYY
2026-07-21 13:28:49,192 - modules.scheduler - ERROR - Invalid date format: Marcelo Battista. Expected DD/MM/YYYY
2026-07-21 13:28:49,192 - modules.scheduler - ERROR - Error calculating days remaining: Invalid date format: Marcelo Battista. Expected DD/MM/YYYY
2026-07-21 13:28:49,192 - modules.scheduler - ERROR - Invalid date format: Jorge Fernandez. Expected DD/MM/YYYY
2026-07-21 13:28:49,192 - modules.scheduler - ERROR - Error calculating days remaining: Invalid date format: Jorge Fernandez. Expected DD/MM/YYYY
2026-07-21 13:28:49,193 - modules.scheduler - ERROR - Invalid date format: Marcelo Battista. Expected DD/MM/YYYY
2026-07-21 13:28:49,193 - modules.scheduler - ERROR - Error calculating days remaining: Invalid date format: Marcelo Battista. Expected DD/MM/YYYY
2026-07-21 13:28:49,193 - modules.scheduler - ERROR - Invalid date format: Jorge Fernandez. Expected DD/MM/YYYY
2026-07-21 13:28:49,193 - modules.scheduler - ERROR - Error calculating days remaining: Invalid date format: Jorge Fernandez. Expected DD/MM/YYYY
2026-07-21 13:28:49,193 - modules.scheduler - ERROR - Invalid date format: Marcelo Battista. Expected DD/MM/YYYY
2026-07-21 13:28:49,193 - modules.scheduler - ERROR - Error calculating days remaining: Invalid date format: Marcelo Battista. Expected DD/MM/YYYY
2026-07-21 13:28:49,193 - modules.scheduler - ERROR - Invalid date format: Jorge Fernandez. Expected DD/MM/YYYY
2026-07-21 13:28:49,193 - modules.scheduler - ERROR - Error calculating days remaining: Invalid date format: Jorge Fernandez. Expected DD/MM/YYYY
2026-07-21 13:28:49,193 - modules.scheduler - ERROR - Invalid date format: Marcelo Battista. Expected DD/MM/YYYY
2026-07-21 13:28:49,193 - modules.scheduler - ERROR - Error calculating days remaining: Invalid date format: Marcelo Battista. Expected DD/MM/YYYY
2026-07-21 13:28:49,193 - modules.scheduler - ERROR - Invalid date format: Fernando Menendez. Expected DD/MM/YYYY
2026-07-21 13:28:49,193 - modules.scheduler - ERROR - Error calculating days remaining: Invalid date format: Fernando Menendez. Expected DD/MM/YYYY
2026-07-21 13:28:49,193 - modules.scheduler - ERROR - Invalid date format: Fernando Menendez. Expected DD/MM/YYYY
2026-07-21 13:28:49,193 - modules.scheduler - ERROR - Error calculating days remaining: Invalid date format: Fernando Menendez. Expected DD/MM/YYYY
2026-07-21 13:28:49,193 - modules.scheduler - ERROR - Invalid date format: Marcelo Battista. Expected DD/MM/YYYY
2026-07-21 13:28:49,193 - modules.scheduler - ERROR - Error calculating days remaining: Invalid date format: Marcelo Battista. Expected DD/MM/YYYY
2026-07-21 13:28:49,193 - modules.scheduler - ERROR - Invalid date format: Fernando Menendez. Expected DD/MM/YYYY
2026-07-21 13:28:49,193 - modules.scheduler - ERROR - Error calculating days remaining: Invalid date format: Fernando Menendez. Expected DD/MM/YYYY
2026-07-21 13:28:49,193 - modules.scheduler - ERROR - Invalid date format: Marcelo Battista. Expected DD/MM/YYYY
2026-07-21 13:28:49,193 - modules.scheduler - ERROR - Error calculating days remaining: Invalid date format: Marcelo Battista. Expected DD/MM/YYYY
2026-07-21 13:28:49,194 - modules.scheduler - ERROR - Invalid date format: Fernando Menendez. Expected DD/MM/YYYY
2026-07-21 13:28:49,194 - modules.scheduler - ERROR - Error calculating days remaining: Invalid date format: Fernando Menendez. Expected DD/MM/YYYY
2026-07-21 13:28:49,194 - modules.scheduler - ERROR - Invalid date format: Marcelo Battista. Expected DD/MM/YYYY
2026-07-21 13:28:49,194 - modules.scheduler - ERROR - Error calculating days remaining: Invalid date format: Marcelo Battista. Expected DD/MM/YYYY
2026-07-21 13:28:49,194 - modules.scheduler - ERROR - Invalid date format: Fernando Menendez. Expected DD/MM/YYYY
2026-07-21 13:28:49,194 - modules.scheduler - ERROR - Error calculating days remaining: Invalid date format: Fernando Menendez. Expected DD/MM/YYYY
2026-07-21 13:28:49,194 - modules.scheduler - ERROR - Invalid date format: Marcelo Battista. Expected DD/MM/YYYY
2026-07-21 13:28:49,194 - modules.scheduler - ERROR - Error calculating days remaining: Invalid date format: Marcelo Battista. Expected DD/MM/YYYY
2026-07-21 13:28:49,194 - modules.scheduler - ERROR - Invalid date format: Fernando Menendez. Expected DD/MM/YYYY
2026-07-21 13:28:49,194 - modules.scheduler - ERROR - Error calculating days remaining: Invalid date format: Fernando Menendez. Expected DD/MM/YYYY
2026-07-21 13:28:49,194 - modules.scheduler - ERROR - Invalid date format: Marcelo Battista. Expected DD/MM/YYYY
2026-07-21 13:28:49,194 - modules.scheduler - ERROR - Error calculating days remaining: Invalid date format: Marcelo Battista. Expected DD/MM/YYYY
2026-07-21 13:28:49,194 - modules.scheduler - ERROR - Invalid date format: Fernando Menendez. Expected DD/MM/YYYY
2026-07-21 13:28:49,194 - modules.scheduler - ERROR - Error calculating days remaining: Invalid date format: Fernando Menendez. Expected DD/MM/YYYY
2026-07-21 13:28:49,194 - modules.scheduler - ERROR - Invalid date format: Marcelo Battista. Expected DD/MM/YYYY
2026-07-21 13:28:49,194 - modules.scheduler - ERROR - Error calculating days remaining: Invalid date format: Marcelo Battista. Expected DD/MM/YYYY
2026-07-21 13:28:49,194 - modules.scheduler - ERROR - Invalid date format: Fernando Menendez. Expected DD/MM/YYYY
2026-07-21 13:28:49,194 - modules.scheduler - ERROR - Error calculating days remaining: Invalid date format: Fernando Menendez. Expected DD/MM/YYYY
2026-07-21 13:28:49,194 - modules.scheduler - ERROR - Invalid date format: Marcelo Battista. Expected DD/MM/YYYY
2026-07-21 13:28:49,194 - modules.scheduler - ERROR - Error calculating days remaining: Invalid date format: Marcelo Battista. Expected DD/MM/YYYY
2026-07-21 13:28:49,195 - modules.scheduler - ERROR - Invalid date format: Marcelo Battista. Expected DD/MM/YYYY
2026-07-21 13:28:49,195 - modules.scheduler - ERROR - Error calculating days remaining: Invalid date format: Marcelo Battista. Expected DD/MM/YYYY
2026-07-21 13:28:49,195 - modules.scheduler - ERROR - Invalid date format: Marcelo Battista. Expected DD/MM/YYYY
2026-07-21 13:28:49,195 - modules.scheduler - ERROR - Error calculating days remaining: Invalid date format: Marcelo Battista. Expected DD/MM/YYYY
2026-07-21 13:28:49,195 - modules.scheduler - ERROR - Invalid date format: Jorge Fernandez. Expected DD/MM/YYYY
2026-07-21 13:28:49,195 - modules.scheduler - ERROR - Error calculating days remaining: Invalid date format: Jorge Fernandez. Expected DD/MM/YYYY
2026-07-21 13:28:49,195 - modules.scheduler - ERROR - Invalid date format: Marcelo Battista. Expected DD/MM/YYYY
2026-07-21 13:28:49,195 - modules.scheduler - ERROR - Error calculating days remaining: Invalid date format: Marcelo Battista. Expected DD/MM/YYYY
2026-07-21 13:28:49,195 - modules.scheduler - ERROR - Invalid date format: Jorge Fernandez. Expected DD/MM/YYYY
2026-07-21 13:28:49,195 - modules.scheduler - ERROR - Error calculating days remaining: Invalid date format: Jorge Fernandez. Expected DD/MM/YYYY
2026-07-21 13:28:49,195 - modules.scheduler - ERROR - Invalid date format: Marcelo Battista. Expected DD/MM/YYYY
2026-07-21 13:28:49,195 - modules.scheduler - ERROR - Error calculating days remaining: Invalid date format: Marcelo Battista. Expected DD/MM/YYYY
2026-07-21 13:28:49,195 - modules.scheduler - ERROR - Invalid date format: Jorge Fernandez. Expected DD/MM/YYYY
2026-07-21 13:28:49,195 - modules.scheduler - ERROR - Error calculating days remaining: Invalid date format: Jorge Fernandez. Expected DD/MM/YYYY
2026-07-21 13:28:49,195 - modules.scheduler - ERROR - Invalid date format: Marcelo Battista. Expected DD/MM/YYYY
2026-07-21 13:28:49,195 - modules.scheduler - ERROR - Error calculating days remaining: Invalid date format: Marcelo Battista. Expected DD/MM/YYYY
2026-07-21 13:28:49,195 - modules.scheduler - ERROR - Invalid date format: Jorge Fernandez. Expected DD/MM/YYYY
2026-07-21 13:28:49,195 - modules.scheduler - ERROR - Error calculating days remaining: Invalid date format: Jorge Fernandez. Expected DD/MM/YYYY
2026-07-21 13:28:49,195 - modules.scheduler - ERROR - Invalid date format: Marcelo Battista. Expected DD/MM/YYYY
2026-07-21 13:28:49,195 - modules.scheduler - ERROR - Error calculating days remaining: Invalid date format: Marcelo Battista. Expected DD/MM/YYYY
2026-07-21 13:28:49,196 - modules.scheduler - ERROR - Invalid date format: Jorge Fernandez. Expected DD/MM/YYYY
2026-07-21 13:28:49,196 - modules.scheduler - ERROR - Error calculating days remaining: Invalid date format: Jorge Fernandez. Expected DD/MM/YYYY
2026-07-21 13:28:49,196 - modules.scheduler - ERROR - Invalid date format: Marcelo Battista. Expected DD/MM/YYYY
2026-07-21 13:28:49,196 - modules.scheduler - ERROR - Error calculating days remaining: Invalid date format: Marcelo Battista. Expected DD/MM/YYYY
2026-07-21 13:28:49,196 - modules.scheduler - ERROR - Invalid date format: Jorge Fernandez. Expected DD/MM/YYYY
2026-07-21 13:28:49,196 - modules.scheduler - ERROR - Error calculating days remaining: Invalid date format: Jorge Fernandez. Expected DD/MM/YYYY
2026-07-21 13:28:49,196 - modules.scheduler - ERROR - Invalid date format: Marcelo Battista. Expected DD/MM/YYYY
2026-07-21 13:28:49,196 - modules.scheduler - ERROR - Error calculating days remaining: Invalid date format: Marcelo Battista. Expected DD/MM/YYYY
2026-07-21 13:28:49,196 - modules.scheduler - ERROR - Invalid date format: Jorge Fernandez. Expected DD/MM/YYYY
2026-07-21 13:28:49,196 - modules.scheduler - ERROR - Error calculating days remaining: Invalid date format: Jorge Fernandez. Expected DD/MM/YYYY
2026-07-21 13:28:49,196 - modules.scheduler - ERROR - Invalid date format: Jorge Fernandez. Expected DD/MM/YYYY
2026-07-21 13:28:49,196 - modules.scheduler - ERROR - Error calculating days remaining: Invalid date format: Jorge Fernandez. Expected DD/MM/YYYY
2026-07-21 13:28:49,196 - modules.scheduler - ERROR - Invalid date format: Jorge Fernandez. Expected DD/MM/YYYY
2026-07-21 13:28:49,196 - modules.scheduler - ERROR - Error calculating days remaining: Invalid date format: Jorge Fernandez. Expected DD/MM/YYYY
2026-07-21 13:28:49,196 - modules.scheduler - ERROR - Invalid date format: Jorge Fernandez. Expected DD/MM/YYYY
2026-07-21 13:28:49,196 - modules.scheduler - ERROR - Error calculating days remaining: Invalid date format: Jorge Fernandez. Expected DD/MM/YYYY
2026-07-21 13:28:49,196 - modules.scheduler - ERROR - Invalid date format: Fernando Menendez. Expected DD/MM/YYYY
2026-07-21 13:28:49,196 - modules.scheduler - ERROR - Error calculating days remaining: Invalid date format: Fernando Menendez. Expected DD/MM/YYYY
2026-07-21 13:28:49,196 - modules.scheduler - ERROR - Invalid date format: Marcelo Battista. Expected DD/MM/YYYY
2026-07-21 13:28:49,196 - modules.scheduler - ERROR - Error calculating days remaining: Invalid date format: Marcelo Battista. Expected DD/MM/YYYY
2026-07-21 13:28:49,196 - modules.scheduler - ERROR - Invalid date format: Jorge Fernandez. Expected DD/MM/YYYY
2026-07-21 13:28:49,196 - modules.scheduler - ERROR - Error calculating days remaining: Invalid date format: Jorge Fernandez. Expected DD/MM/YYYY
2026-07-21 13:28:49,196 - modules.scheduler - ERROR - Invalid date format: Marcelo Battista. Expected DD/MM/YYYY
2026-07-21 13:28:49,197 - modules.scheduler - ERROR - Error calculating days remaining: Invalid date format: Marcelo Battista. Expected DD/MM/YYYY
2026-07-21 13:28:49,197 - modules.scheduler - ERROR - Invalid date format: Jorge Fernandez. Expected DD/MM/YYYY
2026-07-21 13:28:49,197 - modules.scheduler - ERROR - Error calculating days remaining: Invalid date format: Jorge Fernandez. Expected DD/MM/YYYY
2026-07-21 13:28:49,197 - modules.scheduler - ERROR - Invalid date format: Marcelo Battista. Expected DD/MM/YYYY
2026-07-21 13:28:49,197 - modules.scheduler - ERROR - Error calculating days remaining: Invalid date format: Marcelo Battista. Expected DD/MM/YYYY
2026-07-21 13:28:49,197 - modules.scheduler - ERROR - Invalid date format: Jorge Fernandez. Expected DD/MM/YYYY
2026-07-21 13:28:49,197 - modules.scheduler - ERROR - Error calculating days remaining: Invalid date format: Jorge Fernandez. Expected DD/MM/YYYY
2026-07-21 13:28:49,197 - modules.scheduler - ERROR - Invalid date format: Marcelo Battista. Expected DD/MM/YYYY
2026-07-21 13:28:49,197 - modules.scheduler - ERROR - Error calculating days remaining: Invalid date format: Marcelo Battista. Expected DD/MM/YYYY
2026-07-21 13:28:49,197 - modules.scheduler - ERROR - Invalid date format: Jorge Fernandez. Expected DD/MM/YYYY
2026-07-21 13:28:49,197 - modules.scheduler - ERROR - Error calculating days remaining: Invalid date format: Jorge Fernandez. Expected DD/MM/YYYY
2026-07-21 13:28:49,197 - modules.scheduler - ERROR - Invalid date format: Marcelo Battista. Expected DD/MM/YYYY
2026-07-21 13:28:49,197 - modules.scheduler - ERROR - Error calculating days remaining: Invalid date format: Marcelo Battista. Expected DD/MM/YYYY
2026-07-21 13:28:49,197 - modules.scheduler - ERROR - Invalid date format: Jorge Fernandez. Expected DD/MM/YYYY
2026-07-21 13:28:49,197 - modules.scheduler - ERROR - Error calculating days remaining: Invalid date format: Jorge Fernandez. Expected DD/MM/YYYY
2026-07-21 13:28:49,197 - modules.scheduler - ERROR - Invalid date format: Marcelo Battista. Expected DD/MM/YYYY
2026-07-21 13:28:49,197 - modules.scheduler - ERROR - Error calculating days remaining: Invalid date format: Marcelo Battista. Expected DD/MM/YYYY
2026-07-21 13:28:49,197 - modules.scheduler - ERROR - Invalid date format: Jorge Fernandez. Expected DD/MM/YYYY
2026-07-21 13:28:49,197 - modules.scheduler - ERROR - Error calculating days remaining: Invalid date format: Jorge Fernandez. Expected DD/MM/YYYY
2026-07-21 13:28:49,197 - modules.scheduler - ERROR - Invalid date format: Marcelo Battista. Expected DD/MM/YYYY
2026-07-21 13:28:49,198 - modules.scheduler - ERROR - Error calculating days remaining: Invalid date format: Marcelo Battista. Expected DD/MM/YYYY
2026-07-21 13:28:49,198 - modules.scheduler - ERROR - Invalid date format: Jorge Fernandez. Expected DD/MM/YYYY
2026-07-21 13:28:49,198 - modules.scheduler - ERROR - Error calculating days remaining: Invalid date format: Jorge Fernandez. Expected DD/MM/YYYY
2026-07-21 13:28:49,198 - modules.scheduler - ERROR - Invalid date format: Marcelo Battista. Expected DD/MM/YYYY
2026-07-21 13:28:49,198 - modules.scheduler - ERROR - Error calculating days remaining: Invalid date format: Marcelo Battista. Expected DD/MM/YYYY
2026-07-21 13:28:49,198 - modules.scheduler - ERROR - Invalid date format: Fernando Menendez. Expected DD/MM/YYYY
2026-07-21 13:28:49,198 - modules.scheduler - ERROR - Error calculating days remaining: Invalid date format: Fernando Menendez. Expected DD/MM/YYYY
2026-07-21 13:28:49,198 - modules.scheduler - ERROR - Invalid date format: Fernando Menendez. Expected DD/MM/YYYY
2026-07-21 13:28:49,198 - modules.scheduler - ERROR - Error calculating days remaining: Invalid date format: Fernando Menendez. Expected DD/MM/YYYY
2026-07-21 13:28:49,198 - modules.scheduler - ERROR - Invalid date format: Marcelo Battista. Expected DD/MM/YYYY
2026-07-21 13:28:49,198 - modules.scheduler - ERROR - Error calculating days remaining: Invalid date format: Marcelo Battista. Expected DD/MM/YYYY
2026-07-21 13:28:49,198 - modules.scheduler - ERROR - Invalid date format: Fernando Menendez. Expected DD/MM/YYYY
2026-07-21 13:28:49,198 - modules.scheduler - ERROR - Error calculating days remaining: Invalid date format: Fernando Menendez. Expected DD/MM/YYYY
2026-07-21 13:28:49,198 - modules.scheduler - ERROR - Invalid date format: Marcelo Battista. Expected DD/MM/YYYY
2026-07-21 13:28:49,198 - modules.scheduler - ERROR - Error calculating days remaining: Invalid date format: Marcelo Battista. Expected DD/MM/YYYY
2026-07-21 13:28:49,198 - modules.scheduler - ERROR - Invalid date format: Fernando Menendez. Expected DD/MM/YYYY
2026-07-21 13:28:49,198 - modules.scheduler - ERROR - Error calculating days remaining: Invalid date format: Fernando Menendez. Expected DD/MM/YYYY
2026-07-21 13:28:49,198 - modules.scheduler - ERROR - Invalid date format: Marcelo Battista. Expected DD/MM/YYYY
2026-07-21 13:28:49,198 - modules.scheduler - ERROR - Error calculating days remaining: Invalid date format: Marcelo Battista. Expected DD/MM/YYYY
2026-07-21 13:28:49,198 - modules.scheduler - ERROR - Invalid date format: Fernando Menendez. Expected DD/MM/YYYY
2026-07-21 13:28:49,198 - modules.scheduler - ERROR - Error calculating days remaining: Invalid date format: Fernando Menendez. Expected DD/MM/YYYY
2026-07-21 13:28:49,199 - modules.scheduler - ERROR - Invalid date format: Marcelo Battista. Expected DD/MM/YYYY
2026-07-21 13:28:49,199 - modules.scheduler - ERROR - Error calculating days remaining: Invalid date format: Marcelo Battista. Expected DD/MM/YYYY
2026-07-21 13:28:49,199 - modules.scheduler - ERROR - Invalid date format: Fernando Menendez. Expected DD/MM/YYYY
2026-07-21 13:28:49,199 - modules.scheduler - ERROR - Error calculating days remaining: Invalid date format: Fernando Menendez. Expected DD/MM/YYYY
2026-07-21 13:28:49,199 - modules.scheduler - ERROR - Invalid date format: Marcelo Battista. Expected DD/MM/YYYY
2026-07-21 13:28:49,199 - modules.scheduler - ERROR - Error calculating days remaining: Invalid date format: Marcelo Battista. Expected DD/MM/YYYY
2026-07-21 13:28:49,199 - modules.scheduler - ERROR - Invalid date format: Fernando Menendez. Expected DD/MM/YYYY
2026-07-21 13:28:49,199 - modules.scheduler - ERROR - Error calculating days remaining: Invalid date format: Fernando Menendez. Expected DD/MM/YYYY
2026-07-21 13:28:49,199 - modules.scheduler - ERROR - Invalid date format: Marcelo Battista. Expected DD/MM/YYYY
2026-07-21 13:28:49,199 - modules.scheduler - ERROR - Error calculating days remaining: Invalid date format: Marcelo Battista. Expected DD/MM/YYYY
2026-07-21 13:28:49,199 - modules.scheduler - ERROR - Invalid date format: Fernando Menendez. Expected DD/MM/YYYY
2026-07-21 13:28:49,199 - modules.scheduler - ERROR - Error calculating days remaining: Invalid date format: Fernando Menendez. Expected DD/MM/YYYY
2026-07-21 13:28:49,199 - modules.scheduler - ERROR - Invalid date format: Marcelo Battista. Expected DD/MM/YYYY
2026-07-21 13:28:49,199 - modules.scheduler - ERROR - Error calculating days remaining: Invalid date format: Marcelo Battista. Expected DD/MM/YYYY
2026-07-21 13:28:49,199 - modules.scheduler - INFO - Alert evaluation complete: 0 overdue, 0 approaching
2026-07-21 13:28:49,199 - modules.notifier - INFO - Logged 0/0 alerts
2026-07-21 13:28:49,199 - modules.notifier - INFO - Logged 0/0 alerts
2026-07-21 13:28:49,199 - __main__ - INFO - Total alerts logged: 0
2026-07-21 13:28:49,199 - __main__ - INFO - ============================================================
RESUMEN DE ALERTAS - 21/07/2026 13:28
============================================================

PROYECTOS VENCIDOS: 0
PLAZOS PRÓXIMOS (próximos 3 días): 0
============================================================
2026-07-21 13:28:49,200 - alerts - INFO - 
======================================================================
RESUMEN DE EJECUCIÓN - 21/07/2026 13:28:49
======================================================================
Status: SUCCESS
Root Folder: 1dMu2WeU3bbzqPEFEAoNySonP1eKTC71u
Departments: 3
Master Schedule: 1yHvzhJCsfi1UZ_XtxOnesgaMakNtsNjvkIMP2gaYDgw
======================================================================

2026-07-21 13:28:49,200 - __main__ - INFO - 
2026-07-21 13:28:49,200 - __main__ - INFO - ✓ Execution completed successfully
2026-07-21 13:29:45,534 - __main__ - INFO - 
2026-07-21 13:29:45,534 - __main__ - INFO - ╔====================================================================╗
2026-07-21 13:29:45,534 - __main__ - INFO - ║              PROJECT SCHEDULER - FULL EXECUTION CYCLE              ║
2026-07-21 13:29:45,534 - __main__ - INFO - ╚====================================================================╝
2026-07-21 13:29:45,534 - __main__ - INFO - 
2026-07-21 13:29:45,534 - __main__ - INFO - ======================================================================
2026-07-21 13:29:45,534 - __main__ - INFO - STEP 1: Setting up folder structure
2026-07-21 13:29:45,535 - __main__ - INFO - ======================================================================
2026-07-21 13:29:45,972 - modules.drive_manager - INFO - Folder found: Proyectos_Empresa (ID: 1dMu2WeU3bbzqPEFEAoNySonP1eKTC71u)
2026-07-21 13:29:45,972 - __main__ - INFO - Root folder created with ID: 1dMu2WeU3bbzqPEFEAoNySonP1eKTC71u
2026-07-21 13:29:46,294 - modules.drive_manager - INFO - Folder found: Ingenieria (ID: 1Voz7pY4e1gXbiHrohg8kE7ORywmh9oPe)
2026-07-21 13:29:46,615 - modules.drive_manager - INFO - Folder found: Clientes (ID: 1-pW6dcCmpM7yr9pfNA895HVeLNA87AL9)
2026-07-21 13:29:46,615 - __main__ - INFO - Ingenieria department folder: 1Voz7pY4e1gXbiHrohg8kE7ORywmh9oPe
2026-07-21 13:29:46,615 - __main__ - INFO - Ingenieria clients folder: 1-pW6dcCmpM7yr9pfNA895HVeLNA87AL9
2026-07-21 13:29:46,942 - modules.drive_manager - INFO - Folder found: Obras (ID: 1pxkkVZK_9XrhMBlKJfgvwYdjrPASagkY)
2026-07-21 13:29:47,254 - modules.drive_manager - INFO - Folder found: Clientes (ID: 17GspBkoAYHSJUIaC7663vAIB8bz495ID)
2026-07-21 13:29:47,255 - __main__ - INFO - Obras department folder: 1pxkkVZK_9XrhMBlKJfgvwYdjrPASagkY
2026-07-21 13:29:47,255 - __main__ - INFO - Obras clients folder: 17GspBkoAYHSJUIaC7663vAIB8bz495ID
2026-07-21 13:29:47,572 - modules.drive_manager - INFO - Folder found: Mantenimiento (ID: 15Ykg8P5i8lHto5TSl2_mCnwuz6u0Vj7f)
2026-07-21 13:29:47,953 - modules.drive_manager - INFO - Folder found: Clientes (ID: 1rIzjgwvLwRIaRc-qbJi4Uubu2DeBpkK_)
2026-07-21 13:29:47,953 - __main__ - INFO - Mantenimiento department folder: 15Ykg8P5i8lHto5TSl2_mCnwuz6u0Vj7f
2026-07-21 13:29:47,953 - __main__ - INFO - Mantenimiento clients folder: 1rIzjgwvLwRIaRc-qbJi4Uubu2DeBpkK_
2026-07-21 13:29:47,953 - __main__ - INFO - 
2026-07-21 13:29:47,953 - __main__ - INFO - ======================================================================
2026-07-21 13:29:47,953 - __main__ - INFO - STEP 2: Setting up spreadsheets
2026-07-21 13:29:47,953 - __main__ - INFO - ======================================================================
2026-07-21 13:29:48,340 - modules.sheets_manager - INFO - Spreadsheet found: Cronograma_Ingenieria (ID: 1c9kxSxwPG3huAebtoMKoopB8Zprzcm5ncFwcq4ipl3w)
2026-07-21 13:29:48,649 - modules.sheets_manager - INFO - Sheet names for 1c9kxSxwPG3huAebtoMKoopB8Zprzcm5ncFwcq4ipl3w: ['Ingenieria']
2026-07-21 13:29:48,649 - modules.sheets_manager - INFO - Sheet 'Ingenieria' already exists
2026-07-21 13:29:48,943 - modules.sheets_manager - INFO - Data written to 1c9kxSxwPG3huAebtoMKoopB8Zprzcm5ncFwcq4ipl3w: Ingenieria!A1 (1 rows)
2026-07-21 13:29:48,944 - __main__ - INFO - Headers created for Ingenieria
2026-07-21 13:29:48,944 - __main__ - INFO - Spreadsheet for Ingenieria: 1c9kxSxwPG3huAebtoMKoopB8Zprzcm5ncFwcq4ipl3w
2026-07-21 13:29:49,418 - modules.sheets_manager - INFO - Spreadsheet found: Cronograma_Obras (ID: 1K4yNUOomuBCgRDt8kY_r7nhKq8J0FZ-iPtxviluFhoA)
2026-07-21 13:29:49,723 - modules.sheets_manager - INFO - Sheet names for 1K4yNUOomuBCgRDt8kY_r7nhKq8J0FZ-iPtxviluFhoA: ['Obras']
2026-07-21 13:29:49,723 - modules.sheets_manager - INFO - Sheet 'Obras' already exists
2026-07-21 13:29:50,061 - modules.sheets_manager - INFO - Data written to 1K4yNUOomuBCgRDt8kY_r7nhKq8J0FZ-iPtxviluFhoA: Obras!A1 (1 rows)
2026-07-21 13:29:50,061 - __main__ - INFO - Headers created for Obras
2026-07-21 13:29:50,061 - __main__ - INFO - Spreadsheet for Obras: 1K4yNUOomuBCgRDt8kY_r7nhKq8J0FZ-iPtxviluFhoA
2026-07-21 13:29:50,765 - modules.sheets_manager - INFO - Spreadsheet found: Cronograma_Mantenimiento (ID: 1NmI8DwyPCNe8HsnDBlIu__FL_Peff2N-UYQ946SuBBA)
2026-07-21 13:29:51,048 - modules.sheets_manager - INFO - Sheet names for 1NmI8DwyPCNe8HsnDBlIu__FL_Peff2N-UYQ946SuBBA: ['Mantenimiento']
2026-07-21 13:29:51,048 - modules.sheets_manager - INFO - Sheet 'Mantenimiento' already exists
2026-07-21 13:29:51,346 - modules.sheets_manager - INFO - Data written to 1NmI8DwyPCNe8HsnDBlIu__FL_Peff2N-UYQ946SuBBA: Mantenimiento!A1 (1 rows)
2026-07-21 13:29:51,346 - __main__ - INFO - Headers created for Mantenimiento
2026-07-21 13:29:51,347 - __main__ - INFO - Spreadsheet for Mantenimiento: 1NmI8DwyPCNe8HsnDBlIu__FL_Peff2N-UYQ946SuBBA
2026-07-21 13:29:52,178 - modules.sheets_manager - INFO - Spreadsheet found: Cronograma_Maestro (ID: 1yHvzhJCsfi1UZ_XtxOnesgaMakNtsNjvkIMP2gaYDgw)
2026-07-21 13:29:52,514 - modules.sheets_manager - INFO - Sheet names for 1yHvzhJCsfi1UZ_XtxOnesgaMakNtsNjvkIMP2gaYDgw: ['Cronograma_Maestro']
2026-07-21 13:29:52,514 - modules.sheets_manager - INFO - Sheet 'Cronograma_Maestro' already exists
2026-07-21 13:29:52,848 - modules.sheets_manager - INFO - Data written to 1yHvzhJCsfi1UZ_XtxOnesgaMakNtsNjvkIMP2gaYDgw: Cronograma_Maestro!A1 (1 rows)
2026-07-21 13:29:52,848 - __main__ - INFO - Headers created for master schedule
2026-07-21 13:29:52,848 - __main__ - INFO - Master schedule spreadsheet: 1yHvzhJCsfi1UZ_XtxOnesgaMakNtsNjvkIMP2gaYDgw
2026-07-21 13:29:52,848 - __main__ - INFO - 
2026-07-21 13:29:52,848 - __main__ - INFO - ======================================================================
2026-07-21 13:29:52,848 - __main__ - INFO - STEP 3: Consolidating schedules
2026-07-21 13:29:52,848 - __main__ - INFO - ======================================================================
2026-07-21 13:29:53,045 - modules.sheets_manager - INFO - Sheet names for 1c9kxSxwPG3huAebtoMKoopB8Zprzcm5ncFwcq4ipl3w: ['Ingenieria']
2026-07-21 13:29:53,294 - modules.sheets_manager - INFO - Data read from 1c9kxSxwPG3huAebtoMKoopB8Zprzcm5ncFwcq4ipl3w: Ingenieria!A:G (20 rows)
2026-07-21 13:29:53,295 - __main__ - INFO - Read 20 rows from Ingenieria
2026-07-21 13:29:53,553 - modules.sheets_manager - INFO - Sheet names for 1K4yNUOomuBCgRDt8kY_r7nhKq8J0FZ-iPtxviluFhoA: ['Obras']
2026-07-21 13:29:53,840 - modules.sheets_manager - INFO - Data read from 1K4yNUOomuBCgRDt8kY_r7nhKq8J0FZ-iPtxviluFhoA: Obras!A:G (16 rows)
2026-07-21 13:29:53,840 - __main__ - INFO - Read 16 rows from Obras
2026-07-21 13:29:54,074 - modules.sheets_manager - INFO - Sheet names for 1NmI8DwyPCNe8HsnDBlIu__FL_Peff2N-UYQ946SuBBA: ['Mantenimiento']
2026-07-21 13:29:54,359 - modules.sheets_manager - INFO - Data read from 1NmI8DwyPCNe8HsnDBlIu__FL_Peff2N-UYQ946SuBBA: Mantenimiento!A:G (16 rows)
2026-07-21 13:29:54,359 - __main__ - INFO - Read 16 rows from Mantenimiento
2026-07-21 13:29:54,361 - modules.consolidator - INFO - Prepared 19 rows from Ingenieria
2026-07-21 13:29:54,362 - modules.consolidator - INFO - Prepared 15 rows from Obras
2026-07-21 13:29:54,363 - modules.consolidator - INFO - Prepared 15 rows from Mantenimiento
2026-07-21 13:29:54,364 - modules.consolidator - INFO - Consolidated 49 total projects from all departments
2026-07-21 13:29:54,365 - modules.consolidator - INFO - Data validation: FAILED (1 errors)
2026-07-21 13:29:54,365 - __main__ - WARNING - Data validation issues: ['Invalid states found: 2026-07-01 0:00:00, 2026-06-15 0:00:00, 2026-07-05 0:00:00, 2026-05-20 0:00:00, 2026-07-18 0:00:00, 2026-06-25 0:00:00, 2026-07-10 0:00:00, 2026-04-10 0:00:00, 2026-07-15 0:00:00, 2026-06-30 0:00:00, 2026-07-20 0:00:00, 2026-05-15 0:00:00, 2026-07-08 0:00:00, 2026-06-22 0:00:00, 2026-07-12 0:00:00, 2026-07-14 0:00:00, 2026-07-03 0:00:00, 2026-06-08 0:00:00, 2026-07-16 0:00:00, 2026-06-20 0:00:00, 2026-04-20 0:00:00, 2026-06-28 0:00:00, 2026-05-10 0:00:00, 2026-07-02 0:00:00, 2026-06-10 0:00:00, 2026-05-28 0:00:00, 2026-04-05 0:00:00, 2026-06-18 0:00:00, 2026-05-12 0:00:00']
2026-07-21 13:29:54,651 - modules.sheets_manager - INFO - Sheet names for 1yHvzhJCsfi1UZ_XtxOnesgaMakNtsNjvkIMP2gaYDgw: ['Cronograma_Maestro']
2026-07-21 13:29:54,939 - modules.sheets_manager - INFO - Data cleared from 1yHvzhJCsfi1UZ_XtxOnesgaMakNtsNjvkIMP2gaYDgw: Cronograma_Maestro!A2:H
2026-07-21 13:29:55,161 - modules.sheets_manager - ERROR - Failed to write data: <HttpError 400 when requesting https://sheets.googleapis.com/v4/spreadsheets/1yHvzhJCsfi1UZ_XtxOnesgaMakNtsNjvkIMP2gaYDgw/values/Cronograma_Maestro%21A1?valueInputOption=RAW&alt=json returned "Invalid JSON payload received. Unexpected token.
026-07-01 0:00:00", NaN, "Ingenieria"], 
                    ^". Details: "Invalid JSON payload received. Unexpected token.
026-07-01 0:00:00", NaN, "Ingenieria"], 
                    ^">
2026-07-21 13:29:55,161 - __main__ - INFO - Consolidated 49 projects to master schedule
2026-07-21 13:29:55,167 - modules.consolidator - INFO - Generated summaries for 3 departments
2026-07-21 13:29:55,167 - __main__ - INFO - Ingenieria: {'departamento': 'Ingenieria', 'total_proyectos': 19, 'pendiente': 0, 'en_progreso': 0, 'completado': 0, 'retrasado': 0}
2026-07-21 13:29:55,167 - __main__ - INFO - Obras: {'departamento': 'Obras', 'total_proyectos': 15, 'pendiente': 0, 'en_progreso': 0, 'completado': 0, 'retrasado': 0}
2026-07-21 13:29:55,167 - __main__ - INFO - Mantenimiento: {'departamento': 'Mantenimiento', 'total_proyectos': 15, 'pendiente': 0, 'en_progreso': 0, 'completado': 0, 'retrasado': 0}
2026-07-21 13:29:55,167 - __main__ - INFO - 
2026-07-21 13:29:55,167 - __main__ - INFO - ======================================================================
2026-07-21 13:29:55,167 - __main__ - INFO - STEP 4: Evaluating alerts
2026-07-21 13:29:55,167 - __main__ - INFO - ======================================================================
2026-07-21 13:29:55,168 - modules.scheduler - ERROR - Invalid date format: Marcelo Battista. Expected DD/MM/YYYY
2026-07-21 13:29:55,168 - modules.scheduler - ERROR - Error calculating days remaining: Invalid date format: Marcelo Battista. Expected DD/MM/YYYY
2026-07-21 13:29:55,168 - modules.scheduler - ERROR - Invalid date format: Marcelo Battista. Expected DD/MM/YYYY
2026-07-21 13:29:55,168 - modules.scheduler - ERROR - Error calculating days remaining: Invalid date format: Marcelo Battista. Expected DD/MM/YYYY
2026-07-21 13:29:55,168 - modules.scheduler - ERROR - Invalid date format: Jorge Fernandez. Expected DD/MM/YYYY
2026-07-21 13:29:55,168 - modules.scheduler - ERROR - Error calculating days remaining: Invalid date format: Jorge Fernandez. Expected DD/MM/YYYY
2026-07-21 13:29:55,168 - modules.scheduler - ERROR - Invalid date format: Marcelo Battista. Expected DD/MM/YYYY
2026-07-21 13:29:55,168 - modules.scheduler - ERROR - Error calculating days remaining: Invalid date format: Marcelo Battista. Expected DD/MM/YYYY
2026-07-21 13:29:55,169 - modules.scheduler - ERROR - Invalid date format: Jorge Fernandez. Expected DD/MM/YYYY
2026-07-21 13:29:55,169 - modules.scheduler - ERROR - Error calculating days remaining: Invalid date format: Jorge Fernandez. Expected DD/MM/YYYY
2026-07-21 13:29:55,169 - modules.scheduler - ERROR - Invalid date format: Marcelo Battista. Expected DD/MM/YYYY
2026-07-21 13:29:55,169 - modules.scheduler - ERROR - Error calculating days remaining: Invalid date format: Marcelo Battista. Expected DD/MM/YYYY
2026-07-21 13:29:55,169 - modules.scheduler - ERROR - Invalid date format: Jorge Fernandez. Expected DD/MM/YYYY
2026-07-21 13:29:55,169 - modules.scheduler - ERROR - Error calculating days remaining: Invalid date format: Jorge Fernandez. Expected DD/MM/YYYY
2026-07-21 13:29:55,169 - modules.scheduler - ERROR - Invalid date format: Marcelo Battista. Expected DD/MM/YYYY
2026-07-21 13:29:55,169 - modules.scheduler - ERROR - Error calculating days remaining: Invalid date format: Marcelo Battista. Expected DD/MM/YYYY
2026-07-21 13:29:55,169 - modules.scheduler - ERROR - Invalid date format: Jorge Fernandez. Expected DD/MM/YYYY
2026-07-21 13:29:55,169 - modules.scheduler - ERROR - Error calculating days remaining: Invalid date format: Jorge Fernandez. Expected DD/MM/YYYY
2026-07-21 13:29:55,169 - modules.scheduler - ERROR - Invalid date format: Marcelo Battista. Expected DD/MM/YYYY
2026-07-21 13:29:55,169 - modules.scheduler - ERROR - Error calculating days remaining: Invalid date format: Marcelo Battista. Expected DD/MM/YYYY
2026-07-21 13:29:55,169 - modules.scheduler - ERROR - Invalid date format: Jorge Fernandez. Expected DD/MM/YYYY
2026-07-21 13:29:55,169 - modules.scheduler - ERROR - Error calculating days remaining: Invalid date format: Jorge Fernandez. Expected DD/MM/YYYY
2026-07-21 13:29:55,169 - modules.scheduler - ERROR - Invalid date format: Marcelo Battista. Expected DD/MM/YYYY
2026-07-21 13:29:55,169 - modules.scheduler - ERROR - Error calculating days remaining: Invalid date format: Marcelo Battista. Expected DD/MM/YYYY
2026-07-21 13:29:55,169 - modules.scheduler - ERROR - Invalid date format: Jorge Fernandez. Expected DD/MM/YYYY
2026-07-21 13:29:55,169 - modules.scheduler - ERROR - Error calculating days remaining: Invalid date format: Jorge Fernandez. Expected DD/MM/YYYY
2026-07-21 13:29:55,169 - modules.scheduler - ERROR - Invalid date format: Marcelo Battista. Expected DD/MM/YYYY
2026-07-21 13:29:55,170 - modules.scheduler - ERROR - Error calculating days remaining: Invalid date format: Marcelo Battista. Expected DD/MM/YYYY
2026-07-21 13:29:55,170 - modules.scheduler - ERROR - Invalid date format: Jorge Fernandez. Expected DD/MM/YYYY
2026-07-21 13:29:55,170 - modules.scheduler - ERROR - Error calculating days remaining: Invalid date format: Jorge Fernandez. Expected DD/MM/YYYY
2026-07-21 13:29:55,170 - modules.scheduler - ERROR - Invalid date format: Jorge Fernandez. Expected DD/MM/YYYY
2026-07-21 13:29:55,170 - modules.scheduler - ERROR - Error calculating days remaining: Invalid date format: Jorge Fernandez. Expected DD/MM/YYYY
2026-07-21 13:29:55,170 - modules.scheduler - ERROR - Invalid date format: Jorge Fernandez. Expected DD/MM/YYYY
2026-07-21 13:29:55,170 - modules.scheduler - ERROR - Error calculating days remaining: Invalid date format: Jorge Fernandez. Expected DD/MM/YYYY
2026-07-21 13:29:55,170 - modules.scheduler - ERROR - Invalid date format: Jorge Fernandez. Expected DD/MM/YYYY
2026-07-21 13:29:55,170 - modules.scheduler - ERROR - Error calculating days remaining: Invalid date format: Jorge Fernandez. Expected DD/MM/YYYY
2026-07-21 13:29:55,170 - modules.scheduler - ERROR - Invalid date format: Fernando Menendez. Expected DD/MM/YYYY
2026-07-21 13:29:55,170 - modules.scheduler - ERROR - Error calculating days remaining: Invalid date format: Fernando Menendez. Expected DD/MM/YYYY
2026-07-21 13:29:55,170 - modules.scheduler - ERROR - Invalid date format: Marcelo Battista. Expected DD/MM/YYYY
2026-07-21 13:29:55,170 - modules.scheduler - ERROR - Error calculating days remaining: Invalid date format: Marcelo Battista. Expected DD/MM/YYYY
2026-07-21 13:29:55,170 - modules.scheduler - ERROR - Invalid date format: Jorge Fernandez. Expected DD/MM/YYYY
2026-07-21 13:29:55,170 - modules.scheduler - ERROR - Error calculating days remaining: Invalid date format: Jorge Fernandez. Expected DD/MM/YYYY
2026-07-21 13:29:55,170 - modules.scheduler - ERROR - Invalid date format: Marcelo Battista. Expected DD/MM/YYYY
2026-07-21 13:29:55,170 - modules.scheduler - ERROR - Error calculating days remaining: Invalid date format: Marcelo Battista. Expected DD/MM/YYYY
2026-07-21 13:29:55,170 - modules.scheduler - ERROR - Invalid date format: Jorge Fernandez. Expected DD/MM/YYYY
2026-07-21 13:29:55,171 - modules.scheduler - ERROR - Error calculating days remaining: Invalid date format: Jorge Fernandez. Expected DD/MM/YYYY
2026-07-21 13:29:55,171 - modules.scheduler - ERROR - Invalid date format: Marcelo Battista. Expected DD/MM/YYYY
2026-07-21 13:29:55,171 - modules.scheduler - ERROR - Error calculating days remaining: Invalid date format: Marcelo Battista. Expected DD/MM/YYYY
2026-07-21 13:29:55,171 - modules.scheduler - ERROR - Invalid date format: Jorge Fernandez. Expected DD/MM/YYYY
2026-07-21 13:29:55,171 - modules.scheduler - ERROR - Error calculating days remaining: Invalid date format: Jorge Fernandez. Expected DD/MM/YYYY
2026-07-21 13:29:55,171 - modules.scheduler - ERROR - Invalid date format: Marcelo Battista. Expected DD/MM/YYYY
2026-07-21 13:29:55,171 - modules.scheduler - ERROR - Error calculating days remaining: Invalid date format: Marcelo Battista. Expected DD/MM/YYYY
2026-07-21 13:29:55,171 - modules.scheduler - ERROR - Invalid date format: Jorge Fernandez. Expected DD/MM/YYYY
2026-07-21 13:29:55,171 - modules.scheduler - ERROR - Error calculating days remaining: Invalid date format: Jorge Fernandez. Expected DD/MM/YYYY
2026-07-21 13:29:55,171 - modules.scheduler - ERROR - Invalid date format: Marcelo Battista. Expected DD/MM/YYYY
2026-07-21 13:29:55,171 - modules.scheduler - ERROR - Error calculating days remaining: Invalid date format: Marcelo Battista. Expected DD/MM/YYYY
2026-07-21 13:29:55,171 - modules.scheduler - ERROR - Invalid date format: Jorge Fernandez. Expected DD/MM/YYYY
2026-07-21 13:29:55,171 - modules.scheduler - ERROR - Error calculating days remaining: Invalid date format: Jorge Fernandez. Expected DD/MM/YYYY
2026-07-21 13:29:55,171 - modules.scheduler - ERROR - Invalid date format: Marcelo Battista. Expected DD/MM/YYYY
2026-07-21 13:29:55,171 - modules.scheduler - ERROR - Error calculating days remaining: Invalid date format: Marcelo Battista. Expected DD/MM/YYYY
2026-07-21 13:29:55,171 - modules.scheduler - ERROR - Invalid date format: Jorge Fernandez. Expected DD/MM/YYYY
2026-07-21 13:29:55,171 - modules.scheduler - ERROR - Error calculating days remaining: Invalid date format: Jorge Fernandez. Expected DD/MM/YYYY
2026-07-21 13:29:55,171 - modules.scheduler - ERROR - Invalid date format: Marcelo Battista. Expected DD/MM/YYYY
2026-07-21 13:29:55,171 - modules.scheduler - ERROR - Error calculating days remaining: Invalid date format: Marcelo Battista. Expected DD/MM/YYYY
2026-07-21 13:29:55,171 - modules.scheduler - ERROR - Invalid date format: Jorge Fernandez. Expected DD/MM/YYYY
2026-07-21 13:29:55,171 - modules.scheduler - ERROR - Error calculating days remaining: Invalid date format: Jorge Fernandez. Expected DD/MM/YYYY
2026-07-21 13:29:55,172 - modules.scheduler - ERROR - Invalid date format: Marcelo Battista. Expected DD/MM/YYYY
2026-07-21 13:29:55,172 - modules.scheduler - ERROR - Error calculating days remaining: Invalid date format: Marcelo Battista. Expected DD/MM/YYYY
2026-07-21 13:29:55,172 - modules.scheduler - ERROR - Invalid date format: Fernando Menendez. Expected DD/MM/YYYY
2026-07-21 13:29:55,172 - modules.scheduler - ERROR - Error calculating days remaining: Invalid date format: Fernando Menendez. Expected DD/MM/YYYY
2026-07-21 13:29:55,172 - modules.scheduler - ERROR - Invalid date format: Fernando Menendez. Expected DD/MM/YYYY
2026-07-21 13:29:55,172 - modules.scheduler - ERROR - Error calculating days remaining: Invalid date format: Fernando Menendez. Expected DD/MM/YYYY
2026-07-21 13:29:55,172 - modules.scheduler - ERROR - Invalid date format: Marcelo Battista. Expected DD/MM/YYYY
2026-07-21 13:29:55,172 - modules.scheduler - ERROR - Error calculating days remaining: Invalid date format: Marcelo Battista. Expected DD/MM/YYYY
2026-07-21 13:29:55,172 - modules.scheduler - ERROR - Invalid date format: Fernando Menendez. Expected DD/MM/YYYY
2026-07-21 13:29:55,172 - modules.scheduler - ERROR - Error calculating days remaining: Invalid date format: Fernando Menendez. Expected DD/MM/YYYY
2026-07-21 13:29:55,172 - modules.scheduler - ERROR - Invalid date format: Marcelo Battista. Expected DD/MM/YYYY
2026-07-21 13:29:55,172 - modules.scheduler - ERROR - Error calculating days remaining: Invalid date format: Marcelo Battista. Expected DD/MM/YYYY
2026-07-21 13:29:55,172 - modules.scheduler - ERROR - Invalid date format: Fernando Menendez. Expected DD/MM/YYYY
2026-07-21 13:29:55,172 - modules.scheduler - ERROR - Error calculating days remaining: Invalid date format: Fernando Menendez. Expected DD/MM/YYYY
2026-07-21 13:29:55,172 - modules.scheduler - ERROR - Invalid date format: Marcelo Battista. Expected DD/MM/YYYY
2026-07-21 13:29:55,172 - modules.scheduler - ERROR - Error calculating days remaining: Invalid date format: Marcelo Battista. Expected DD/MM/YYYY
2026-07-21 13:29:55,172 - modules.scheduler - ERROR - Invalid date format: Fernando Menendez. Expected DD/MM/YYYY
2026-07-21 13:29:55,172 - modules.scheduler - ERROR - Error calculating days remaining: Invalid date format: Fernando Menendez. Expected DD/MM/YYYY
2026-07-21 13:29:55,172 - modules.scheduler - ERROR - Invalid date format: Marcelo Battista. Expected DD/MM/YYYY
2026-07-21 13:29:55,172 - modules.scheduler - ERROR - Error calculating days remaining: Invalid date format: Marcelo Battista. Expected DD/MM/YYYY
2026-07-21 13:29:55,172 - modules.scheduler - ERROR - Invalid date format: Fernando Menendez. Expected DD/MM/YYYY
2026-07-21 13:29:55,173 - modules.scheduler - ERROR - Error calculating days remaining: Invalid date format: Fernando Menendez. Expected DD/MM/YYYY
2026-07-21 13:29:55,173 - modules.scheduler - ERROR - Invalid date format: Marcelo Battista. Expected DD/MM/YYYY
2026-07-21 13:29:55,173 - modules.scheduler - ERROR - Error calculating days remaining: Invalid date format: Marcelo Battista. Expected DD/MM/YYYY
2026-07-21 13:29:55,173 - modules.scheduler - ERROR - Invalid date format: Fernando Menendez. Expected DD/MM/YYYY
2026-07-21 13:29:55,173 - modules.scheduler - ERROR - Error calculating days remaining: Invalid date format: Fernando Menendez. Expected DD/MM/YYYY
2026-07-21 13:29:55,173 - modules.scheduler - ERROR - Invalid date format: Marcelo Battista. Expected DD/MM/YYYY
2026-07-21 13:29:55,173 - modules.scheduler - ERROR - Error calculating days remaining: Invalid date format: Marcelo Battista. Expected DD/MM/YYYY
2026-07-21 13:29:55,173 - modules.scheduler - ERROR - Invalid date format: Fernando Menendez. Expected DD/MM/YYYY
2026-07-21 13:29:55,173 - modules.scheduler - ERROR - Error calculating days remaining: Invalid date format: Fernando Menendez. Expected DD/MM/YYYY
2026-07-21 13:29:55,173 - modules.scheduler - ERROR - Invalid date format: Marcelo Battista. Expected DD/MM/YYYY
2026-07-21 13:29:55,173 - modules.scheduler - ERROR - Error calculating days remaining: Invalid date format: Marcelo Battista. Expected DD/MM/YYYY
2026-07-21 13:29:55,173 - modules.scheduler - ERROR - Invalid date format: Marcelo Battista. Expected DD/MM/YYYY
2026-07-21 13:29:55,173 - modules.scheduler - ERROR - Error calculating days remaining: Invalid date format: Marcelo Battista. Expected DD/MM/YYYY
2026-07-21 13:29:55,173 - modules.scheduler - ERROR - Invalid date format: Marcelo Battista. Expected DD/MM/YYYY
2026-07-21 13:29:55,173 - modules.scheduler - ERROR - Error calculating days remaining: Invalid date format: Marcelo Battista. Expected DD/MM/YYYY
2026-07-21 13:29:55,173 - modules.scheduler - ERROR - Invalid date format: Jorge Fernandez. Expected DD/MM/YYYY
2026-07-21 13:29:55,173 - modules.scheduler - ERROR - Error calculating days remaining: Invalid date format: Jorge Fernandez. Expected DD/MM/YYYY
2026-07-21 13:29:55,173 - modules.scheduler - ERROR - Invalid date format: Marcelo Battista. Expected DD/MM/YYYY
2026-07-21 13:29:55,173 - modules.scheduler - ERROR - Error calculating days remaining: Invalid date format: Marcelo Battista. Expected DD/MM/YYYY
2026-07-21 13:29:55,173 - modules.scheduler - ERROR - Invalid date format: Jorge Fernandez. Expected DD/MM/YYYY
2026-07-21 13:29:55,173 - modules.scheduler - ERROR - Error calculating days remaining: Invalid date format: Jorge Fernandez. Expected DD/MM/YYYY
2026-07-21 13:29:55,173 - modules.scheduler - ERROR - Invalid date format: Marcelo Battista. Expected DD/MM/YYYY
2026-07-21 13:29:55,174 - modules.scheduler - ERROR - Error calculating days remaining: Invalid date format: Marcelo Battista. Expected DD/MM/YYYY
2026-07-21 13:29:55,174 - modules.scheduler - ERROR - Invalid date format: Jorge Fernandez. Expected DD/MM/YYYY
2026-07-21 13:29:55,174 - modules.scheduler - ERROR - Error calculating days remaining: Invalid date format: Jorge Fernandez. Expected DD/MM/YYYY
2026-07-21 13:29:55,174 - modules.scheduler - ERROR - Invalid date format: Marcelo Battista. Expected DD/MM/YYYY
2026-07-21 13:29:55,174 - modules.scheduler - ERROR - Error calculating days remaining: Invalid date format: Marcelo Battista. Expected DD/MM/YYYY
2026-07-21 13:29:55,174 - modules.scheduler - ERROR - Invalid date format: Jorge Fernandez. Expected DD/MM/YYYY
2026-07-21 13:29:55,174 - modules.scheduler - ERROR - Error calculating days remaining: Invalid date format: Jorge Fernandez. Expected DD/MM/YYYY
2026-07-21 13:29:55,174 - modules.scheduler - ERROR - Invalid date format: Marcelo Battista. Expected DD/MM/YYYY
2026-07-21 13:29:55,174 - modules.scheduler - ERROR - Error calculating days remaining: Invalid date format: Marcelo Battista. Expected DD/MM/YYYY
2026-07-21 13:29:55,174 - modules.scheduler - ERROR - Invalid date format: Jorge Fernandez. Expected DD/MM/YYYY
2026-07-21 13:29:55,174 - modules.scheduler - ERROR - Error calculating days remaining: Invalid date format: Jorge Fernandez. Expected DD/MM/YYYY
2026-07-21 13:29:55,174 - modules.scheduler - ERROR - Invalid date format: Marcelo Battista. Expected DD/MM/YYYY
2026-07-21 13:29:55,174 - modules.scheduler - ERROR - Error calculating days remaining: Invalid date format: Marcelo Battista. Expected DD/MM/YYYY
2026-07-21 13:29:55,174 - modules.scheduler - ERROR - Invalid date format: Jorge Fernandez. Expected DD/MM/YYYY
2026-07-21 13:29:55,174 - modules.scheduler - ERROR - Error calculating days remaining: Invalid date format: Jorge Fernandez. Expected DD/MM/YYYY
2026-07-21 13:29:55,174 - modules.scheduler - ERROR - Invalid date format: Marcelo Battista. Expected DD/MM/YYYY
2026-07-21 13:29:55,174 - modules.scheduler - ERROR - Error calculating days remaining: Invalid date format: Marcelo Battista. Expected DD/MM/YYYY
2026-07-21 13:29:55,174 - modules.scheduler - ERROR - Invalid date format: Jorge Fernandez. Expected DD/MM/YYYY
2026-07-21 13:29:55,174 - modules.scheduler - ERROR - Error calculating days remaining: Invalid date format: Jorge Fernandez. Expected DD/MM/YYYY
2026-07-21 13:29:55,174 - modules.scheduler - ERROR - Invalid date format: Jorge Fernandez. Expected DD/MM/YYYY
2026-07-21 13:29:55,174 - modules.scheduler - ERROR - Error calculating days remaining: Invalid date format: Jorge Fernandez. Expected DD/MM/YYYY
2026-07-21 13:29:55,174 - modules.scheduler - ERROR - Invalid date format: Jorge Fernandez. Expected DD/MM/YYYY
2026-07-21 13:29:55,174 - modules.scheduler - ERROR - Error calculating days remaining: Invalid date format: Jorge Fernandez. Expected DD/MM/YYYY
2026-07-21 13:29:55,175 - modules.scheduler - ERROR - Invalid date format: Jorge Fernandez. Expected DD/MM/YYYY
2026-07-21 13:29:55,175 - modules.scheduler - ERROR - Error calculating days remaining: Invalid date format: Jorge Fernandez. Expected DD/MM/YYYY
2026-07-21 13:29:55,175 - modules.scheduler - ERROR - Invalid date format: Fernando Menendez. Expected DD/MM/YYYY
2026-07-21 13:29:55,175 - modules.scheduler - ERROR - Error calculating days remaining: Invalid date format: Fernando Menendez. Expected DD/MM/YYYY
2026-07-21 13:29:55,175 - modules.scheduler - ERROR - Invalid date format: Marcelo Battista. Expected DD/MM/YYYY
2026-07-21 13:29:55,175 - modules.scheduler - ERROR - Error calculating days remaining: Invalid date format: Marcelo Battista. Expected DD/MM/YYYY
2026-07-21 13:29:55,175 - modules.scheduler - ERROR - Invalid date format: Jorge Fernandez. Expected DD/MM/YYYY
2026-07-21 13:29:55,175 - modules.scheduler - ERROR - Error calculating days remaining: Invalid date format: Jorge Fernandez. Expected DD/MM/YYYY
2026-07-21 13:29:55,175 - modules.scheduler - ERROR - Invalid date format: Marcelo Battista. Expected DD/MM/YYYY
2026-07-21 13:29:55,175 - modules.scheduler - ERROR - Error calculating days remaining: Invalid date format: Marcelo Battista. Expected DD/MM/YYYY
2026-07-21 13:29:55,175 - modules.scheduler - ERROR - Invalid date format: Jorge Fernandez. Expected DD/MM/YYYY
2026-07-21 13:29:55,175 - modules.scheduler - ERROR - Error calculating days remaining: Invalid date format: Jorge Fernandez. Expected DD/MM/YYYY
2026-07-21 13:29:55,175 - modules.scheduler - ERROR - Invalid date format: Marcelo Battista. Expected DD/MM/YYYY
2026-07-21 13:29:55,175 - modules.scheduler - ERROR - Error calculating days remaining: Invalid date format: Marcelo Battista. Expected DD/MM/YYYY
2026-07-21 13:29:55,175 - modules.scheduler - ERROR - Invalid date format: Jorge Fernandez. Expected DD/MM/YYYY
2026-07-21 13:29:55,175 - modules.scheduler - ERROR - Error calculating days remaining: Invalid date format: Jorge Fernandez. Expected DD/MM/YYYY
2026-07-21 13:29:55,175 - modules.scheduler - ERROR - Invalid date format: Marcelo Battista. Expected DD/MM/YYYY
2026-07-21 13:29:55,175 - modules.scheduler - ERROR - Error calculating days remaining: Invalid date format: Marcelo Battista. Expected DD/MM/YYYY
2026-07-21 13:29:55,175 - modules.scheduler - ERROR - Invalid date format: Jorge Fernandez. Expected DD/MM/YYYY
2026-07-21 13:29:55,175 - modules.scheduler - ERROR - Error calculating days remaining: Invalid date format: Jorge Fernandez. Expected DD/MM/YYYY
2026-07-21 13:29:55,175 - modules.scheduler - ERROR - Invalid date format: Marcelo Battista. Expected DD/MM/YYYY
2026-07-21 13:29:55,176 - modules.scheduler - ERROR - Error calculating days remaining: Invalid date format: Marcelo Battista. Expected DD/MM/YYYY
2026-07-21 13:29:55,176 - modules.scheduler - ERROR - Invalid date format: Jorge Fernandez. Expected DD/MM/YYYY
2026-07-21 13:29:55,176 - modules.scheduler - ERROR - Error calculating days remaining: Invalid date format: Jorge Fernandez. Expected DD/MM/YYYY
2026-07-21 13:29:55,176 - modules.scheduler - ERROR - Invalid date format: Marcelo Battista. Expected DD/MM/YYYY
2026-07-21 13:29:55,176 - modules.scheduler - ERROR - Error calculating days remaining: Invalid date format: Marcelo Battista. Expected DD/MM/YYYY
2026-07-21 13:29:55,176 - modules.scheduler - ERROR - Invalid date format: Jorge Fernandez. Expected DD/MM/YYYY
2026-07-21 13:29:55,176 - modules.scheduler - ERROR - Error calculating days remaining: Invalid date format: Jorge Fernandez. Expected DD/MM/YYYY
2026-07-21 13:29:55,176 - modules.scheduler - ERROR - Invalid date format: Marcelo Battista. Expected DD/MM/YYYY
2026-07-21 13:29:55,176 - modules.scheduler - ERROR - Error calculating days remaining: Invalid date format: Marcelo Battista. Expected DD/MM/YYYY
2026-07-21 13:29:55,176 - modules.scheduler - ERROR - Invalid date format: Jorge Fernandez. Expected DD/MM/YYYY
2026-07-21 13:29:55,176 - modules.scheduler - ERROR - Error calculating days remaining: Invalid date format: Jorge Fernandez. Expected DD/MM/YYYY
2026-07-21 13:29:55,176 - modules.scheduler - ERROR - Invalid date format: Marcelo Battista. Expected DD/MM/YYYY
2026-07-21 13:29:55,176 - modules.scheduler - ERROR - Error calculating days remaining: Invalid date format: Marcelo Battista. Expected DD/MM/YYYY
2026-07-21 13:29:55,176 - modules.scheduler - ERROR - Invalid date format: Fernando Menendez. Expected DD/MM/YYYY
2026-07-21 13:29:55,176 - modules.scheduler - ERROR - Error calculating days remaining: Invalid date format: Fernando Menendez. Expected DD/MM/YYYY
2026-07-21 13:29:55,176 - modules.scheduler - ERROR - Invalid date format: Fernando Menendez. Expected DD/MM/YYYY
2026-07-21 13:29:55,176 - modules.scheduler - ERROR - Error calculating days remaining: Invalid date format: Fernando Menendez. Expected DD/MM/YYYY
2026-07-21 13:29:55,176 - modules.scheduler - ERROR - Invalid date format: Marcelo Battista. Expected DD/MM/YYYY
2026-07-21 13:29:55,176 - modules.scheduler - ERROR - Error calculating days remaining: Invalid date format: Marcelo Battista. Expected DD/MM/YYYY
2026-07-21 13:29:55,176 - modules.scheduler - ERROR - Invalid date format: Fernando Menendez. Expected DD/MM/YYYY
2026-07-21 13:29:55,176 - modules.scheduler - ERROR - Error calculating days remaining: Invalid date format: Fernando Menendez. Expected DD/MM/YYYY
2026-07-21 13:29:55,177 - modules.scheduler - ERROR - Invalid date format: Marcelo Battista. Expected DD/MM/YYYY
2026-07-21 13:29:55,177 - modules.scheduler - ERROR - Error calculating days remaining: Invalid date format: Marcelo Battista. Expected DD/MM/YYYY
2026-07-21 13:29:55,177 - modules.scheduler - ERROR - Invalid date format: Fernando Menendez. Expected DD/MM/YYYY
2026-07-21 13:29:55,177 - modules.scheduler - ERROR - Error calculating days remaining: Invalid date format: Fernando Menendez. Expected DD/MM/YYYY
2026-07-21 13:29:55,177 - modules.scheduler - ERROR - Invalid date format: Marcelo Battista. Expected DD/MM/YYYY
2026-07-21 13:29:55,177 - modules.scheduler - ERROR - Error calculating days remaining: Invalid date format: Marcelo Battista. Expected DD/MM/YYYY
2026-07-21 13:29:55,177 - modules.scheduler - ERROR - Invalid date format: Fernando Menendez. Expected DD/MM/YYYY
2026-07-21 13:29:55,177 - modules.scheduler - ERROR - Error calculating days remaining: Invalid date format: Fernando Menendez. Expected DD/MM/YYYY
2026-07-21 13:29:55,177 - modules.scheduler - ERROR - Invalid date format: Marcelo Battista. Expected DD/MM/YYYY
2026-07-21 13:29:55,177 - modules.scheduler - ERROR - Error calculating days remaining: Invalid date format: Marcelo Battista. Expected DD/MM/YYYY
2026-07-21 13:29:55,177 - modules.scheduler - ERROR - Invalid date format: Fernando Menendez. Expected DD/MM/YYYY
2026-07-21 13:29:55,177 - modules.scheduler - ERROR - Error calculating days remaining: Invalid date format: Fernando Menendez. Expected DD/MM/YYYY
2026-07-21 13:29:55,177 - modules.scheduler - ERROR - Invalid date format: Marcelo Battista. Expected DD/MM/YYYY
2026-07-21 13:29:55,177 - modules.scheduler - ERROR - Error calculating days remaining: Invalid date format: Marcelo Battista. Expected DD/MM/YYYY
2026-07-21 13:29:55,177 - modules.scheduler - ERROR - Invalid date format: Fernando Menendez. Expected DD/MM/YYYY
2026-07-21 13:29:55,177 - modules.scheduler - ERROR - Error calculating days remaining: Invalid date format: Fernando Menendez. Expected DD/MM/YYYY
2026-07-21 13:29:55,177 - modules.scheduler - ERROR - Invalid date format: Marcelo Battista. Expected DD/MM/YYYY
2026-07-21 13:29:55,177 - modules.scheduler - ERROR - Error calculating days remaining: Invalid date format: Marcelo Battista. Expected DD/MM/YYYY
2026-07-21 13:29:55,177 - modules.scheduler - ERROR - Invalid date format: Fernando Menendez. Expected DD/MM/YYYY
2026-07-21 13:29:55,177 - modules.scheduler - ERROR - Error calculating days remaining: Invalid date format: Fernando Menendez. Expected DD/MM/YYYY
2026-07-21 13:29:55,178 - modules.scheduler - ERROR - Invalid date format: Marcelo Battista. Expected DD/MM/YYYY
2026-07-21 13:29:55,178 - modules.scheduler - ERROR - Error calculating days remaining: Invalid date format: Marcelo Battista. Expected DD/MM/YYYY
2026-07-21 13:29:55,178 - modules.scheduler - INFO - Alert evaluation complete: 0 overdue, 0 approaching
2026-07-21 13:29:55,178 - modules.notifier - INFO - Logged 0/0 alerts
2026-07-21 13:29:55,178 - modules.notifier - INFO - Logged 0/0 alerts
2026-07-21 13:29:55,178 - __main__ - INFO - Total alerts logged: 0
2026-07-21 13:29:55,178 - __main__ - INFO - ============================================================
RESUMEN DE ALERTAS - 21/07/2026 13:29
============================================================

PROYECTOS VENCIDOS: 0
PLAZOS PRÓXIMOS (próximos 3 días): 0
============================================================
2026-07-21 13:29:55,178 - alerts - INFO - 
======================================================================
RESUMEN DE EJECUCIÓN - 21/07/2026 13:29:55
======================================================================
Status: SUCCESS
Root Folder: 1dMu2WeU3bbzqPEFEAoNySonP1eKTC71u
Departments: 3
Master Schedule: 1yHvzhJCsfi1UZ_XtxOnesgaMakNtsNjvkIMP2gaYDgw
======================================================================

2026-07-21 13:29:55,178 - __main__ - INFO - 
2026-07-21 13:29:55,178 - __main__ - INFO - ✓ Execution completed successfully
2026-07-21 13:30:25,985 - __main__ - INFO - 
2026-07-21 13:30:25,985 - __main__ - INFO - ╔====================================================================╗
2026-07-21 13:30:25,986 - __main__ - INFO - ║              PROJECT SCHEDULER - FULL EXECUTION CYCLE              ║
2026-07-21 13:30:25,986 - __main__ - INFO - ╚====================================================================╝
2026-07-21 13:30:25,986 - __main__ - INFO - 
2026-07-21 13:30:25,986 - __main__ - INFO - ======================================================================
2026-07-21 13:30:25,986 - __main__ - INFO - STEP 1: Setting up folder structure
2026-07-21 13:30:25,986 - __main__ - INFO - ======================================================================
2026-07-21 13:30:26,399 - modules.drive_manager - INFO - Folder found: Proyectos_Empresa (ID: 1dMu2WeU3bbzqPEFEAoNySonP1eKTC71u)
2026-07-21 13:30:26,399 - __main__ - INFO - Root folder created with ID: 1dMu2WeU3bbzqPEFEAoNySonP1eKTC71u
2026-07-21 13:30:26,710 - modules.drive_manager - INFO - Folder found: Ingenieria (ID: 1Voz7pY4e1gXbiHrohg8kE7ORywmh9oPe)
2026-07-21 13:30:27,033 - modules.drive_manager - INFO - Folder found: Clientes (ID: 1-pW6dcCmpM7yr9pfNA895HVeLNA87AL9)
2026-07-21 13:30:27,033 - __main__ - INFO - Ingenieria department folder: 1Voz7pY4e1gXbiHrohg8kE7ORywmh9oPe
2026-07-21 13:30:27,033 - __main__ - INFO - Ingenieria clients folder: 1-pW6dcCmpM7yr9pfNA895HVeLNA87AL9
2026-07-21 13:30:27,321 - modules.drive_manager - INFO - Folder found: Obras (ID: 1pxkkVZK_9XrhMBlKJfgvwYdjrPASagkY)
2026-07-21 13:30:27,649 - modules.drive_manager - INFO - Folder found: Clientes (ID: 17GspBkoAYHSJUIaC7663vAIB8bz495ID)
2026-07-21 13:30:27,649 - __main__ - INFO - Obras department folder: 1pxkkVZK_9XrhMBlKJfgvwYdjrPASagkY
2026-07-21 13:30:27,650 - __main__ - INFO - Obras clients folder: 17GspBkoAYHSJUIaC7663vAIB8bz495ID
2026-07-21 13:30:27,912 - modules.drive_manager - INFO - Folder found: Mantenimiento (ID: 15Ykg8P5i8lHto5TSl2_mCnwuz6u0Vj7f)
2026-07-21 13:30:28,152 - modules.drive_manager - INFO - Folder found: Clientes (ID: 1rIzjgwvLwRIaRc-qbJi4Uubu2DeBpkK_)
2026-07-21 13:30:28,152 - __main__ - INFO - Mantenimiento department folder: 15Ykg8P5i8lHto5TSl2_mCnwuz6u0Vj7f
2026-07-21 13:30:28,152 - __main__ - INFO - Mantenimiento clients folder: 1rIzjgwvLwRIaRc-qbJi4Uubu2DeBpkK_
2026-07-21 13:30:28,152 - __main__ - INFO - 
2026-07-21 13:30:28,152 - __main__ - INFO - ======================================================================
2026-07-21 13:30:28,153 - __main__ - INFO - STEP 2: Setting up spreadsheets
2026-07-21 13:30:28,153 - __main__ - INFO - ======================================================================
2026-07-21 13:30:28,559 - modules.sheets_manager - INFO - Spreadsheet found: Cronograma_Ingenieria (ID: 1c9kxSxwPG3huAebtoMKoopB8Zprzcm5ncFwcq4ipl3w)
2026-07-21 13:30:28,827 - modules.sheets_manager - INFO - Sheet names for 1c9kxSxwPG3huAebtoMKoopB8Zprzcm5ncFwcq4ipl3w: ['Ingenieria']
2026-07-21 13:30:28,827 - modules.sheets_manager - INFO - Sheet 'Ingenieria' already exists
2026-07-21 13:30:29,084 - modules.sheets_manager - INFO - Data written to 1c9kxSxwPG3huAebtoMKoopB8Zprzcm5ncFwcq4ipl3w: Ingenieria!A1 (1 rows)
2026-07-21 13:30:29,084 - __main__ - INFO - Headers created for Ingenieria
2026-07-21 13:30:29,084 - __main__ - INFO - Spreadsheet for Ingenieria: 1c9kxSxwPG3huAebtoMKoopB8Zprzcm5ncFwcq4ipl3w
2026-07-21 13:30:29,513 - modules.sheets_manager - INFO - Spreadsheet found: Cronograma_Obras (ID: 1K4yNUOomuBCgRDt8kY_r7nhKq8J0FZ-iPtxviluFhoA)
2026-07-21 13:30:29,784 - modules.sheets_manager - INFO - Sheet names for 1K4yNUOomuBCgRDt8kY_r7nhKq8J0FZ-iPtxviluFhoA: ['Obras']
2026-07-21 13:30:29,784 - modules.sheets_manager - INFO - Sheet 'Obras' already exists
2026-07-21 13:30:30,078 - modules.sheets_manager - INFO - Data written to 1K4yNUOomuBCgRDt8kY_r7nhKq8J0FZ-iPtxviluFhoA: Obras!A1 (1 rows)
2026-07-21 13:30:30,078 - __main__ - INFO - Headers created for Obras
2026-07-21 13:30:30,078 - __main__ - INFO - Spreadsheet for Obras: 1K4yNUOomuBCgRDt8kY_r7nhKq8J0FZ-iPtxviluFhoA
2026-07-21 13:30:30,504 - modules.sheets_manager - INFO - Spreadsheet found: Cronograma_Mantenimiento (ID: 1NmI8DwyPCNe8HsnDBlIu__FL_Peff2N-UYQ946SuBBA)
2026-07-21 13:30:30,775 - modules.sheets_manager - INFO - Sheet names for 1NmI8DwyPCNe8HsnDBlIu__FL_Peff2N-UYQ946SuBBA: ['Mantenimiento']
2026-07-21 13:30:30,775 - modules.sheets_manager - INFO - Sheet 'Mantenimiento' already exists
2026-07-21 13:30:31,049 - modules.sheets_manager - INFO - Data written to 1NmI8DwyPCNe8HsnDBlIu__FL_Peff2N-UYQ946SuBBA: Mantenimiento!A1 (1 rows)
2026-07-21 13:30:31,049 - __main__ - INFO - Headers created for Mantenimiento
2026-07-21 13:30:31,049 - __main__ - INFO - Spreadsheet for Mantenimiento: 1NmI8DwyPCNe8HsnDBlIu__FL_Peff2N-UYQ946SuBBA
2026-07-21 13:30:31,586 - modules.sheets_manager - INFO - Spreadsheet found: Cronograma_Maestro (ID: 1yHvzhJCsfi1UZ_XtxOnesgaMakNtsNjvkIMP2gaYDgw)
2026-07-21 13:30:31,906 - modules.sheets_manager - INFO - Sheet names for 1yHvzhJCsfi1UZ_XtxOnesgaMakNtsNjvkIMP2gaYDgw: ['Cronograma_Maestro']
2026-07-21 13:30:31,906 - modules.sheets_manager - INFO - Sheet 'Cronograma_Maestro' already exists
2026-07-21 13:30:32,160 - modules.sheets_manager - INFO - Data written to 1yHvzhJCsfi1UZ_XtxOnesgaMakNtsNjvkIMP2gaYDgw: Cronograma_Maestro!A1 (1 rows)
2026-07-21 13:30:32,160 - __main__ - INFO - Headers created for master schedule
2026-07-21 13:30:32,160 - __main__ - INFO - Master schedule spreadsheet: 1yHvzhJCsfi1UZ_XtxOnesgaMakNtsNjvkIMP2gaYDgw
2026-07-21 13:30:32,160 - __main__ - INFO - 
2026-07-21 13:30:32,160 - __main__ - INFO - ======================================================================
2026-07-21 13:30:32,160 - __main__ - INFO - STEP 3: Consolidating schedules
2026-07-21 13:30:32,160 - __main__ - INFO - ======================================================================
2026-07-21 13:30:32,363 - modules.sheets_manager - INFO - Sheet names for 1c9kxSxwPG3huAebtoMKoopB8Zprzcm5ncFwcq4ipl3w: ['Ingenieria']
2026-07-21 13:30:32,566 - modules.sheets_manager - INFO - Data read from 1c9kxSxwPG3huAebtoMKoopB8Zprzcm5ncFwcq4ipl3w: Ingenieria!A:G (20 rows)
2026-07-21 13:30:32,567 - __main__ - INFO - Read 20 rows from Ingenieria
2026-07-21 13:30:32,816 - modules.sheets_manager - INFO - Sheet names for 1K4yNUOomuBCgRDt8kY_r7nhKq8J0FZ-iPtxviluFhoA: ['Obras']
2026-07-21 13:30:33,209 - modules.sheets_manager - INFO - Data read from 1K4yNUOomuBCgRDt8kY_r7nhKq8J0FZ-iPtxviluFhoA: Obras!A:G (16 rows)
2026-07-21 13:30:33,209 - __main__ - INFO - Read 16 rows from Obras
2026-07-21 13:30:33,444 - modules.sheets_manager - INFO - Sheet names for 1NmI8DwyPCNe8HsnDBlIu__FL_Peff2N-UYQ946SuBBA: ['Mantenimiento']
2026-07-21 13:30:33,699 - modules.sheets_manager - INFO - Data read from 1NmI8DwyPCNe8HsnDBlIu__FL_Peff2N-UYQ946SuBBA: Mantenimiento!A:G (16 rows)
2026-07-21 13:30:33,699 - __main__ - INFO - Read 16 rows from Mantenimiento
2026-07-21 13:30:33,701 - modules.consolidator - INFO - Prepared 19 rows from Ingenieria
2026-07-21 13:30:33,702 - modules.consolidator - INFO - Prepared 15 rows from Obras
2026-07-21 13:30:33,703 - modules.consolidator - INFO - Prepared 15 rows from Mantenimiento
2026-07-21 13:30:33,704 - modules.consolidator - INFO - Consolidated 49 total projects from all departments
2026-07-21 13:30:33,705 - modules.consolidator - INFO - Data validation: FAILED (1 errors)
2026-07-21 13:30:33,705 - __main__ - WARNING - Data validation issues: ['Invalid states found: 2026-07-01 0:00:00, 2026-06-15 0:00:00, 2026-07-05 0:00:00, 2026-05-20 0:00:00, 2026-07-18 0:00:00, 2026-06-25 0:00:00, 2026-07-10 0:00:00, 2026-04-10 0:00:00, 2026-07-15 0:00:00, 2026-06-30 0:00:00, 2026-07-20 0:00:00, 2026-05-15 0:00:00, 2026-07-08 0:00:00, 2026-06-22 0:00:00, 2026-07-12 0:00:00, 2026-07-14 0:00:00, 2026-07-03 0:00:00, 2026-06-08 0:00:00, 2026-07-16 0:00:00, 2026-06-20 0:00:00, 2026-04-20 0:00:00, 2026-06-28 0:00:00, 2026-05-10 0:00:00, 2026-07-02 0:00:00, 2026-06-10 0:00:00, 2026-05-28 0:00:00, 2026-04-05 0:00:00, 2026-06-18 0:00:00, 2026-05-12 0:00:00']
2026-07-21 13:30:33,933 - modules.sheets_manager - INFO - Sheet names for 1yHvzhJCsfi1UZ_XtxOnesgaMakNtsNjvkIMP2gaYDgw: ['Cronograma_Maestro']
2026-07-21 13:30:34,191 - modules.sheets_manager - INFO - Data cleared from 1yHvzhJCsfi1UZ_XtxOnesgaMakNtsNjvkIMP2gaYDgw: Cronograma_Maestro!A2:H
2026-07-21 13:30:34,401 - modules.sheets_manager - ERROR - Failed to write data: <HttpError 400 when requesting https://sheets.googleapis.com/v4/spreadsheets/1yHvzhJCsfi1UZ_XtxOnesgaMakNtsNjvkIMP2gaYDgw/values/Cronograma_Maestro%21A1?valueInputOption=RAW&alt=json returned "Invalid JSON payload received. Unexpected token.
026-07-01 0:00:00", NaN, "Ingenieria"], 
                    ^". Details: "Invalid JSON payload received. Unexpected token.
026-07-01 0:00:00", NaN, "Ingenieria"], 
                    ^">
2026-07-21 13:30:34,401 - __main__ - INFO - Consolidated 49 projects to master schedule
2026-07-21 13:30:34,405 - modules.consolidator - INFO - Generated summaries for 3 departments
2026-07-21 13:30:34,405 - __main__ - INFO - Ingenieria: {'departamento': 'Ingenieria', 'total_proyectos': 19, 'pendiente': 0, 'en_progreso': 0, 'completado': 0, 'retrasado': 0}
2026-07-21 13:30:34,405 - __main__ - INFO - Obras: {'departamento': 'Obras', 'total_proyectos': 15, 'pendiente': 0, 'en_progreso': 0, 'completado': 0, 'retrasado': 0}
2026-07-21 13:30:34,405 - __main__ - INFO - Mantenimiento: {'departamento': 'Mantenimiento', 'total_proyectos': 15, 'pendiente': 0, 'en_progreso': 0, 'completado': 0, 'retrasado': 0}
2026-07-21 13:30:34,405 - __main__ - INFO - 
2026-07-21 13:30:34,405 - __main__ - INFO - ======================================================================
2026-07-21 13:30:34,406 - __main__ - INFO - STEP 4: Evaluating alerts
2026-07-21 13:30:34,406 - __main__ - INFO - ======================================================================
2026-07-21 13:30:34,406 - modules.scheduler - ERROR - Invalid date format: Marcelo Battista. Expected DD/MM/YYYY
2026-07-21 13:30:34,406 - modules.scheduler - ERROR - Error calculating days remaining: Invalid date format: Marcelo Battista. Expected DD/MM/YYYY
2026-07-21 13:30:34,406 - modules.scheduler - ERROR - Invalid date format: Marcelo Battista. Expected DD/MM/YYYY
2026-07-21 13:30:34,407 - modules.scheduler - ERROR - Error calculating days remaining: Invalid date format: Marcelo Battista. Expected DD/MM/YYYY
2026-07-21 13:30:34,407 - modules.scheduler - ERROR - Invalid date format: Jorge Fernandez. Expected DD/MM/YYYY
2026-07-21 13:30:34,407 - modules.scheduler - ERROR - Error calculating days remaining: Invalid date format: Jorge Fernandez. Expected DD/MM/YYYY
2026-07-21 13:30:34,407 - modules.scheduler - ERROR - Invalid date format: Marcelo Battista. Expected DD/MM/YYYY
2026-07-21 13:30:34,407 - modules.scheduler - ERROR - Error calculating days remaining: Invalid date format: Marcelo Battista. Expected DD/MM/YYYY
2026-07-21 13:30:34,407 - modules.scheduler - ERROR - Invalid date format: Jorge Fernandez. Expected DD/MM/YYYY
2026-07-21 13:30:34,407 - modules.scheduler - ERROR - Error calculating days remaining: Invalid date format: Jorge Fernandez. Expected DD/MM/YYYY
2026-07-21 13:30:34,407 - modules.scheduler - ERROR - Invalid date format: Marcelo Battista. Expected DD/MM/YYYY
2026-07-21 13:30:34,407 - modules.scheduler - ERROR - Error calculating days remaining: Invalid date format: Marcelo Battista. Expected DD/MM/YYYY
2026-07-21 13:30:34,407 - modules.scheduler - ERROR - Invalid date format: Jorge Fernandez. Expected DD/MM/YYYY
2026-07-21 13:30:34,407 - modules.scheduler - ERROR - Error calculating days remaining: Invalid date format: Jorge Fernandez. Expected DD/MM/YYYY
2026-07-21 13:30:34,407 - modules.scheduler - ERROR - Invalid date format: Marcelo Battista. Expected DD/MM/YYYY
2026-07-21 13:30:34,407 - modules.scheduler - ERROR - Error calculating days remaining: Invalid date format: Marcelo Battista. Expected DD/MM/YYYY
2026-07-21 13:30:34,407 - modules.scheduler - ERROR - Invalid date format: Jorge Fernandez. Expected DD/MM/YYYY
2026-07-21 13:30:34,407 - modules.scheduler - ERROR - Error calculating days remaining: Invalid date format: Jorge Fernandez. Expected DD/MM/YYYY
2026-07-21 13:30:34,407 - modules.scheduler - ERROR - Invalid date format: Marcelo Battista. Expected DD/MM/YYYY
2026-07-21 13:30:34,407 - modules.scheduler - ERROR - Error calculating days remaining: Invalid date format: Marcelo Battista. Expected DD/MM/YYYY
2026-07-21 13:30:34,407 - modules.scheduler - ERROR - Invalid date format: Jorge Fernandez. Expected DD/MM/YYYY
2026-07-21 13:30:34,407 - modules.scheduler - ERROR - Error calculating days remaining: Invalid date format: Jorge Fernandez. Expected DD/MM/YYYY
2026-07-21 13:30:34,407 - modules.scheduler - ERROR - Invalid date format: Marcelo Battista. Expected DD/MM/YYYY
2026-07-21 13:30:34,407 - modules.scheduler - ERROR - Error calculating days remaining: Invalid date format: Marcelo Battista. Expected DD/MM/YYYY
2026-07-21 13:30:34,407 - modules.scheduler - ERROR - Invalid date format: Jorge Fernandez. Expected DD/MM/YYYY
2026-07-21 13:30:34,407 - modules.scheduler - ERROR - Error calculating days remaining: Invalid date format: Jorge Fernandez. Expected DD/MM/YYYY
2026-07-21 13:30:34,408 - modules.scheduler - ERROR - Invalid date format: Marcelo Battista. Expected DD/MM/YYYY
2026-07-21 13:30:34,408 - modules.scheduler - ERROR - Error calculating days remaining: Invalid date format: Marcelo Battista. Expected DD/MM/YYYY
2026-07-21 13:30:34,408 - modules.scheduler - ERROR - Invalid date format: Jorge Fernandez. Expected DD/MM/YYYY
2026-07-21 13:30:34,408 - modules.scheduler - ERROR - Error calculating days remaining: Invalid date format: Jorge Fernandez. Expected DD/MM/YYYY
2026-07-21 13:30:34,408 - modules.scheduler - ERROR - Invalid date format: Jorge Fernandez. Expected DD/MM/YYYY
2026-07-21 13:30:34,408 - modules.scheduler - ERROR - Error calculating days remaining: Invalid date format: Jorge Fernandez. Expected DD/MM/YYYY
2026-07-21 13:30:34,408 - modules.scheduler - ERROR - Invalid date format: Jorge Fernandez. Expected DD/MM/YYYY
2026-07-21 13:30:34,408 - modules.scheduler - ERROR - Error calculating days remaining: Invalid date format: Jorge Fernandez. Expected DD/MM/YYYY
2026-07-21 13:30:34,408 - modules.scheduler - ERROR - Invalid date format: Jorge Fernandez. Expected DD/MM/YYYY
2026-07-21 13:30:34,408 - modules.scheduler - ERROR - Error calculating days remaining: Invalid date format: Jorge Fernandez. Expected DD/MM/YYYY
2026-07-21 13:30:34,408 - modules.scheduler - ERROR - Invalid date format: Fernando Menendez. Expected DD/MM/YYYY
2026-07-21 13:30:34,408 - modules.scheduler - ERROR - Error calculating days remaining: Invalid date format: Fernando Menendez. Expected DD/MM/YYYY
2026-07-21 13:30:34,408 - modules.scheduler - ERROR - Invalid date format: Marcelo Battista. Expected DD/MM/YYYY
2026-07-21 13:30:34,408 - modules.scheduler - ERROR - Error calculating days remaining: Invalid date format: Marcelo Battista. Expected DD/MM/YYYY
2026-07-21 13:30:34,408 - modules.scheduler - ERROR - Invalid date format: Jorge Fernandez. Expected DD/MM/YYYY
2026-07-21 13:30:34,408 - modules.scheduler - ERROR - Error calculating days remaining: Invalid date format: Jorge Fernandez. Expected DD/MM/YYYY
2026-07-21 13:30:34,408 - modules.scheduler - ERROR - Invalid date format: Marcelo Battista. Expected DD/MM/YYYY
2026-07-21 13:30:34,408 - modules.scheduler - ERROR - Error calculating days remaining: Invalid date format: Marcelo Battista. Expected DD/MM/YYYY
2026-07-21 13:30:34,408 - modules.scheduler - ERROR - Invalid date format: Jorge Fernandez. Expected DD/MM/YYYY
2026-07-21 13:30:34,408 - modules.scheduler - ERROR - Error calculating days remaining: Invalid date format: Jorge Fernandez. Expected DD/MM/YYYY
2026-07-21 13:30:34,408 - modules.scheduler - ERROR - Invalid date format: Marcelo Battista. Expected DD/MM/YYYY
2026-07-21 13:30:34,408 - modules.scheduler - ERROR - Error calculating days remaining: Invalid date format: Marcelo Battista. Expected DD/MM/YYYY
2026-07-21 13:30:34,408 - modules.scheduler - ERROR - Invalid date format: Jorge Fernandez. Expected DD/MM/YYYY
2026-07-21 13:30:34,409 - modules.scheduler - ERROR - Error calculating days remaining: Invalid date format: Jorge Fernandez. Expected DD/MM/YYYY
2026-07-21 13:30:34,409 - modules.scheduler - ERROR - Invalid date format: Marcelo Battista. Expected DD/MM/YYYY
2026-07-21 13:30:34,409 - modules.scheduler - ERROR - Error calculating days remaining: Invalid date format: Marcelo Battista. Expected DD/MM/YYYY
2026-07-21 13:30:34,409 - modules.scheduler - ERROR - Invalid date format: Jorge Fernandez. Expected DD/MM/YYYY
2026-07-21 13:30:34,409 - modules.scheduler - ERROR - Error calculating days remaining: Invalid date format: Jorge Fernandez. Expected DD/MM/YYYY
2026-07-21 13:30:34,409 - modules.scheduler - ERROR - Invalid date format: Marcelo Battista. Expected DD/MM/YYYY
2026-07-21 13:30:34,409 - modules.scheduler - ERROR - Error calculating days remaining: Invalid date format: Marcelo Battista. Expected DD/MM/YYYY
2026-07-21 13:30:34,409 - modules.scheduler - ERROR - Invalid date format: Jorge Fernandez. Expected DD/MM/YYYY
2026-07-21 13:30:34,409 - modules.scheduler - ERROR - Error calculating days remaining: Invalid date format: Jorge Fernandez. Expected DD/MM/YYYY
2026-07-21 13:30:34,409 - modules.scheduler - ERROR - Invalid date format: Marcelo Battista. Expected DD/MM/YYYY
2026-07-21 13:30:34,409 - modules.scheduler - ERROR - Error calculating days remaining: Invalid date format: Marcelo Battista. Expected DD/MM/YYYY
2026-07-21 13:30:34,409 - modules.scheduler - ERROR - Invalid date format: Jorge Fernandez. Expected DD/MM/YYYY
2026-07-21 13:30:34,409 - modules.scheduler - ERROR - Error calculating days remaining: Invalid date format: Jorge Fernandez. Expected DD/MM/YYYY
2026-07-21 13:30:34,409 - modules.scheduler - ERROR - Invalid date format: Marcelo Battista. Expected DD/MM/YYYY
2026-07-21 13:30:34,409 - modules.scheduler - ERROR - Error calculating days remaining: Invalid date format: Marcelo Battista. Expected DD/MM/YYYY
2026-07-21 13:30:34,409 - modules.scheduler - ERROR - Invalid date format: Jorge Fernandez. Expected DD/MM/YYYY
2026-07-21 13:30:34,409 - modules.scheduler - ERROR - Error calculating days remaining: Invalid date format: Jorge Fernandez. Expected DD/MM/YYYY
2026-07-21 13:30:34,409 - modules.scheduler - ERROR - Invalid date format: Marcelo Battista. Expected DD/MM/YYYY
2026-07-21 13:30:34,409 - modules.scheduler - ERROR - Error calculating days remaining: Invalid date format: Marcelo Battista. Expected DD/MM/YYYY
2026-07-21 13:30:34,409 - modules.scheduler - ERROR - Invalid date format: Fernando Menendez. Expected DD/MM/YYYY
2026-07-21 13:30:34,409 - modules.scheduler - ERROR - Error calculating days remaining: Invalid date format: Fernando Menendez. Expected DD/MM/YYYY
2026-07-21 13:30:34,410 - modules.scheduler - ERROR - Invalid date format: Fernando Menendez. Expected DD/MM/YYYY
2026-07-21 13:30:34,410 - modules.scheduler - ERROR - Error calculating days remaining: Invalid date format: Fernando Menendez. Expected DD/MM/YYYY
2026-07-21 13:30:34,410 - modules.scheduler - ERROR - Invalid date format: Marcelo Battista. Expected DD/MM/YYYY
2026-07-21 13:30:34,410 - modules.scheduler - ERROR - Error calculating days remaining: Invalid date format: Marcelo Battista. Expected DD/MM/YYYY
2026-07-21 13:30:34,410 - modules.scheduler - ERROR - Invalid date format: Fernando Menendez. Expected DD/MM/YYYY
2026-07-21 13:30:34,410 - modules.scheduler - ERROR - Error calculating days remaining: Invalid date format: Fernando Menendez. Expected DD/MM/YYYY
2026-07-21 13:30:34,410 - modules.scheduler - ERROR - Invalid date format: Marcelo Battista. Expected DD/MM/YYYY
2026-07-21 13:30:34,410 - modules.scheduler - ERROR - Error calculating days remaining: Invalid date format: Marcelo Battista. Expected DD/MM/YYYY
2026-07-21 13:30:34,410 - modules.scheduler - ERROR - Invalid date format: Fernando Menendez. Expected DD/MM/YYYY
2026-07-21 13:30:34,410 - modules.scheduler - ERROR - Error calculating days remaining: Invalid date format: Fernando Menendez. Expected DD/MM/YYYY
2026-07-21 13:30:34,410 - modules.scheduler - ERROR - Invalid date format: Marcelo Battista. Expected DD/MM/YYYY
2026-07-21 13:30:34,410 - modules.scheduler - ERROR - Error calculating days remaining: Invalid date format: Marcelo Battista. Expected DD/MM/YYYY
2026-07-21 13:30:34,410 - modules.scheduler - ERROR - Invalid date format: Fernando Menendez. Expected DD/MM/YYYY
2026-07-21 13:30:34,410 - modules.scheduler - ERROR - Error calculating days remaining: Invalid date format: Fernando Menendez. Expected DD/MM/YYYY
2026-07-21 13:30:34,410 - modules.scheduler - ERROR - Invalid date format: Marcelo Battista. Expected DD/MM/YYYY
2026-07-21 13:30:34,410 - modules.scheduler - ERROR - Error calculating days remaining: Invalid date format: Marcelo Battista. Expected DD/MM/YYYY
2026-07-21 13:30:34,410 - modules.scheduler - ERROR - Invalid date format: Fernando Menendez. Expected DD/MM/YYYY
2026-07-21 13:30:34,410 - modules.scheduler - ERROR - Error calculating days remaining: Invalid date format: Fernando Menendez. Expected DD/MM/YYYY
2026-07-21 13:30:34,410 - modules.scheduler - ERROR - Invalid date format: Marcelo Battista. Expected DD/MM/YYYY
2026-07-21 13:30:34,410 - modules.scheduler - ERROR - Error calculating days remaining: Invalid date format: Marcelo Battista. Expected DD/MM/YYYY
2026-07-21 13:30:34,410 - modules.scheduler - ERROR - Invalid date format: Fernando Menendez. Expected DD/MM/YYYY
2026-07-21 13:30:34,411 - modules.scheduler - ERROR - Error calculating days remaining: Invalid date format: Fernando Menendez. Expected DD/MM/YYYY
2026-07-21 13:30:34,411 - modules.scheduler - ERROR - Invalid date format: Marcelo Battista. Expected DD/MM/YYYY
2026-07-21 13:30:34,411 - modules.scheduler - ERROR - Error calculating days remaining: Invalid date format: Marcelo Battista. Expected DD/MM/YYYY
2026-07-21 13:30:34,411 - modules.scheduler - ERROR - Invalid date format: Fernando Menendez. Expected DD/MM/YYYY
2026-07-21 13:30:34,411 - modules.scheduler - ERROR - Error calculating days remaining: Invalid date format: Fernando Menendez. Expected DD/MM/YYYY
2026-07-21 13:30:34,411 - modules.scheduler - ERROR - Invalid date format: Marcelo Battista. Expected DD/MM/YYYY
2026-07-21 13:30:34,411 - modules.scheduler - ERROR - Error calculating days remaining: Invalid date format: Marcelo Battista. Expected DD/MM/YYYY
2026-07-21 13:30:34,411 - modules.scheduler - ERROR - Invalid date format: Marcelo Battista. Expected DD/MM/YYYY
2026-07-21 13:30:34,411 - modules.scheduler - ERROR - Error calculating days remaining: Invalid date format: Marcelo Battista. Expected DD/MM/YYYY
2026-07-21 13:30:34,411 - modules.scheduler - ERROR - Invalid date format: Marcelo Battista. Expected DD/MM/YYYY
2026-07-21 13:30:34,411 - modules.scheduler - ERROR - Error calculating days remaining: Invalid date format: Marcelo Battista. Expected DD/MM/YYYY
2026-07-21 13:30:34,411 - modules.scheduler - ERROR - Invalid date format: Jorge Fernandez. Expected DD/MM/YYYY
2026-07-21 13:30:34,411 - modules.scheduler - ERROR - Error calculating days remaining: Invalid date format: Jorge Fernandez. Expected DD/MM/YYYY
2026-07-21 13:30:34,411 - modules.scheduler - ERROR - Invalid date format: Marcelo Battista. Expected DD/MM/YYYY
2026-07-21 13:30:34,411 - modules.scheduler - ERROR - Error calculating days remaining: Invalid date format: Marcelo Battista. Expected DD/MM/YYYY
2026-07-21 13:30:34,411 - modules.scheduler - ERROR - Invalid date format: Jorge Fernandez. Expected DD/MM/YYYY
2026-07-21 13:30:34,411 - modules.scheduler - ERROR - Error calculating days remaining: Invalid date format: Jorge Fernandez. Expected DD/MM/YYYY
2026-07-21 13:30:34,411 - modules.scheduler - ERROR - Invalid date format: Marcelo Battista. Expected DD/MM/YYYY
2026-07-21 13:30:34,411 - modules.scheduler - ERROR - Error calculating days remaining: Invalid date format: Marcelo Battista. Expected DD/MM/YYYY
2026-07-21 13:30:34,411 - modules.scheduler - ERROR - Invalid date format: Jorge Fernandez. Expected DD/MM/YYYY
2026-07-21 13:30:34,412 - modules.scheduler - ERROR - Error calculating days remaining: Invalid date format: Jorge Fernandez. Expected DD/MM/YYYY
2026-07-21 13:30:34,412 - modules.scheduler - ERROR - Invalid date format: Marcelo Battista. Expected DD/MM/YYYY
2026-07-21 13:30:34,412 - modules.scheduler - ERROR - Error calculating days remaining: Invalid date format: Marcelo Battista. Expected DD/MM/YYYY
2026-07-21 13:30:34,412 - modules.scheduler - ERROR - Invalid date format: Jorge Fernandez. Expected DD/MM/YYYY
2026-07-21 13:30:34,412 - modules.scheduler - ERROR - Error calculating days remaining: Invalid date format: Jorge Fernandez. Expected DD/MM/YYYY
2026-07-21 13:30:34,412 - modules.scheduler - ERROR - Invalid date format: Marcelo Battista. Expected DD/MM/YYYY
2026-07-21 13:30:34,412 - modules.scheduler - ERROR - Error calculating days remaining: Invalid date format: Marcelo Battista. Expected DD/MM/YYYY
2026-07-21 13:30:34,412 - modules.scheduler - ERROR - Invalid date format: Jorge Fernandez. Expected DD/MM/YYYY
2026-07-21 13:30:34,412 - modules.scheduler - ERROR - Error calculating days remaining: Invalid date format: Jorge Fernandez. Expected DD/MM/YYYY
2026-07-21 13:30:34,412 - modules.scheduler - ERROR - Invalid date format: Marcelo Battista. Expected DD/MM/YYYY
2026-07-21 13:30:34,412 - modules.scheduler - ERROR - Error calculating days remaining: Invalid date format: Marcelo Battista. Expected DD/MM/YYYY
2026-07-21 13:30:34,412 - modules.scheduler - ERROR - Invalid date format: Jorge Fernandez. Expected DD/MM/YYYY
2026-07-21 13:30:34,412 - modules.scheduler - ERROR - Error calculating days remaining: Invalid date format: Jorge Fernandez. Expected DD/MM/YYYY
2026-07-21 13:30:34,412 - modules.scheduler - ERROR - Invalid date format: Marcelo Battista. Expected DD/MM/YYYY
2026-07-21 13:30:34,412 - modules.scheduler - ERROR - Error calculating days remaining: Invalid date format: Marcelo Battista. Expected DD/MM/YYYY
2026-07-21 13:30:34,412 - modules.scheduler - ERROR - Invalid date format: Jorge Fernandez. Expected DD/MM/YYYY
2026-07-21 13:30:34,412 - modules.scheduler - ERROR - Error calculating days remaining: Invalid date format: Jorge Fernandez. Expected DD/MM/YYYY
2026-07-21 13:30:34,412 - modules.scheduler - ERROR - Invalid date format: Jorge Fernandez. Expected DD/MM/YYYY
2026-07-21 13:30:34,412 - modules.scheduler - ERROR - Error calculating days remaining: Invalid date format: Jorge Fernandez. Expected DD/MM/YYYY
2026-07-21 13:30:34,412 - modules.scheduler - ERROR - Invalid date format: Jorge Fernandez. Expected DD/MM/YYYY
2026-07-21 13:30:34,412 - modules.scheduler - ERROR - Error calculating days remaining: Invalid date format: Jorge Fernandez. Expected DD/MM/YYYY
2026-07-21 13:30:34,412 - modules.scheduler - ERROR - Invalid date format: Jorge Fernandez. Expected DD/MM/YYYY
2026-07-21 13:30:34,413 - modules.scheduler - ERROR - Error calculating days remaining: Invalid date format: Jorge Fernandez. Expected DD/MM/YYYY
2026-07-21 13:30:34,413 - modules.scheduler - ERROR - Invalid date format: Fernando Menendez. Expected DD/MM/YYYY
2026-07-21 13:30:34,413 - modules.scheduler - ERROR - Error calculating days remaining: Invalid date format: Fernando Menendez. Expected DD/MM/YYYY
2026-07-21 13:30:34,413 - modules.scheduler - ERROR - Invalid date format: Marcelo Battista. Expected DD/MM/YYYY
2026-07-21 13:30:34,413 - modules.scheduler - ERROR - Error calculating days remaining: Invalid date format: Marcelo Battista. Expected DD/MM/YYYY
2026-07-21 13:30:34,413 - modules.scheduler - ERROR - Invalid date format: Jorge Fernandez. Expected DD/MM/YYYY
2026-07-21 13:30:34,413 - modules.scheduler - ERROR - Error calculating days remaining: Invalid date format: Jorge Fernandez. Expected DD/MM/YYYY
2026-07-21 13:30:34,413 - modules.scheduler - ERROR - Invalid date format: Marcelo Battista. Expected DD/MM/YYYY
2026-07-21 13:30:34,413 - modules.scheduler - ERROR - Error calculating days remaining: Invalid date format: Marcelo Battista. Expected DD/MM/YYYY
2026-07-21 13:30:34,413 - modules.scheduler - ERROR - Invalid date format: Jorge Fernandez. Expected DD/MM/YYYY
2026-07-21 13:30:34,413 - modules.scheduler - ERROR - Error calculating days remaining: Invalid date format: Jorge Fernandez. Expected DD/MM/YYYY
2026-07-21 13:30:34,413 - modules.scheduler - ERROR - Invalid date format: Marcelo Battista. Expected DD/MM/YYYY
2026-07-21 13:30:34,413 - modules.scheduler - ERROR - Error calculating days remaining: Invalid date format: Marcelo Battista. Expected DD/MM/YYYY
2026-07-21 13:30:34,413 - modules.scheduler - ERROR - Invalid date format: Jorge Fernandez. Expected DD/MM/YYYY
2026-07-21 13:30:34,413 - modules.scheduler - ERROR - Error calculating days remaining: Invalid date format: Jorge Fernandez. Expected DD/MM/YYYY
2026-07-21 13:30:34,413 - modules.scheduler - ERROR - Invalid date format: Marcelo Battista. Expected DD/MM/YYYY
2026-07-21 13:30:34,413 - modules.scheduler - ERROR - Error calculating days remaining: Invalid date format: Marcelo Battista. Expected DD/MM/YYYY
2026-07-21 13:30:34,413 - modules.scheduler - ERROR - Invalid date format: Jorge Fernandez. Expected DD/MM/YYYY
2026-07-21 13:30:34,413 - modules.scheduler - ERROR - Error calculating days remaining: Invalid date format: Jorge Fernandez. Expected DD/MM/YYYY
2026-07-21 13:30:34,413 - modules.scheduler - ERROR - Invalid date format: Marcelo Battista. Expected DD/MM/YYYY
2026-07-21 13:30:34,413 - modules.scheduler - ERROR - Error calculating days remaining: Invalid date format: Marcelo Battista. Expected DD/MM/YYYY
2026-07-21 13:30:34,413 - modules.scheduler - ERROR - Invalid date format: Jorge Fernandez. Expected DD/MM/YYYY
2026-07-21 13:30:34,413 - modules.scheduler - ERROR - Error calculating days remaining: Invalid date format: Jorge Fernandez. Expected DD/MM/YYYY
2026-07-21 13:30:34,414 - modules.scheduler - ERROR - Invalid date format: Marcelo Battista. Expected DD/MM/YYYY
2026-07-21 13:30:34,414 - modules.scheduler - ERROR - Error calculating days remaining: Invalid date format: Marcelo Battista. Expected DD/MM/YYYY
2026-07-21 13:30:34,414 - modules.scheduler - ERROR - Invalid date format: Jorge Fernandez. Expected DD/MM/YYYY
2026-07-21 13:30:34,414 - modules.scheduler - ERROR - Error calculating days remaining: Invalid date format: Jorge Fernandez. Expected DD/MM/YYYY
2026-07-21 13:30:34,414 - modules.scheduler - ERROR - Invalid date format: Marcelo Battista. Expected DD/MM/YYYY
2026-07-21 13:30:34,414 - modules.scheduler - ERROR - Error calculating days remaining: Invalid date format: Marcelo Battista. Expected DD/MM/YYYY
2026-07-21 13:30:34,414 - modules.scheduler - ERROR - Invalid date format: Jorge Fernandez. Expected DD/MM/YYYY
2026-07-21 13:30:34,414 - modules.scheduler - ERROR - Error calculating days remaining: Invalid date format: Jorge Fernandez. Expected DD/MM/YYYY
2026-07-21 13:30:34,414 - modules.scheduler - ERROR - Invalid date format: Marcelo Battista. Expected DD/MM/YYYY
2026-07-21 13:30:34,414 - modules.scheduler - ERROR - Error calculating days remaining: Invalid date format: Marcelo Battista. Expected DD/MM/YYYY
2026-07-21 13:30:34,414 - modules.scheduler - ERROR - Invalid date format: Fernando Menendez. Expected DD/MM/YYYY
2026-07-21 13:30:34,414 - modules.scheduler - ERROR - Error calculating days remaining: Invalid date format: Fernando Menendez. Expected DD/MM/YYYY
2026-07-21 13:30:34,414 - modules.scheduler - ERROR - Invalid date format: Fernando Menendez. Expected DD/MM/YYYY
2026-07-21 13:30:34,414 - modules.scheduler - ERROR - Error calculating days remaining: Invalid date format: Fernando Menendez. Expected DD/MM/YYYY
2026-07-21 13:30:34,414 - modules.scheduler - ERROR - Invalid date format: Marcelo Battista. Expected DD/MM/YYYY
2026-07-21 13:30:34,414 - modules.scheduler - ERROR - Error calculating days remaining: Invalid date format: Marcelo Battista. Expected DD/MM/YYYY
2026-07-21 13:30:34,414 - modules.scheduler - ERROR - Invalid date format: Fernando Menendez. Expected DD/MM/YYYY
2026-07-21 13:30:34,414 - modules.scheduler - ERROR - Error calculating days remaining: Invalid date format: Fernando Menendez. Expected DD/MM/YYYY
2026-07-21 13:30:34,414 - modules.scheduler - ERROR - Invalid date format: Marcelo Battista. Expected DD/MM/YYYY
2026-07-21 13:30:34,414 - modules.scheduler - ERROR - Error calculating days remaining: Invalid date format: Marcelo Battista. Expected DD/MM/YYYY
2026-07-21 13:30:34,414 - modules.scheduler - ERROR - Invalid date format: Fernando Menendez. Expected DD/MM/YYYY
2026-07-21 13:30:34,414 - modules.scheduler - ERROR - Error calculating days remaining: Invalid date format: Fernando Menendez. Expected DD/MM/YYYY
2026-07-21 13:30:34,414 - modules.scheduler - ERROR - Invalid date format: Marcelo Battista. Expected DD/MM/YYYY
2026-07-21 13:30:34,414 - modules.scheduler - ERROR - Error calculating days remaining: Invalid date format: Marcelo Battista. Expected DD/MM/YYYY
2026-07-21 13:30:34,414 - modules.scheduler - ERROR - Invalid date format: Fernando Menendez. Expected DD/MM/YYYY
2026-07-21 13:30:34,415 - modules.scheduler - ERROR - Error calculating days remaining: Invalid date format: Fernando Menendez. Expected DD/MM/YYYY
2026-07-21 13:30:34,415 - modules.scheduler - ERROR - Invalid date format: Marcelo Battista. Expected DD/MM/YYYY
2026-07-21 13:30:34,415 - modules.scheduler - ERROR - Error calculating days remaining: Invalid date format: Marcelo Battista. Expected DD/MM/YYYY
2026-07-21 13:30:34,415 - modules.scheduler - ERROR - Invalid date format: Fernando Menendez. Expected DD/MM/YYYY
2026-07-21 13:30:34,415 - modules.scheduler - ERROR - Error calculating days remaining: Invalid date format: Fernando Menendez. Expected DD/MM/YYYY
2026-07-21 13:30:34,415 - modules.scheduler - ERROR - Invalid date format: Marcelo Battista. Expected DD/MM/YYYY
2026-07-21 13:30:34,415 - modules.scheduler - ERROR - Error calculating days remaining: Invalid date format: Marcelo Battista. Expected DD/MM/YYYY
2026-07-21 13:30:34,415 - modules.scheduler - ERROR - Invalid date format: Fernando Menendez. Expected DD/MM/YYYY
2026-07-21 13:30:34,415 - modules.scheduler - ERROR - Error calculating days remaining: Invalid date format: Fernando Menendez. Expected DD/MM/YYYY
2026-07-21 13:30:34,415 - modules.scheduler - ERROR - Invalid date format: Marcelo Battista. Expected DD/MM/YYYY
2026-07-21 13:30:34,415 - modules.scheduler - ERROR - Error calculating days remaining: Invalid date format: Marcelo Battista. Expected DD/MM/YYYY
2026-07-21 13:30:34,415 - modules.scheduler - ERROR - Invalid date format: Fernando Menendez. Expected DD/MM/YYYY
2026-07-21 13:30:34,415 - modules.scheduler - ERROR - Error calculating days remaining: Invalid date format: Fernando Menendez. Expected DD/MM/YYYY
2026-07-21 13:30:34,415 - modules.scheduler - ERROR - Invalid date format: Marcelo Battista. Expected DD/MM/YYYY
2026-07-21 13:30:34,415 - modules.scheduler - ERROR - Error calculating days remaining: Invalid date format: Marcelo Battista. Expected DD/MM/YYYY
2026-07-21 13:30:34,415 - modules.scheduler - INFO - Alert evaluation complete: 0 overdue, 0 approaching
2026-07-21 13:30:34,415 - modules.notifier - INFO - Logged 0/0 alerts
2026-07-21 13:30:34,415 - modules.notifier - INFO - Logged 0/0 alerts
2026-07-21 13:30:34,415 - __main__ - INFO - Total alerts logged: 0
2026-07-21 13:30:34,415 - __main__ - INFO - ============================================================
RESUMEN DE ALERTAS - 21/07/2026 13:30
============================================================

PROYECTOS VENCIDOS: 0
PLAZOS PRÓXIMOS (próximos 3 días): 0
============================================================
2026-07-21 13:30:34,415 - alerts - INFO - 
======================================================================
RESUMEN DE EJECUCIÓN - 21/07/2026 13:30:34
======================================================================
Status: SUCCESS
Root Folder: 1dMu2WeU3bbzqPEFEAoNySonP1eKTC71u
Departments: 3
Master Schedule: 1yHvzhJCsfi1UZ_XtxOnesgaMakNtsNjvkIMP2gaYDgw
======================================================================

2026-07-21 13:30:34,415 - __main__ - INFO - 
2026-07-21 13:30:34,415 - __main__ - INFO - ✓ Execution completed successfully
2026-07-21 13:30:53,855 - __main__ - INFO - 
2026-07-21 13:30:53,855 - __main__ - INFO - ╔====================================================================╗
2026-07-21 13:30:53,855 - __main__ - INFO - ║              PROJECT SCHEDULER - FULL EXECUTION CYCLE              ║
2026-07-21 13:30:53,855 - __main__ - INFO - ╚====================================================================╝
2026-07-21 13:30:53,855 - __main__ - INFO - 
2026-07-21 13:30:53,855 - __main__ - INFO - ======================================================================
2026-07-21 13:30:53,855 - __main__ - INFO - STEP 1: Setting up folder structure
2026-07-21 13:30:53,855 - __main__ - INFO - ======================================================================
2026-07-21 13:30:54,276 - modules.drive_manager - INFO - Folder found: Proyectos_Empresa (ID: 1dMu2WeU3bbzqPEFEAoNySonP1eKTC71u)
2026-07-21 13:30:54,276 - __main__ - INFO - Root folder created with ID: 1dMu2WeU3bbzqPEFEAoNySonP1eKTC71u
2026-07-21 13:30:54,619 - modules.drive_manager - INFO - Folder found: Ingenieria (ID: 1Voz7pY4e1gXbiHrohg8kE7ORywmh9oPe)
2026-07-21 13:30:54,933 - modules.drive_manager - INFO - Folder found: Clientes (ID: 1-pW6dcCmpM7yr9pfNA895HVeLNA87AL9)
2026-07-21 13:30:54,933 - __main__ - INFO - Ingenieria department folder: 1Voz7pY4e1gXbiHrohg8kE7ORywmh9oPe
2026-07-21 13:30:54,933 - __main__ - INFO - Ingenieria clients folder: 1-pW6dcCmpM7yr9pfNA895HVeLNA87AL9
2026-07-21 13:30:55,243 - modules.drive_manager - INFO - Folder found: Obras (ID: 1pxkkVZK_9XrhMBlKJfgvwYdjrPASagkY)
2026-07-21 13:30:55,521 - modules.drive_manager - INFO - Folder found: Clientes (ID: 17GspBkoAYHSJUIaC7663vAIB8bz495ID)
2026-07-21 13:30:55,521 - __main__ - INFO - Obras department folder: 1pxkkVZK_9XrhMBlKJfgvwYdjrPASagkY
2026-07-21 13:30:55,521 - __main__ - INFO - Obras clients folder: 17GspBkoAYHSJUIaC7663vAIB8bz495ID
2026-07-21 13:30:55,846 - modules.drive_manager - INFO - Folder found: Mantenimiento (ID: 15Ykg8P5i8lHto5TSl2_mCnwuz6u0Vj7f)
2026-07-21 13:30:56,184 - modules.drive_manager - INFO - Folder found: Clientes (ID: 1rIzjgwvLwRIaRc-qbJi4Uubu2DeBpkK_)
2026-07-21 13:30:56,184 - __main__ - INFO - Mantenimiento department folder: 15Ykg8P5i8lHto5TSl2_mCnwuz6u0Vj7f
2026-07-21 13:30:56,184 - __main__ - INFO - Mantenimiento clients folder: 1rIzjgwvLwRIaRc-qbJi4Uubu2DeBpkK_
2026-07-21 13:30:56,184 - __main__ - INFO - 
2026-07-21 13:30:56,184 - __main__ - INFO - ======================================================================
2026-07-21 13:30:56,184 - __main__ - INFO - STEP 2: Setting up spreadsheets
2026-07-21 13:30:56,184 - __main__ - INFO - ======================================================================
2026-07-21 13:30:56,551 - modules.sheets_manager - INFO - Spreadsheet found: Cronograma_Ingenieria (ID: 1c9kxSxwPG3huAebtoMKoopB8Zprzcm5ncFwcq4ipl3w)
2026-07-21 13:30:56,819 - modules.sheets_manager - INFO - Sheet names for 1c9kxSxwPG3huAebtoMKoopB8Zprzcm5ncFwcq4ipl3w: ['Ingenieria']
2026-07-21 13:30:56,819 - modules.sheets_manager - INFO - Sheet 'Ingenieria' already exists
2026-07-21 13:30:57,076 - modules.sheets_manager - INFO - Data written to 1c9kxSxwPG3huAebtoMKoopB8Zprzcm5ncFwcq4ipl3w: Ingenieria!A1 (1 rows)
2026-07-21 13:30:57,076 - __main__ - INFO - Headers created for Ingenieria
2026-07-21 13:30:57,076 - __main__ - INFO - Spreadsheet for Ingenieria: 1c9kxSxwPG3huAebtoMKoopB8Zprzcm5ncFwcq4ipl3w
2026-07-21 13:30:57,524 - modules.sheets_manager - INFO - Spreadsheet found: Cronograma_Obras (ID: 1K4yNUOomuBCgRDt8kY_r7nhKq8J0FZ-iPtxviluFhoA)
2026-07-21 13:30:57,790 - modules.sheets_manager - INFO - Sheet names for 1K4yNUOomuBCgRDt8kY_r7nhKq8J0FZ-iPtxviluFhoA: ['Obras']
2026-07-21 13:30:57,790 - modules.sheets_manager - INFO - Sheet 'Obras' already exists
2026-07-21 13:30:58,112 - modules.sheets_manager - INFO - Data written to 1K4yNUOomuBCgRDt8kY_r7nhKq8J0FZ-iPtxviluFhoA: Obras!A1 (1 rows)
2026-07-21 13:30:58,112 - __main__ - INFO - Headers created for Obras
2026-07-21 13:30:58,112 - __main__ - INFO - Spreadsheet for Obras: 1K4yNUOomuBCgRDt8kY_r7nhKq8J0FZ-iPtxviluFhoA
2026-07-21 13:30:58,561 - modules.sheets_manager - INFO - Spreadsheet found: Cronograma_Mantenimiento (ID: 1NmI8DwyPCNe8HsnDBlIu__FL_Peff2N-UYQ946SuBBA)
2026-07-21 13:30:58,832 - modules.sheets_manager - INFO - Sheet names for 1NmI8DwyPCNe8HsnDBlIu__FL_Peff2N-UYQ946SuBBA: ['Mantenimiento']
2026-07-21 13:30:58,832 - modules.sheets_manager - INFO - Sheet 'Mantenimiento' already exists
2026-07-21 13:30:59,106 - modules.sheets_manager - INFO - Data written to 1NmI8DwyPCNe8HsnDBlIu__FL_Peff2N-UYQ946SuBBA: Mantenimiento!A1 (1 rows)
2026-07-21 13:30:59,106 - __main__ - INFO - Headers created for Mantenimiento
2026-07-21 13:30:59,106 - __main__ - INFO - Spreadsheet for Mantenimiento: 1NmI8DwyPCNe8HsnDBlIu__FL_Peff2N-UYQ946SuBBA
2026-07-21 13:30:59,540 - modules.sheets_manager - INFO - Spreadsheet found: Cronograma_Maestro (ID: 1yHvzhJCsfi1UZ_XtxOnesgaMakNtsNjvkIMP2gaYDgw)
2026-07-21 13:30:59,826 - modules.sheets_manager - INFO - Sheet names for 1yHvzhJCsfi1UZ_XtxOnesgaMakNtsNjvkIMP2gaYDgw: ['Cronograma_Maestro']
2026-07-21 13:30:59,826 - modules.sheets_manager - INFO - Sheet 'Cronograma_Maestro' already exists
2026-07-21 13:31:00,065 - modules.sheets_manager - INFO - Data written to 1yHvzhJCsfi1UZ_XtxOnesgaMakNtsNjvkIMP2gaYDgw: Cronograma_Maestro!A1 (1 rows)
2026-07-21 13:31:00,065 - __main__ - INFO - Headers created for master schedule
2026-07-21 13:31:00,065 - __main__ - INFO - Master schedule spreadsheet: 1yHvzhJCsfi1UZ_XtxOnesgaMakNtsNjvkIMP2gaYDgw
2026-07-21 13:31:00,065 - __main__ - INFO - 
2026-07-21 13:31:00,065 - __main__ - INFO - ======================================================================
2026-07-21 13:31:00,065 - __main__ - INFO - STEP 3: Consolidating schedules
2026-07-21 13:31:00,065 - __main__ - INFO - ======================================================================
2026-07-21 13:31:00,267 - modules.sheets_manager - INFO - Sheet names for 1c9kxSxwPG3huAebtoMKoopB8Zprzcm5ncFwcq4ipl3w: ['Ingenieria']
2026-07-21 13:31:00,503 - modules.sheets_manager - INFO - Data read from 1c9kxSxwPG3huAebtoMKoopB8Zprzcm5ncFwcq4ipl3w: Ingenieria!A:G (20 rows)
2026-07-21 13:31:00,503 - __main__ - INFO - Read 20 rows from Ingenieria
2026-07-21 13:31:00,757 - modules.sheets_manager - INFO - Sheet names for 1K4yNUOomuBCgRDt8kY_r7nhKq8J0FZ-iPtxviluFhoA: ['Obras']
2026-07-21 13:31:01,084 - modules.sheets_manager - INFO - Data read from 1K4yNUOomuBCgRDt8kY_r7nhKq8J0FZ-iPtxviluFhoA: Obras!A:G (16 rows)
2026-07-21 13:31:01,084 - __main__ - INFO - Read 16 rows from Obras
2026-07-21 13:31:01,327 - modules.sheets_manager - INFO - Sheet names for 1NmI8DwyPCNe8HsnDBlIu__FL_Peff2N-UYQ946SuBBA: ['Mantenimiento']
2026-07-21 13:31:01,598 - modules.sheets_manager - INFO - Data read from 1NmI8DwyPCNe8HsnDBlIu__FL_Peff2N-UYQ946SuBBA: Mantenimiento!A:G (16 rows)
2026-07-21 13:31:01,598 - __main__ - INFO - Read 16 rows from Mantenimiento
2026-07-21 13:31:01,599 - modules.consolidator - INFO - Prepared 19 rows from Ingenieria
2026-07-21 13:31:01,600 - modules.consolidator - INFO - Prepared 15 rows from Obras
2026-07-21 13:31:01,600 - modules.consolidator - INFO - Prepared 15 rows from Mantenimiento
2026-07-21 13:31:01,601 - modules.consolidator - INFO - Consolidated 49 total projects from all departments
2026-07-21 13:31:01,602 - modules.consolidator - INFO - Data validation: FAILED (1 errors)
2026-07-21 13:31:01,602 - __main__ - WARNING - Data validation issues: ['Invalid states found: 2026-07-01 0:00:00, 2026-06-15 0:00:00, 2026-07-05 0:00:00, 2026-05-20 0:00:00, 2026-07-18 0:00:00, 2026-06-25 0:00:00, 2026-07-10 0:00:00, 2026-04-10 0:00:00, 2026-07-15 0:00:00, 2026-06-30 0:00:00, 2026-07-20 0:00:00, 2026-05-15 0:00:00, 2026-07-08 0:00:00, 2026-06-22 0:00:00, 2026-07-12 0:00:00, 2026-07-14 0:00:00, 2026-07-03 0:00:00, 2026-06-08 0:00:00, 2026-07-16 0:00:00, 2026-06-20 0:00:00, 2026-04-20 0:00:00, 2026-06-28 0:00:00, 2026-05-10 0:00:00, 2026-07-02 0:00:00, 2026-06-10 0:00:00, 2026-05-28 0:00:00, 2026-04-05 0:00:00, 2026-06-18 0:00:00, 2026-05-12 0:00:00']
2026-07-21 13:31:01,818 - modules.sheets_manager - INFO - Sheet names for 1yHvzhJCsfi1UZ_XtxOnesgaMakNtsNjvkIMP2gaYDgw: ['Cronograma_Maestro']
2026-07-21 13:31:02,089 - modules.sheets_manager - INFO - Data cleared from 1yHvzhJCsfi1UZ_XtxOnesgaMakNtsNjvkIMP2gaYDgw: Cronograma_Maestro!A2:H
2026-07-21 13:31:02,330 - modules.sheets_manager - ERROR - Failed to write data: <HttpError 400 when requesting https://sheets.googleapis.com/v4/spreadsheets/1yHvzhJCsfi1UZ_XtxOnesgaMakNtsNjvkIMP2gaYDgw/values/Cronograma_Maestro%21A1?valueInputOption=RAW&alt=json returned "Invalid JSON payload received. Unexpected token.
026-07-01 0:00:00", NaN, "Ingenieria"], 
                    ^". Details: "Invalid JSON payload received. Unexpected token.
026-07-01 0:00:00", NaN, "Ingenieria"], 
                    ^">
2026-07-21 13:31:02,331 - __main__ - INFO - Consolidated 49 projects to master schedule
2026-07-21 13:31:02,337 - modules.consolidator - INFO - Generated summaries for 3 departments
2026-07-21 13:31:02,337 - __main__ - INFO - Ingenieria: {'departamento': 'Ingenieria', 'total_proyectos': 19, 'pendiente': 0, 'en_progreso': 0, 'completado': 0, 'retrasado': 0}
2026-07-21 13:31:02,337 - __main__ - INFO - Obras: {'departamento': 'Obras', 'total_proyectos': 15, 'pendiente': 0, 'en_progreso': 0, 'completado': 0, 'retrasado': 0}
2026-07-21 13:31:02,338 - __main__ - INFO - Mantenimiento: {'departamento': 'Mantenimiento', 'total_proyectos': 15, 'pendiente': 0, 'en_progreso': 0, 'completado': 0, 'retrasado': 0}
2026-07-21 13:31:02,338 - __main__ - INFO - 
2026-07-21 13:31:02,338 - __main__ - INFO - ======================================================================
2026-07-21 13:31:02,338 - __main__ - INFO - STEP 4: Evaluating alerts
2026-07-21 13:31:02,338 - __main__ - INFO - ======================================================================
2026-07-21 13:31:02,339 - modules.scheduler - ERROR - Invalid date format: Marcelo Battista. Expected DD/MM/YYYY
2026-07-21 13:31:02,339 - modules.scheduler - ERROR - Error calculating days remaining: Invalid date format: Marcelo Battista. Expected DD/MM/YYYY
2026-07-21 13:31:02,339 - modules.scheduler - ERROR - Invalid date format: Marcelo Battista. Expected DD/MM/YYYY
2026-07-21 13:31:02,339 - modules.scheduler - ERROR - Error calculating days remaining: Invalid date format: Marcelo Battista. Expected DD/MM/YYYY
2026-07-21 13:31:02,339 - modules.scheduler - ERROR - Invalid date format: Jorge Fernandez. Expected DD/MM/YYYY
2026-07-21 13:31:02,339 - modules.scheduler - ERROR - Error calculating days remaining: Invalid date format: Jorge Fernandez. Expected DD/MM/YYYY
2026-07-21 13:31:02,339 - modules.scheduler - ERROR - Invalid date format: Marcelo Battista. Expected DD/MM/YYYY
2026-07-21 13:31:02,339 - modules.scheduler - ERROR - Error calculating days remaining: Invalid date format: Marcelo Battista. Expected DD/MM/YYYY
2026-07-21 13:31:02,339 - modules.scheduler - ERROR - Invalid date format: Jorge Fernandez. Expected DD/MM/YYYY
2026-07-21 13:31:02,339 - modules.scheduler - ERROR - Error calculating days remaining: Invalid date format: Jorge Fernandez. Expected DD/MM/YYYY
2026-07-21 13:31:02,339 - modules.scheduler - ERROR - Invalid date format: Marcelo Battista. Expected DD/MM/YYYY
2026-07-21 13:31:02,339 - modules.scheduler - ERROR - Error calculating days remaining: Invalid date format: Marcelo Battista. Expected DD/MM/YYYY
2026-07-21 13:31:02,340 - modules.scheduler - ERROR - Invalid date format: Jorge Fernandez. Expected DD/MM/YYYY
2026-07-21 13:31:02,340 - modules.scheduler - ERROR - Error calculating days remaining: Invalid date format: Jorge Fernandez. Expected DD/MM/YYYY
2026-07-21 13:31:02,340 - modules.scheduler - ERROR - Invalid date format: Marcelo Battista. Expected DD/MM/YYYY
2026-07-21 13:31:02,340 - modules.scheduler - ERROR - Error calculating days remaining: Invalid date format: Marcelo Battista. Expected DD/MM/YYYY
2026-07-21 13:31:02,340 - modules.scheduler - ERROR - Invalid date format: Jorge Fernandez. Expected DD/MM/YYYY
2026-07-21 13:31:02,340 - modules.scheduler - ERROR - Error calculating days remaining: Invalid date format: Jorge Fernandez. Expected DD/MM/YYYY
2026-07-21 13:31:02,340 - modules.scheduler - ERROR - Invalid date format: Marcelo Battista. Expected DD/MM/YYYY
2026-07-21 13:31:02,340 - modules.scheduler - ERROR - Error calculating days remaining: Invalid date format: Marcelo Battista. Expected DD/MM/YYYY
2026-07-21 13:31:02,340 - modules.scheduler - ERROR - Invalid date format: Jorge Fernandez. Expected DD/MM/YYYY
2026-07-21 13:31:02,340 - modules.scheduler - ERROR - Error calculating days remaining: Invalid date format: Jorge Fernandez. Expected DD/MM/YYYY
2026-07-21 13:31:02,340 - modules.scheduler - ERROR - Invalid date format: Marcelo Battista. Expected DD/MM/YYYY
2026-07-21 13:31:02,340 - modules.scheduler - ERROR - Error calculating days remaining: Invalid date format: Marcelo Battista. Expected DD/MM/YYYY
2026-07-21 13:31:02,340 - modules.scheduler - ERROR - Invalid date format: Jorge Fernandez. Expected DD/MM/YYYY
2026-07-21 13:31:02,340 - modules.scheduler - ERROR - Error calculating days remaining: Invalid date format: Jorge Fernandez. Expected DD/MM/YYYY
2026-07-21 13:31:02,340 - modules.scheduler - ERROR - Invalid date format: Marcelo Battista. Expected DD/MM/YYYY
2026-07-21 13:31:02,340 - modules.scheduler - ERROR - Error calculating days remaining: Invalid date format: Marcelo Battista. Expected DD/MM/YYYY
2026-07-21 13:31:02,340 - modules.scheduler - ERROR - Invalid date format: Jorge Fernandez. Expected DD/MM/YYYY
2026-07-21 13:31:02,340 - modules.scheduler - ERROR - Error calculating days remaining: Invalid date format: Jorge Fernandez. Expected DD/MM/YYYY
2026-07-21 13:31:02,340 - modules.scheduler - ERROR - Invalid date format: Jorge Fernandez. Expected DD/MM/YYYY
2026-07-21 13:31:02,341 - modules.scheduler - ERROR - Error calculating days remaining: Invalid date format: Jorge Fernandez. Expected DD/MM/YYYY
2026-07-21 13:31:02,341 - modules.scheduler - ERROR - Invalid date format: Jorge Fernandez. Expected DD/MM/YYYY
2026-07-21 13:31:02,341 - modules.scheduler - ERROR - Error calculating days remaining: Invalid date format: Jorge Fernandez. Expected DD/MM/YYYY
2026-07-21 13:31:02,341 - modules.scheduler - ERROR - Invalid date format: Jorge Fernandez. Expected DD/MM/YYYY
2026-07-21 13:31:02,341 - modules.scheduler - ERROR - Error calculating days remaining: Invalid date format: Jorge Fernandez. Expected DD/MM/YYYY
2026-07-21 13:31:02,341 - modules.scheduler - ERROR - Invalid date format: Fernando Menendez. Expected DD/MM/YYYY
2026-07-21 13:31:02,341 - modules.scheduler - ERROR - Error calculating days remaining: Invalid date format: Fernando Menendez. Expected DD/MM/YYYY
2026-07-21 13:31:02,341 - modules.scheduler - ERROR - Invalid date format: Marcelo Battista. Expected DD/MM/YYYY
2026-07-21 13:31:02,341 - modules.scheduler - ERROR - Error calculating days remaining: Invalid date format: Marcelo Battista. Expected DD/MM/YYYY
2026-07-21 13:31:02,341 - modules.scheduler - ERROR - Invalid date format: Jorge Fernandez. Expected DD/MM/YYYY
2026-07-21 13:31:02,341 - modules.scheduler - ERROR - Error calculating days remaining: Invalid date format: Jorge Fernandez. Expected DD/MM/YYYY
2026-07-21 13:31:02,341 - modules.scheduler - ERROR - Invalid date format: Marcelo Battista. Expected DD/MM/YYYY
2026-07-21 13:31:02,341 - modules.scheduler - ERROR - Error calculating days remaining: Invalid date format: Marcelo Battista. Expected DD/MM/YYYY
2026-07-21 13:31:02,341 - modules.scheduler - ERROR - Invalid date format: Jorge Fernandez. Expected DD/MM/YYYY
2026-07-21 13:31:02,341 - modules.scheduler - ERROR - Error calculating days remaining: Invalid date format: Jorge Fernandez. Expected DD/MM/YYYY
2026-07-21 13:31:02,341 - modules.scheduler - ERROR - Invalid date format: Marcelo Battista. Expected DD/MM/YYYY
2026-07-21 13:31:02,341 - modules.scheduler - ERROR - Error calculating days remaining: Invalid date format: Marcelo Battista. Expected DD/MM/YYYY
2026-07-21 13:31:02,341 - modules.scheduler - ERROR - Invalid date format: Jorge Fernandez. Expected DD/MM/YYYY
2026-07-21 13:31:02,341 - modules.scheduler - ERROR - Error calculating days remaining: Invalid date format: Jorge Fernandez. Expected DD/MM/YYYY
2026-07-21 13:31:02,342 - modules.scheduler - ERROR - Invalid date format: Marcelo Battista. Expected DD/MM/YYYY
2026-07-21 13:31:02,342 - modules.scheduler - ERROR - Error calculating days remaining: Invalid date format: Marcelo Battista. Expected DD/MM/YYYY
2026-07-21 13:31:02,342 - modules.scheduler - ERROR - Invalid date format: Jorge Fernandez. Expected DD/MM/YYYY
2026-07-21 13:31:02,342 - modules.scheduler - ERROR - Error calculating days remaining: Invalid date format: Jorge Fernandez. Expected DD/MM/YYYY
2026-07-21 13:31:02,342 - modules.scheduler - ERROR - Invalid date format: Marcelo Battista. Expected DD/MM/YYYY
2026-07-21 13:31:02,342 - modules.scheduler - ERROR - Error calculating days remaining: Invalid date format: Marcelo Battista. Expected DD/MM/YYYY
2026-07-21 13:31:02,342 - modules.scheduler - ERROR - Invalid date format: Jorge Fernandez. Expected DD/MM/YYYY
2026-07-21 13:31:02,342 - modules.scheduler - ERROR - Error calculating days remaining: Invalid date format: Jorge Fernandez. Expected DD/MM/YYYY
2026-07-21 13:31:02,342 - modules.scheduler - ERROR - Invalid date format: Marcelo Battista. Expected DD/MM/YYYY
2026-07-21 13:31:02,342 - modules.scheduler - ERROR - Error calculating days remaining: Invalid date format: Marcelo Battista. Expected DD/MM/YYYY
2026-07-21 13:31:02,342 - modules.scheduler - ERROR - Invalid date format: Jorge Fernandez. Expected DD/MM/YYYY
2026-07-21 13:31:02,342 - modules.scheduler - ERROR - Error calculating days remaining: Invalid date format: Jorge Fernandez. Expected DD/MM/YYYY
2026-07-21 13:31:02,342 - modules.scheduler - ERROR - Invalid date format: Marcelo Battista. Expected DD/MM/YYYY
2026-07-21 13:31:02,342 - modules.scheduler - ERROR - Error calculating days remaining: Invalid date format: Marcelo Battista. Expected DD/MM/YYYY
2026-07-21 13:31:02,342 - modules.scheduler - ERROR - Invalid date format: Jorge Fernandez. Expected DD/MM/YYYY
2026-07-21 13:31:02,342 - modules.scheduler - ERROR - Error calculating days remaining: Invalid date format: Jorge Fernandez. Expected DD/MM/YYYY
2026-07-21 13:31:02,342 - modules.scheduler - ERROR - Invalid date format: Marcelo Battista. Expected DD/MM/YYYY
2026-07-21 13:31:02,342 - modules.scheduler - ERROR - Error calculating days remaining: Invalid date format: Marcelo Battista. Expected DD/MM/YYYY
2026-07-21 13:31:02,343 - modules.scheduler - ERROR - Invalid date format: Fernando Menendez. Expected DD/MM/YYYY
2026-07-21 13:31:02,343 - modules.scheduler - ERROR - Error calculating days remaining: Invalid date format: Fernando Menendez. Expected DD/MM/YYYY
2026-07-21 13:31:02,343 - modules.scheduler - ERROR - Invalid date format: Fernando Menendez. Expected DD/MM/YYYY
2026-07-21 13:31:02,343 - modules.scheduler - ERROR - Error calculating days remaining: Invalid date format: Fernando Menendez. Expected DD/MM/YYYY
2026-07-21 13:31:02,343 - modules.scheduler - ERROR - Invalid date format: Marcelo Battista. Expected DD/MM/YYYY
2026-07-21 13:31:02,343 - modules.scheduler - ERROR - Error calculating days remaining: Invalid date format: Marcelo Battista. Expected DD/MM/YYYY
2026-07-21 13:31:02,343 - modules.scheduler - ERROR - Invalid date format: Fernando Menendez. Expected DD/MM/YYYY
2026-07-21 13:31:02,343 - modules.scheduler - ERROR - Error calculating days remaining: Invalid date format: Fernando Menendez. Expected DD/MM/YYYY
2026-07-21 13:31:02,343 - modules.scheduler - ERROR - Invalid date format: Marcelo Battista. Expected DD/MM/YYYY
2026-07-21 13:31:02,343 - modules.scheduler - ERROR - Error calculating days remaining: Invalid date format: Marcelo Battista. Expected DD/MM/YYYY
2026-07-21 13:31:02,343 - modules.scheduler - ERROR - Invalid date format: Fernando Menendez. Expected DD/MM/YYYY
2026-07-21 13:31:02,343 - modules.scheduler - ERROR - Error calculating days remaining: Invalid date format: Fernando Menendez. Expected DD/MM/YYYY
2026-07-21 13:31:02,343 - modules.scheduler - ERROR - Invalid date format: Marcelo Battista. Expected DD/MM/YYYY
2026-07-21 13:31:02,343 - modules.scheduler - ERROR - Error calculating days remaining: Invalid date format: Marcelo Battista. Expected DD/MM/YYYY
2026-07-21 13:31:02,343 - modules.scheduler - ERROR - Invalid date format: Fernando Menendez. Expected DD/MM/YYYY
2026-07-21 13:31:02,343 - modules.scheduler - ERROR - Error calculating days remaining: Invalid date format: Fernando Menendez. Expected DD/MM/YYYY
2026-07-21 13:31:02,343 - modules.scheduler - ERROR - Invalid date format: Marcelo Battista. Expected DD/MM/YYYY
2026-07-21 13:31:02,343 - modules.scheduler - ERROR - Error calculating days remaining: Invalid date format: Marcelo Battista. Expected DD/MM/YYYY
2026-07-21 13:31:02,343 - modules.scheduler - ERROR - Invalid date format: Fernando Menendez. Expected DD/MM/YYYY
2026-07-21 13:31:02,344 - modules.scheduler - ERROR - Error calculating days remaining: Invalid date format: Fernando Menendez. Expected DD/MM/YYYY
2026-07-21 13:31:02,344 - modules.scheduler - ERROR - Invalid date format: Marcelo Battista. Expected DD/MM/YYYY
2026-07-21 13:31:02,344 - modules.scheduler - ERROR - Error calculating days remaining: Invalid date format: Marcelo Battista. Expected DD/MM/YYYY
2026-07-21 13:31:02,344 - modules.scheduler - ERROR - Invalid date format: Fernando Menendez. Expected DD/MM/YYYY
2026-07-21 13:31:02,344 - modules.scheduler - ERROR - Error calculating days remaining: Invalid date format: Fernando Menendez. Expected DD/MM/YYYY
2026-07-21 13:31:02,344 - modules.scheduler - ERROR - Invalid date format: Marcelo Battista. Expected DD/MM/YYYY
2026-07-21 13:31:02,344 - modules.scheduler - ERROR - Error calculating days remaining: Invalid date format: Marcelo Battista. Expected DD/MM/YYYY
2026-07-21 13:31:02,344 - modules.scheduler - ERROR - Invalid date format: Fernando Menendez. Expected DD/MM/YYYY
2026-07-21 13:31:02,344 - modules.scheduler - ERROR - Error calculating days remaining: Invalid date format: Fernando Menendez. Expected DD/MM/YYYY
2026-07-21 13:31:02,344 - modules.scheduler - ERROR - Invalid date format: Marcelo Battista. Expected DD/MM/YYYY
2026-07-21 13:31:02,344 - modules.scheduler - ERROR - Error calculating days remaining: Invalid date format: Marcelo Battista. Expected DD/MM/YYYY
2026-07-21 13:31:02,344 - modules.scheduler - ERROR - Invalid date format: Marcelo Battista. Expected DD/MM/YYYY
2026-07-21 13:31:02,344 - modules.scheduler - ERROR - Error calculating days remaining: Invalid date format: Marcelo Battista. Expected DD/MM/YYYY
2026-07-21 13:31:02,344 - modules.scheduler - ERROR - Invalid date format: Marcelo Battista. Expected DD/MM/YYYY
2026-07-21 13:31:02,344 - modules.scheduler - ERROR - Error calculating days remaining: Invalid date format: Marcelo Battista. Expected DD/MM/YYYY
2026-07-21 13:31:02,344 - modules.scheduler - ERROR - Invalid date format: Jorge Fernandez. Expected DD/MM/YYYY
2026-07-21 13:31:02,344 - modules.scheduler - ERROR - Error calculating days remaining: Invalid date format: Jorge Fernandez. Expected DD/MM/YYYY
2026-07-21 13:31:02,344 - modules.scheduler - ERROR - Invalid date format: Marcelo Battista. Expected DD/MM/YYYY
2026-07-21 13:31:02,344 - modules.scheduler - ERROR - Error calculating days remaining: Invalid date format: Marcelo Battista. Expected DD/MM/YYYY
2026-07-21 13:31:02,345 - modules.scheduler - ERROR - Invalid date format: Jorge Fernandez. Expected DD/MM/YYYY
2026-07-21 13:31:02,345 - modules.scheduler - ERROR - Error calculating days remaining: Invalid date format: Jorge Fernandez. Expected DD/MM/YYYY
2026-07-21 13:31:02,345 - modules.scheduler - ERROR - Invalid date format: Marcelo Battista. Expected DD/MM/YYYY
2026-07-21 13:31:02,345 - modules.scheduler - ERROR - Error calculating days remaining: Invalid date format: Marcelo Battista. Expected DD/MM/YYYY
2026-07-21 13:31:02,345 - modules.scheduler - ERROR - Invalid date format: Jorge Fernandez. Expected DD/MM/YYYY
2026-07-21 13:31:02,345 - modules.scheduler - ERROR - Error calculating days remaining: Invalid date format: Jorge Fernandez. Expected DD/MM/YYYY
2026-07-21 13:31:02,345 - modules.scheduler - ERROR - Invalid date format: Marcelo Battista. Expected DD/MM/YYYY
2026-07-21 13:31:02,345 - modules.scheduler - ERROR - Error calculating days remaining: Invalid date format: Marcelo Battista. Expected DD/MM/YYYY
2026-07-21 13:31:02,345 - modules.scheduler - ERROR - Invalid date format: Jorge Fernandez. Expected DD/MM/YYYY
2026-07-21 13:31:02,345 - modules.scheduler - ERROR - Error calculating days remaining: Invalid date format: Jorge Fernandez. Expected DD/MM/YYYY
2026-07-21 13:31:02,345 - modules.scheduler - ERROR - Invalid date format: Marcelo Battista. Expected DD/MM/YYYY
2026-07-21 13:31:02,345 - modules.scheduler - ERROR - Error calculating days remaining: Invalid date format: Marcelo Battista. Expected DD/MM/YYYY
2026-07-21 13:31:02,345 - modules.scheduler - ERROR - Invalid date format: Jorge Fernandez. Expected DD/MM/YYYY
2026-07-21 13:31:02,345 - modules.scheduler - ERROR - Error calculating days remaining: Invalid date format: Jorge Fernandez. Expected DD/MM/YYYY
2026-07-21 13:31:02,345 - modules.scheduler - ERROR - Invalid date format: Marcelo Battista. Expected DD/MM/YYYY
2026-07-21 13:31:02,345 - modules.scheduler - ERROR - Error calculating days remaining: Invalid date format: Marcelo Battista. Expected DD/MM/YYYY
2026-07-21 13:31:02,345 - modules.scheduler - ERROR - Invalid date format: Jorge Fernandez. Expected DD/MM/YYYY
2026-07-21 13:31:02,345 - modules.scheduler - ERROR - Error calculating days remaining: Invalid date format: Jorge Fernandez. Expected DD/MM/YYYY
2026-07-21 13:31:02,346 - modules.scheduler - ERROR - Invalid date format: Marcelo Battista. Expected DD/MM/YYYY
2026-07-21 13:31:02,346 - modules.scheduler - ERROR - Error calculating days remaining: Invalid date format: Marcelo Battista. Expected DD/MM/YYYY
2026-07-21 13:31:02,346 - modules.scheduler - ERROR - Invalid date format: Jorge Fernandez. Expected DD/MM/YYYY
2026-07-21 13:31:02,346 - modules.scheduler - ERROR - Error calculating days remaining: Invalid date format: Jorge Fernandez. Expected DD/MM/YYYY
2026-07-21 13:31:02,346 - modules.scheduler - ERROR - Invalid date format: Jorge Fernandez. Expected DD/MM/YYYY
2026-07-21 13:31:02,346 - modules.scheduler - ERROR - Error calculating days remaining: Invalid date format: Jorge Fernandez. Expected DD/MM/YYYY
2026-07-21 13:31:02,346 - modules.scheduler - ERROR - Invalid date format: Jorge Fernandez. Expected DD/MM/YYYY
2026-07-21 13:31:02,346 - modules.scheduler - ERROR - Error calculating days remaining: Invalid date format: Jorge Fernandez. Expected DD/MM/YYYY
2026-07-21 13:31:02,346 - modules.scheduler - ERROR - Invalid date format: Jorge Fernandez. Expected DD/MM/YYYY
2026-07-21 13:31:02,346 - modules.scheduler - ERROR - Error calculating days remaining: Invalid date format: Jorge Fernandez. Expected DD/MM/YYYY
2026-07-21 13:31:02,346 - modules.scheduler - ERROR - Invalid date format: Fernando Menendez. Expected DD/MM/YYYY
2026-07-21 13:31:02,346 - modules.scheduler - ERROR - Error calculating days remaining: Invalid date format: Fernando Menendez. Expected DD/MM/YYYY
2026-07-21 13:31:02,346 - modules.scheduler - ERROR - Invalid date format: Marcelo Battista. Expected DD/MM/YYYY
2026-07-21 13:31:02,346 - modules.scheduler - ERROR - Error calculating days remaining: Invalid date format: Marcelo Battista. Expected DD/MM/YYYY
2026-07-21 13:31:02,346 - modules.scheduler - ERROR - Invalid date format: Jorge Fernandez. Expected DD/MM/YYYY
2026-07-21 13:31:02,346 - modules.scheduler - ERROR - Error calculating days remaining: Invalid date format: Jorge Fernandez. Expected DD/MM/YYYY
2026-07-21 13:31:02,346 - modules.scheduler - ERROR - Invalid date format: Marcelo Battista. Expected DD/MM/YYYY
2026-07-21 13:31:02,346 - modules.scheduler - ERROR - Error calculating days remaining: Invalid date format: Marcelo Battista. Expected DD/MM/YYYY
2026-07-21 13:31:02,347 - modules.scheduler - ERROR - Invalid date format: Jorge Fernandez. Expected DD/MM/YYYY
2026-07-21 13:31:02,347 - modules.scheduler - ERROR - Error calculating days remaining: Invalid date format: Jorge Fernandez. Expected DD/MM/YYYY
2026-07-21 13:31:02,347 - modules.scheduler - ERROR - Invalid date format: Marcelo Battista. Expected DD/MM/YYYY
2026-07-21 13:31:02,347 - modules.scheduler - ERROR - Error calculating days remaining: Invalid date format: Marcelo Battista. Expected DD/MM/YYYY
2026-07-21 13:31:02,347 - modules.scheduler - ERROR - Invalid date format: Jorge Fernandez. Expected DD/MM/YYYY
2026-07-21 13:31:02,347 - modules.scheduler - ERROR - Error calculating days remaining: Invalid date format: Jorge Fernandez. Expected DD/MM/YYYY
2026-07-21 13:31:02,347 - modules.scheduler - ERROR - Invalid date format: Marcelo Battista. Expected DD/MM/YYYY
2026-07-21 13:31:02,347 - modules.scheduler - ERROR - Error calculating days remaining: Invalid date format: Marcelo Battista. Expected DD/MM/YYYY
2026-07-21 13:31:02,347 - modules.scheduler - ERROR - Invalid date format: Jorge Fernandez. Expected DD/MM/YYYY
2026-07-21 13:31:02,347 - modules.scheduler - ERROR - Error calculating days remaining: Invalid date format: Jorge Fernandez. Expected DD/MM/YYYY
2026-07-21 13:31:02,347 - modules.scheduler - ERROR - Invalid date format: Marcelo Battista. Expected DD/MM/YYYY
2026-07-21 13:31:02,347 - modules.scheduler - ERROR - Error calculating days remaining: Invalid date format: Marcelo Battista. Expected DD/MM/YYYY
2026-07-21 13:31:02,347 - modules.scheduler - ERROR - Invalid date format: Jorge Fernandez. Expected DD/MM/YYYY
2026-07-21 13:31:02,347 - modules.scheduler - ERROR - Error calculating days remaining: Invalid date format: Jorge Fernandez. Expected DD/MM/YYYY
2026-07-21 13:31:02,347 - modules.scheduler - ERROR - Invalid date format: Marcelo Battista. Expected DD/MM/YYYY
2026-07-21 13:31:02,347 - modules.scheduler - ERROR - Error calculating days remaining: Invalid date format: Marcelo Battista. Expected DD/MM/YYYY
2026-07-21 13:31:02,347 - modules.scheduler - ERROR - Invalid date format: Jorge Fernandez. Expected DD/MM/YYYY
2026-07-21 13:31:02,347 - modules.scheduler - ERROR - Error calculating days remaining: Invalid date format: Jorge Fernandez. Expected DD/MM/YYYY
2026-07-21 13:31:02,347 - modules.scheduler - ERROR - Invalid date format: Marcelo Battista. Expected DD/MM/YYYY
2026-07-21 13:31:02,348 - modules.scheduler - ERROR - Error calculating days remaining: Invalid date format: Marcelo Battista. Expected DD/MM/YYYY
2026-07-21 13:31:02,348 - modules.scheduler - ERROR - Invalid date format: Jorge Fernandez. Expected DD/MM/YYYY
2026-07-21 13:31:02,348 - modules.scheduler - ERROR - Error calculating days remaining: Invalid date format: Jorge Fernandez. Expected DD/MM/YYYY
2026-07-21 13:31:02,348 - modules.scheduler - ERROR - Invalid date format: Marcelo Battista. Expected DD/MM/YYYY
2026-07-21 13:31:02,348 - modules.scheduler - ERROR - Error calculating days remaining: Invalid date format: Marcelo Battista. Expected DD/MM/YYYY
2026-07-21 13:31:02,348 - modules.scheduler - ERROR - Invalid date format: Fernando Menendez. Expected DD/MM/YYYY
2026-07-21 13:31:02,348 - modules.scheduler - ERROR - Error calculating days remaining: Invalid date format: Fernando Menendez. Expected DD/MM/YYYY
2026-07-21 13:31:02,348 - modules.scheduler - ERROR - Invalid date format: Fernando Menendez. Expected DD/MM/YYYY
2026-07-21 13:31:02,348 - modules.scheduler - ERROR - Error calculating days remaining: Invalid date format: Fernando Menendez. Expected DD/MM/YYYY
2026-07-21 13:31:02,348 - modules.scheduler - ERROR - Invalid date format: Marcelo Battista. Expected DD/MM/YYYY
2026-07-21 13:31:02,348 - modules.scheduler - ERROR - Error calculating days remaining: Invalid date format: Marcelo Battista. Expected DD/MM/YYYY
2026-07-21 13:31:02,348 - modules.scheduler - ERROR - Invalid date format: Fernando Menendez. Expected DD/MM/YYYY
2026-07-21 13:31:02,348 - modules.scheduler - ERROR - Error calculating days remaining: Invalid date format: Fernando Menendez. Expected DD/MM/YYYY
2026-07-21 13:31:02,348 - modules.scheduler - ERROR - Invalid date format: Marcelo Battista. Expected DD/MM/YYYY
2026-07-21 13:31:02,348 - modules.scheduler - ERROR - Error calculating days remaining: Invalid date format: Marcelo Battista. Expected DD/MM/YYYY
2026-07-21 13:31:02,348 - modules.scheduler - ERROR - Invalid date format: Fernando Menendez. Expected DD/MM/YYYY
2026-07-21 13:31:02,348 - modules.scheduler - ERROR - Error calculating days remaining: Invalid date format: Fernando Menendez. Expected DD/MM/YYYY
2026-07-21 13:31:02,348 - modules.scheduler - ERROR - Invalid date format: Marcelo Battista. Expected DD/MM/YYYY
2026-07-21 13:31:02,349 - modules.scheduler - ERROR - Error calculating days remaining: Invalid date format: Marcelo Battista. Expected DD/MM/YYYY
2026-07-21 13:31:02,349 - modules.scheduler - ERROR - Invalid date format: Fernando Menendez. Expected DD/MM/YYYY
2026-07-21 13:31:02,349 - modules.scheduler - ERROR - Error calculating days remaining: Invalid date format: Fernando Menendez. Expected DD/MM/YYYY
2026-07-21 13:31:02,349 - modules.scheduler - ERROR - Invalid date format: Marcelo Battista. Expected DD/MM/YYYY
2026-07-21 13:31:02,349 - modules.scheduler - ERROR - Error calculating days remaining: Invalid date format: Marcelo Battista. Expected DD/MM/YYYY
2026-07-21 13:31:02,349 - modules.scheduler - ERROR - Invalid date format: Fernando Menendez. Expected DD/MM/YYYY
2026-07-21 13:31:02,349 - modules.scheduler - ERROR - Error calculating days remaining: Invalid date format: Fernando Menendez. Expected DD/MM/YYYY
2026-07-21 13:31:02,349 - modules.scheduler - ERROR - Invalid date format: Marcelo Battista. Expected DD/MM/YYYY
2026-07-21 13:31:02,349 - modules.scheduler - ERROR - Error calculating days remaining: Invalid date format: Marcelo Battista. Expected DD/MM/YYYY
2026-07-21 13:31:02,349 - modules.scheduler - ERROR - Invalid date format: Fernando Menendez. Expected DD/MM/YYYY
2026-07-21 13:31:02,349 - modules.scheduler - ERROR - Error calculating days remaining: Invalid date format: Fernando Menendez. Expected DD/MM/YYYY
2026-07-21 13:31:02,349 - modules.scheduler - ERROR - Invalid date format: Marcelo Battista. Expected DD/MM/YYYY
2026-07-21 13:31:02,349 - modules.scheduler - ERROR - Error calculating days remaining: Invalid date format: Marcelo Battista. Expected DD/MM/YYYY
2026-07-21 13:31:02,349 - modules.scheduler - ERROR - Invalid date format: Fernando Menendez. Expected DD/MM/YYYY
2026-07-21 13:31:02,349 - modules.scheduler - ERROR - Error calculating days remaining: Invalid date format: Fernando Menendez. Expected DD/MM/YYYY
2026-07-21 13:31:02,349 - modules.scheduler - ERROR - Invalid date format: Marcelo Battista. Expected DD/MM/YYYY
2026-07-21 13:31:02,349 - modules.scheduler - ERROR - Error calculating days remaining: Invalid date format: Marcelo Battista. Expected DD/MM/YYYY
2026-07-21 13:31:02,349 - modules.scheduler - INFO - Alert evaluation complete: 0 overdue, 0 approaching
2026-07-21 13:31:02,349 - modules.notifier - INFO - Logged 0/0 alerts
2026-07-21 13:31:02,349 - modules.notifier - INFO - Logged 0/0 alerts
2026-07-21 13:31:02,350 - __main__ - INFO - Total alerts logged: 0
2026-07-21 13:31:02,350 - __main__ - INFO - ============================================================
RESUMEN DE ALERTAS - 21/07/2026 13:31
============================================================

PROYECTOS VENCIDOS: 0
PLAZOS PRÓXIMOS (próximos 3 días): 0
============================================================
2026-07-21 13:31:02,350 - alerts - INFO - 
======================================================================
RESUMEN DE EJECUCIÓN - 21/07/2026 13:31:02
======================================================================
Status: SUCCESS
Root Folder: 1dMu2WeU3bbzqPEFEAoNySonP1eKTC71u
Departments: 3
Master Schedule: 1yHvzhJCsfi1UZ_XtxOnesgaMakNtsNjvkIMP2gaYDgw
======================================================================

2026-07-21 13:31:02,350 - __main__ - INFO - 
2026-07-21 13:31:02,350 - __main__ - INFO - ✓ Execution completed successfully
2026-07-21 13:32:07,445 - __main__ - INFO - 
2026-07-21 13:32:07,445 - __main__ - INFO - ╔====================================================================╗
2026-07-21 13:32:07,445 - __main__ - INFO - ║              PROJECT SCHEDULER - FULL EXECUTION CYCLE              ║
2026-07-21 13:32:07,445 - __main__ - INFO - ╚====================================================================╝
2026-07-21 13:32:07,445 - __main__ - INFO - 
2026-07-21 13:32:07,445 - __main__ - INFO - ======================================================================
2026-07-21 13:32:07,445 - __main__ - INFO - STEP 1: Setting up folder structure
2026-07-21 13:32:07,445 - __main__ - INFO - ======================================================================
2026-07-21 13:32:07,841 - modules.drive_manager - INFO - Folder found: Proyectos_Empresa (ID: 1dMu2WeU3bbzqPEFEAoNySonP1eKTC71u)
2026-07-21 13:32:07,841 - __main__ - INFO - Root folder created with ID: 1dMu2WeU3bbzqPEFEAoNySonP1eKTC71u
2026-07-21 13:32:08,120 - modules.drive_manager - INFO - Folder found: Ingenieria (ID: 1Voz7pY4e1gXbiHrohg8kE7ORywmh9oPe)
2026-07-21 13:32:08,415 - modules.drive_manager - INFO - Folder found: Clientes (ID: 1-pW6dcCmpM7yr9pfNA895HVeLNA87AL9)
2026-07-21 13:32:08,415 - __main__ - INFO - Ingenieria department folder: 1Voz7pY4e1gXbiHrohg8kE7ORywmh9oPe
2026-07-21 13:32:08,415 - __main__ - INFO - Ingenieria clients folder: 1-pW6dcCmpM7yr9pfNA895HVeLNA87AL9
2026-07-21 13:32:08,739 - modules.drive_manager - INFO - Folder found: Obras (ID: 1pxkkVZK_9XrhMBlKJfgvwYdjrPASagkY)
2026-07-21 13:32:09,061 - modules.drive_manager - INFO - Folder found: Clientes (ID: 17GspBkoAYHSJUIaC7663vAIB8bz495ID)
2026-07-21 13:32:09,061 - __main__ - INFO - Obras department folder: 1pxkkVZK_9XrhMBlKJfgvwYdjrPASagkY
2026-07-21 13:32:09,062 - __main__ - INFO - Obras clients folder: 17GspBkoAYHSJUIaC7663vAIB8bz495ID
2026-07-21 13:32:09,389 - modules.drive_manager - INFO - Folder found: Mantenimiento (ID: 15Ykg8P5i8lHto5TSl2_mCnwuz6u0Vj7f)
2026-07-21 13:32:09,714 - modules.drive_manager - INFO - Folder found: Clientes (ID: 1rIzjgwvLwRIaRc-qbJi4Uubu2DeBpkK_)
2026-07-21 13:32:09,715 - __main__ - INFO - Mantenimiento department folder: 15Ykg8P5i8lHto5TSl2_mCnwuz6u0Vj7f
2026-07-21 13:32:09,715 - __main__ - INFO - Mantenimiento clients folder: 1rIzjgwvLwRIaRc-qbJi4Uubu2DeBpkK_
2026-07-21 13:32:09,715 - __main__ - INFO - 
2026-07-21 13:32:09,715 - __main__ - INFO - ======================================================================
2026-07-21 13:32:09,715 - __main__ - INFO - STEP 2: Setting up spreadsheets
2026-07-21 13:32:09,715 - __main__ - INFO - ======================================================================
2026-07-21 13:32:10,125 - modules.sheets_manager - INFO - Spreadsheet found: Cronograma_Ingenieria (ID: 1c9kxSxwPG3huAebtoMKoopB8Zprzcm5ncFwcq4ipl3w)
2026-07-21 13:32:10,404 - modules.sheets_manager - INFO - Sheet names for 1c9kxSxwPG3huAebtoMKoopB8Zprzcm5ncFwcq4ipl3w: ['Ingenieria']
2026-07-21 13:32:10,404 - modules.sheets_manager - INFO - Sheet 'Ingenieria' already exists
2026-07-21 13:32:10,662 - modules.sheets_manager - INFO - Data written to 1c9kxSxwPG3huAebtoMKoopB8Zprzcm5ncFwcq4ipl3w: Ingenieria!A1 (1 rows)
2026-07-21 13:32:10,663 - __main__ - INFO - Headers created for Ingenieria
2026-07-21 13:32:10,663 - __main__ - INFO - Spreadsheet for Ingenieria: 1c9kxSxwPG3huAebtoMKoopB8Zprzcm5ncFwcq4ipl3w
2026-07-21 13:32:11,058 - modules.sheets_manager - INFO - Spreadsheet found: Cronograma_Obras (ID: 1K4yNUOomuBCgRDt8kY_r7nhKq8J0FZ-iPtxviluFhoA)
2026-07-21 13:32:11,567 - modules.sheets_manager - INFO - Sheet names for 1K4yNUOomuBCgRDt8kY_r7nhKq8J0FZ-iPtxviluFhoA: ['Obras']
2026-07-21 13:32:11,567 - modules.sheets_manager - INFO - Sheet 'Obras' already exists
2026-07-21 13:32:11,906 - modules.sheets_manager - INFO - Data written to 1K4yNUOomuBCgRDt8kY_r7nhKq8J0FZ-iPtxviluFhoA: Obras!A1 (1 rows)
2026-07-21 13:32:11,906 - __main__ - INFO - Headers created for Obras
2026-07-21 13:32:11,906 - __main__ - INFO - Spreadsheet for Obras: 1K4yNUOomuBCgRDt8kY_r7nhKq8J0FZ-iPtxviluFhoA
2026-07-21 13:32:12,318 - modules.sheets_manager - INFO - Spreadsheet found: Cronograma_Mantenimiento (ID: 1NmI8DwyPCNe8HsnDBlIu__FL_Peff2N-UYQ946SuBBA)
2026-07-21 13:32:13,003 - modules.sheets_manager - INFO - Sheet names for 1NmI8DwyPCNe8HsnDBlIu__FL_Peff2N-UYQ946SuBBA: ['Mantenimiento']
2026-07-21 13:32:13,003 - modules.sheets_manager - INFO - Sheet 'Mantenimiento' already exists
2026-07-21 13:32:13,297 - modules.sheets_manager - INFO - Data written to 1NmI8DwyPCNe8HsnDBlIu__FL_Peff2N-UYQ946SuBBA: Mantenimiento!A1 (1 rows)
2026-07-21 13:32:13,297 - __main__ - INFO - Headers created for Mantenimiento
2026-07-21 13:32:13,297 - __main__ - INFO - Spreadsheet for Mantenimiento: 1NmI8DwyPCNe8HsnDBlIu__FL_Peff2N-UYQ946SuBBA
2026-07-21 13:32:16,065 - modules.sheets_manager - INFO - Spreadsheet found: Cronograma_Maestro (ID: 1yHvzhJCsfi1UZ_XtxOnesgaMakNtsNjvkIMP2gaYDgw)
2026-07-21 13:32:16,354 - modules.sheets_manager - INFO - Sheet names for 1yHvzhJCsfi1UZ_XtxOnesgaMakNtsNjvkIMP2gaYDgw: ['Cronograma_Maestro']
2026-07-21 13:32:16,354 - modules.sheets_manager - INFO - Sheet 'Cronograma_Maestro' already exists
2026-07-21 13:32:16,634 - modules.sheets_manager - INFO - Data written to 1yHvzhJCsfi1UZ_XtxOnesgaMakNtsNjvkIMP2gaYDgw: Cronograma_Maestro!A1 (1 rows)
2026-07-21 13:32:16,634 - __main__ - INFO - Headers created for master schedule
2026-07-21 13:32:16,634 - __main__ - INFO - Master schedule spreadsheet: 1yHvzhJCsfi1UZ_XtxOnesgaMakNtsNjvkIMP2gaYDgw
2026-07-21 13:32:16,634 - __main__ - INFO - 
2026-07-21 13:32:16,634 - __main__ - INFO - ======================================================================
2026-07-21 13:32:16,635 - __main__ - INFO - STEP 3: Consolidating schedules
2026-07-21 13:32:16,635 - __main__ - INFO - ======================================================================
2026-07-21 13:32:16,841 - modules.sheets_manager - INFO - Sheet names for 1c9kxSxwPG3huAebtoMKoopB8Zprzcm5ncFwcq4ipl3w: ['Ingenieria']
2026-07-21 13:32:17,094 - modules.sheets_manager - INFO - Data read from 1c9kxSxwPG3huAebtoMKoopB8Zprzcm5ncFwcq4ipl3w: Ingenieria!A:G (20 rows)
2026-07-21 13:32:17,094 - __main__ - INFO - Read 20 rows from Ingenieria
2026-07-21 13:32:17,454 - modules.sheets_manager - INFO - Sheet names for 1K4yNUOomuBCgRDt8kY_r7nhKq8J0FZ-iPtxviluFhoA: ['Obras']
2026-07-21 13:32:17,728 - modules.sheets_manager - INFO - Data read from 1K4yNUOomuBCgRDt8kY_r7nhKq8J0FZ-iPtxviluFhoA: Obras!A:G (16 rows)
2026-07-21 13:32:17,728 - __main__ - INFO - Read 16 rows from Obras
2026-07-21 13:32:17,957 - modules.sheets_manager - INFO - Sheet names for 1NmI8DwyPCNe8HsnDBlIu__FL_Peff2N-UYQ946SuBBA: ['Mantenimiento']
2026-07-21 13:32:18,224 - modules.sheets_manager - INFO - Data read from 1NmI8DwyPCNe8HsnDBlIu__FL_Peff2N-UYQ946SuBBA: Mantenimiento!A:G (16 rows)
2026-07-21 13:32:18,224 - __main__ - INFO - Read 16 rows from Mantenimiento
2026-07-21 13:32:18,226 - modules.consolidator - INFO - Prepared 19 rows from Ingenieria
2026-07-21 13:32:18,227 - modules.consolidator - INFO - Prepared 15 rows from Obras
2026-07-21 13:32:18,229 - modules.consolidator - INFO - Prepared 15 rows from Mantenimiento
2026-07-21 13:32:18,230 - modules.consolidator - INFO - Consolidated 49 total projects from all departments
2026-07-21 13:32:18,232 - modules.consolidator - INFO - Data validation: FAILED (1 errors)
2026-07-21 13:32:18,232 - __main__ - WARNING - Data validation issues: ['Invalid states found: 2026-07-01 0:00:00, 2026-06-15 0:00:00, 2026-07-05 0:00:00, 2026-05-20 0:00:00, 2026-07-18 0:00:00, 2026-06-25 0:00:00, 2026-07-10 0:00:00, 2026-04-10 0:00:00, 2026-07-15 0:00:00, 2026-06-30 0:00:00, 2026-07-20 0:00:00, 2026-05-15 0:00:00, 2026-07-08 0:00:00, 2026-06-22 0:00:00, 2026-07-12 0:00:00, 2026-07-14 0:00:00, 2026-07-03 0:00:00, 2026-06-08 0:00:00, 2026-07-16 0:00:00, 2026-06-20 0:00:00, 2026-04-20 0:00:00, 2026-06-28 0:00:00, 2026-05-10 0:00:00, 2026-07-02 0:00:00, 2026-06-10 0:00:00, 2026-05-28 0:00:00, 2026-04-05 0:00:00, 2026-06-18 0:00:00, 2026-05-12 0:00:00']
2026-07-21 13:32:18,465 - modules.sheets_manager - INFO - Sheet names for 1yHvzhJCsfi1UZ_XtxOnesgaMakNtsNjvkIMP2gaYDgw: ['Cronograma_Maestro']
2026-07-21 13:32:18,757 - modules.sheets_manager - INFO - Data cleared from 1yHvzhJCsfi1UZ_XtxOnesgaMakNtsNjvkIMP2gaYDgw: Cronograma_Maestro!A2:H
2026-07-21 13:32:18,955 - modules.sheets_manager - ERROR - Failed to write data: <HttpError 400 when requesting https://sheets.googleapis.com/v4/spreadsheets/1yHvzhJCsfi1UZ_XtxOnesgaMakNtsNjvkIMP2gaYDgw/values/Cronograma_Maestro%21A1?valueInputOption=RAW&alt=json returned "Invalid JSON payload received. Unexpected token.
026-07-01 0:00:00", NaN, "Ingenieria"], 
                    ^". Details: "Invalid JSON payload received. Unexpected token.
026-07-01 0:00:00", NaN, "Ingenieria"], 
                    ^">
2026-07-21 13:32:18,955 - __main__ - INFO - Consolidated 49 projects to master schedule
2026-07-21 13:32:18,962 - modules.consolidator - INFO - Generated summaries for 3 departments
2026-07-21 13:32:18,962 - __main__ - INFO - Ingenieria: {'departamento': 'Ingenieria', 'total_proyectos': 19, 'pendiente': 0, 'en_progreso': 0, 'completado': 0, 'retrasado': 0}
2026-07-21 13:32:18,962 - __main__ - INFO - Obras: {'departamento': 'Obras', 'total_proyectos': 15, 'pendiente': 0, 'en_progreso': 0, 'completado': 0, 'retrasado': 0}
2026-07-21 13:32:18,962 - __main__ - INFO - Mantenimiento: {'departamento': 'Mantenimiento', 'total_proyectos': 15, 'pendiente': 0, 'en_progreso': 0, 'completado': 0, 'retrasado': 0}
2026-07-21 13:32:18,962 - __main__ - INFO - 
2026-07-21 13:32:18,962 - __main__ - INFO - ======================================================================
2026-07-21 13:32:18,962 - __main__ - INFO - STEP 4: Evaluating alerts
2026-07-21 13:32:18,962 - __main__ - INFO - ======================================================================
2026-07-21 13:32:18,963 - modules.scheduler - ERROR - Invalid date format: Marcelo Battista. Expected DD/MM/YYYY
2026-07-21 13:32:18,963 - modules.scheduler - ERROR - Error calculating days remaining: Invalid date format: Marcelo Battista. Expected DD/MM/YYYY
2026-07-21 13:32:18,963 - modules.scheduler - ERROR - Invalid date format: Marcelo Battista. Expected DD/MM/YYYY
2026-07-21 13:32:18,963 - modules.scheduler - ERROR - Error calculating days remaining: Invalid date format: Marcelo Battista. Expected DD/MM/YYYY
2026-07-21 13:32:18,963 - modules.scheduler - ERROR - Invalid date format: Jorge Fernandez. Expected DD/MM/YYYY
2026-07-21 13:32:18,963 - modules.scheduler - ERROR - Error calculating days remaining: Invalid date format: Jorge Fernandez. Expected DD/MM/YYYY
2026-07-21 13:32:18,963 - modules.scheduler - ERROR - Invalid date format: Marcelo Battista. Expected DD/MM/YYYY
2026-07-21 13:32:18,963 - modules.scheduler - ERROR - Error calculating days remaining: Invalid date format: Marcelo Battista. Expected DD/MM/YYYY
2026-07-21 13:32:18,963 - modules.scheduler - ERROR - Invalid date format: Jorge Fernandez. Expected DD/MM/YYYY
2026-07-21 13:32:18,964 - modules.scheduler - ERROR - Error calculating days remaining: Invalid date format: Jorge Fernandez. Expected DD/MM/YYYY
2026-07-21 13:32:18,964 - modules.scheduler - ERROR - Invalid date format: Marcelo Battista. Expected DD/MM/YYYY
2026-07-21 13:32:18,964 - modules.scheduler - ERROR - Error calculating days remaining: Invalid date format: Marcelo Battista. Expected DD/MM/YYYY
2026-07-21 13:32:18,964 - modules.scheduler - ERROR - Invalid date format: Jorge Fernandez. Expected DD/MM/YYYY
2026-07-21 13:32:18,964 - modules.scheduler - ERROR - Error calculating days remaining: Invalid date format: Jorge Fernandez. Expected DD/MM/YYYY
2026-07-21 13:32:18,964 - modules.scheduler - ERROR - Invalid date format: Marcelo Battista. Expected DD/MM/YYYY
2026-07-21 13:32:18,964 - modules.scheduler - ERROR - Error calculating days remaining: Invalid date format: Marcelo Battista. Expected DD/MM/YYYY
2026-07-21 13:32:18,964 - modules.scheduler - ERROR - Invalid date format: Jorge Fernandez. Expected DD/MM/YYYY
2026-07-21 13:32:18,964 - modules.scheduler - ERROR - Error calculating days remaining: Invalid date format: Jorge Fernandez. Expected DD/MM/YYYY
2026-07-21 13:32:18,964 - modules.scheduler - ERROR - Invalid date format: Marcelo Battista. Expected DD/MM/YYYY
2026-07-21 13:32:18,964 - modules.scheduler - ERROR - Error calculating days remaining: Invalid date format: Marcelo Battista. Expected DD/MM/YYYY
2026-07-21 13:32:18,964 - modules.scheduler - ERROR - Invalid date format: Jorge Fernandez. Expected DD/MM/YYYY
2026-07-21 13:32:18,964 - modules.scheduler - ERROR - Error calculating days remaining: Invalid date format: Jorge Fernandez. Expected DD/MM/YYYY
2026-07-21 13:32:18,964 - modules.scheduler - ERROR - Invalid date format: Marcelo Battista. Expected DD/MM/YYYY
2026-07-21 13:32:18,964 - modules.scheduler - ERROR - Error calculating days remaining: Invalid date format: Marcelo Battista. Expected DD/MM/YYYY
2026-07-21 13:32:18,964 - modules.scheduler - ERROR - Invalid date format: Jorge Fernandez. Expected DD/MM/YYYY
2026-07-21 13:32:18,964 - modules.scheduler - ERROR - Error calculating days remaining: Invalid date format: Jorge Fernandez. Expected DD/MM/YYYY
2026-07-21 13:32:18,964 - modules.scheduler - ERROR - Invalid date format: Marcelo Battista. Expected DD/MM/YYYY
2026-07-21 13:32:18,964 - modules.scheduler - ERROR - Error calculating days remaining: Invalid date format: Marcelo Battista. Expected DD/MM/YYYY
2026-07-21 13:32:18,964 - modules.scheduler - ERROR - Invalid date format: Jorge Fernandez. Expected DD/MM/YYYY
2026-07-21 13:32:18,964 - modules.scheduler - ERROR - Error calculating days remaining: Invalid date format: Jorge Fernandez. Expected DD/MM/YYYY
2026-07-21 13:32:18,964 - modules.scheduler - ERROR - Invalid date format: Jorge Fernandez. Expected DD/MM/YYYY
2026-07-21 13:32:18,964 - modules.scheduler - ERROR - Error calculating days remaining: Invalid date format: Jorge Fernandez. Expected DD/MM/YYYY
2026-07-21 13:32:18,965 - modules.scheduler - ERROR - Invalid date format: Jorge Fernandez. Expected DD/MM/YYYY
2026-07-21 13:32:18,965 - modules.scheduler - ERROR - Error calculating days remaining: Invalid date format: Jorge Fernandez. Expected DD/MM/YYYY
2026-07-21 13:32:18,965 - modules.scheduler - ERROR - Invalid date format: Jorge Fernandez. Expected DD/MM/YYYY
2026-07-21 13:32:18,965 - modules.scheduler - ERROR - Error calculating days remaining: Invalid date format: Jorge Fernandez. Expected DD/MM/YYYY
2026-07-21 13:32:18,965 - modules.scheduler - ERROR - Invalid date format: Fernando Menendez. Expected DD/MM/YYYY
2026-07-21 13:32:18,965 - modules.scheduler - ERROR - Error calculating days remaining: Invalid date format: Fernando Menendez. Expected DD/MM/YYYY
2026-07-21 13:32:18,965 - modules.scheduler - ERROR - Invalid date format: Marcelo Battista. Expected DD/MM/YYYY
2026-07-21 13:32:18,965 - modules.scheduler - ERROR - Error calculating days remaining: Invalid date format: Marcelo Battista. Expected DD/MM/YYYY
2026-07-21 13:32:18,965 - modules.scheduler - ERROR - Invalid date format: Jorge Fernandez. Expected DD/MM/YYYY
2026-07-21 13:32:18,965 - modules.scheduler - ERROR - Error calculating days remaining: Invalid date format: Jorge Fernandez. Expected DD/MM/YYYY
2026-07-21 13:32:18,965 - modules.scheduler - ERROR - Invalid date format: Marcelo Battista. Expected DD/MM/YYYY
2026-07-21 13:32:18,965 - modules.scheduler - ERROR - Error calculating days remaining: Invalid date format: Marcelo Battista. Expected DD/MM/YYYY
2026-07-21 13:32:18,965 - modules.scheduler - ERROR - Invalid date format: Jorge Fernandez. Expected DD/MM/YYYY
2026-07-21 13:32:18,965 - modules.scheduler - ERROR - Error calculating days remaining: Invalid date format: Jorge Fernandez. Expected DD/MM/YYYY
2026-07-21 13:32:18,965 - modules.scheduler - ERROR - Invalid date format: Marcelo Battista. Expected DD/MM/YYYY
2026-07-21 13:32:18,965 - modules.scheduler - ERROR - Error calculating days remaining: Invalid date format: Marcelo Battista. Expected DD/MM/YYYY
2026-07-21 13:32:18,965 - modules.scheduler - ERROR - Invalid date format: Jorge Fernandez. Expected DD/MM/YYYY
2026-07-21 13:32:18,965 - modules.scheduler - ERROR - Error calculating days remaining: Invalid date format: Jorge Fernandez. Expected DD/MM/YYYY
2026-07-21 13:32:18,965 - modules.scheduler - ERROR - Invalid date format: Marcelo Battista. Expected DD/MM/YYYY
2026-07-21 13:32:18,965 - modules.scheduler - ERROR - Error calculating days remaining: Invalid date format: Marcelo Battista. Expected DD/MM/YYYY
2026-07-21 13:32:18,965 - modules.scheduler - ERROR - Invalid date format: Jorge Fernandez. Expected DD/MM/YYYY
2026-07-21 13:32:18,965 - modules.scheduler - ERROR - Error calculating days remaining: Invalid date format: Jorge Fernandez. Expected DD/MM/YYYY
2026-07-21 13:32:18,965 - modules.scheduler - ERROR - Invalid date format: Marcelo Battista. Expected DD/MM/YYYY
2026-07-21 13:32:18,965 - modules.scheduler - ERROR - Error calculating days remaining: Invalid date format: Marcelo Battista. Expected DD/MM/YYYY
2026-07-21 13:32:18,965 - modules.scheduler - ERROR - Invalid date format: Jorge Fernandez. Expected DD/MM/YYYY
2026-07-21 13:32:18,965 - modules.scheduler - ERROR - Error calculating days remaining: Invalid date format: Jorge Fernandez. Expected DD/MM/YYYY
2026-07-21 13:32:18,965 - modules.scheduler - ERROR - Invalid date format: Marcelo Battista. Expected DD/MM/YYYY
2026-07-21 13:32:18,966 - modules.scheduler - ERROR - Error calculating days remaining: Invalid date format: Marcelo Battista. Expected DD/MM/YYYY
2026-07-21 13:32:18,966 - modules.scheduler - ERROR - Invalid date format: Jorge Fernandez. Expected DD/MM/YYYY
2026-07-21 13:32:18,966 - modules.scheduler - ERROR - Error calculating days remaining: Invalid date format: Jorge Fernandez. Expected DD/MM/YYYY
2026-07-21 13:32:18,966 - modules.scheduler - ERROR - Invalid date format: Marcelo Battista. Expected DD/MM/YYYY
2026-07-21 13:32:18,966 - modules.scheduler - ERROR - Error calculating days remaining: Invalid date format: Marcelo Battista. Expected DD/MM/YYYY
2026-07-21 13:32:18,966 - modules.scheduler - ERROR - Invalid date format: Jorge Fernandez. Expected DD/MM/YYYY
2026-07-21 13:32:18,966 - modules.scheduler - ERROR - Error calculating days remaining: Invalid date format: Jorge Fernandez. Expected DD/MM/YYYY
2026-07-21 13:32:18,966 - modules.scheduler - ERROR - Invalid date format: Marcelo Battista. Expected DD/MM/YYYY
2026-07-21 13:32:18,966 - modules.scheduler - ERROR - Error calculating days remaining: Invalid date format: Marcelo Battista. Expected DD/MM/YYYY
2026-07-21 13:32:18,966 - modules.scheduler - ERROR - Invalid date format: Fernando Menendez. Expected DD/MM/YYYY
2026-07-21 13:32:18,966 - modules.scheduler - ERROR - Error calculating days remaining: Invalid date format: Fernando Menendez. Expected DD/MM/YYYY
2026-07-21 13:32:18,966 - modules.scheduler - ERROR - Invalid date format: Fernando Menendez. Expected DD/MM/YYYY
2026-07-21 13:32:18,966 - modules.scheduler - ERROR - Error calculating days remaining: Invalid date format: Fernando Menendez. Expected DD/MM/YYYY
2026-07-21 13:32:18,966 - modules.scheduler - ERROR - Invalid date format: Marcelo Battista. Expected DD/MM/YYYY
2026-07-21 13:32:18,966 - modules.scheduler - ERROR - Error calculating days remaining: Invalid date format: Marcelo Battista. Expected DD/MM/YYYY
2026-07-21 13:32:18,966 - modules.scheduler - ERROR - Invalid date format: Fernando Menendez. Expected DD/MM/YYYY
2026-07-21 13:32:18,966 - modules.scheduler - ERROR - Error calculating days remaining: Invalid date format: Fernando Menendez. Expected DD/MM/YYYY
2026-07-21 13:32:18,966 - modules.scheduler - ERROR - Invalid date format: Marcelo Battista. Expected DD/MM/YYYY
2026-07-21 13:32:18,967 - modules.scheduler - ERROR - Error calculating days remaining: Invalid date format: Marcelo Battista. Expected DD/MM/YYYY
2026-07-21 13:32:18,967 - modules.scheduler - ERROR - Invalid date format: Fernando Menendez. Expected DD/MM/YYYY
2026-07-21 13:32:18,967 - modules.scheduler - ERROR - Error calculating days remaining: Invalid date format: Fernando Menendez. Expected DD/MM/YYYY
2026-07-21 13:32:18,967 - modules.scheduler - ERROR - Invalid date format: Marcelo Battista. Expected DD/MM/YYYY
2026-07-21 13:32:18,967 - modules.scheduler - ERROR - Error calculating days remaining: Invalid date format: Marcelo Battista. Expected DD/MM/YYYY
2026-07-21 13:32:18,967 - modules.scheduler - ERROR - Invalid date format: Fernando Menendez. Expected DD/MM/YYYY
2026-07-21 13:32:18,967 - modules.scheduler - ERROR - Error calculating days remaining: Invalid date format: Fernando Menendez. Expected DD/MM/YYYY
2026-07-21 13:32:18,967 - modules.scheduler - ERROR - Invalid date format: Marcelo Battista. Expected DD/MM/YYYY
2026-07-21 13:32:18,967 - modules.scheduler - ERROR - Error calculating days remaining: Invalid date format: Marcelo Battista. Expected DD/MM/YYYY
2026-07-21 13:32:18,967 - modules.scheduler - ERROR - Invalid date format: Fernando Menendez. Expected DD/MM/YYYY
2026-07-21 13:32:18,967 - modules.scheduler - ERROR - Error calculating days remaining: Invalid date format: Fernando Menendez. Expected DD/MM/YYYY
2026-07-21 13:32:18,967 - modules.scheduler - ERROR - Invalid date format: Marcelo Battista. Expected DD/MM/YYYY
2026-07-21 13:32:18,967 - modules.scheduler - ERROR - Error calculating days remaining: Invalid date format: Marcelo Battista. Expected DD/MM/YYYY
2026-07-21 13:32:18,967 - modules.scheduler - ERROR - Invalid date format: Fernando Menendez. Expected DD/MM/YYYY
2026-07-21 13:32:18,967 - modules.scheduler - ERROR - Error calculating days remaining: Invalid date format: Fernando Menendez. Expected DD/MM/YYYY
2026-07-21 13:32:18,967 - modules.scheduler - ERROR - Invalid date format: Marcelo Battista. Expected DD/MM/YYYY
2026-07-21 13:32:18,967 - modules.scheduler - ERROR - Error calculating days remaining: Invalid date format: Marcelo Battista. Expected DD/MM/YYYY
2026-07-21 13:32:18,967 - modules.scheduler - ERROR - Invalid date format: Fernando Menendez. Expected DD/MM/YYYY
2026-07-21 13:32:18,967 - modules.scheduler - ERROR - Error calculating days remaining: Invalid date format: Fernando Menendez. Expected DD/MM/YYYY
2026-07-21 13:32:18,968 - modules.scheduler - ERROR - Invalid date format: Marcelo Battista. Expected DD/MM/YYYY
2026-07-21 13:32:18,968 - modules.scheduler - ERROR - Error calculating days remaining: Invalid date format: Marcelo Battista. Expected DD/MM/YYYY
2026-07-21 13:32:18,968 - modules.scheduler - ERROR - Invalid date format: Marcelo Battista. Expected DD/MM/YYYY
2026-07-21 13:32:18,968 - modules.scheduler - ERROR - Error calculating days remaining: Invalid date format: Marcelo Battista. Expected DD/MM/YYYY
2026-07-21 13:32:18,968 - modules.scheduler - ERROR - Invalid date format: Marcelo Battista. Expected DD/MM/YYYY
2026-07-21 13:32:18,968 - modules.scheduler - ERROR - Error calculating days remaining: Invalid date format: Marcelo Battista. Expected DD/MM/YYYY
2026-07-21 13:32:18,968 - modules.scheduler - ERROR - Invalid date format: Jorge Fernandez. Expected DD/MM/YYYY
2026-07-21 13:32:18,968 - modules.scheduler - ERROR - Error calculating days remaining: Invalid date format: Jorge Fernandez. Expected DD/MM/YYYY
2026-07-21 13:32:18,968 - modules.scheduler - ERROR - Invalid date format: Marcelo Battista. Expected DD/MM/YYYY
2026-07-21 13:32:18,968 - modules.scheduler - ERROR - Error calculating days remaining: Invalid date format: Marcelo Battista. Expected DD/MM/YYYY
2026-07-21 13:32:18,968 - modules.scheduler - ERROR - Invalid date format: Jorge Fernandez. Expected DD/MM/YYYY
2026-07-21 13:32:18,968 - modules.scheduler - ERROR - Error calculating days remaining: Invalid date format: Jorge Fernandez. Expected DD/MM/YYYY
2026-07-21 13:32:18,968 - modules.scheduler - ERROR - Invalid date format: Marcelo Battista. Expected DD/MM/YYYY
2026-07-21 13:32:18,968 - modules.scheduler - ERROR - Error calculating days remaining: Invalid date format: Marcelo Battista. Expected DD/MM/YYYY
2026-07-21 13:32:18,968 - modules.scheduler - ERROR - Invalid date format: Jorge Fernandez. Expected DD/MM/YYYY
2026-07-21 13:32:18,968 - modules.scheduler - ERROR - Error calculating days remaining: Invalid date format: Jorge Fernandez. Expected DD/MM/YYYY
2026-07-21 13:32:18,968 - modules.scheduler - ERROR - Invalid date format: Marcelo Battista. Expected DD/MM/YYYY
2026-07-21 13:32:18,968 - modules.scheduler - ERROR - Error calculating days remaining: Invalid date format: Marcelo Battista. Expected DD/MM/YYYY
2026-07-21 13:32:18,968 - modules.scheduler - ERROR - Invalid date format: Jorge Fernandez. Expected DD/MM/YYYY
2026-07-21 13:32:18,969 - modules.scheduler - ERROR - Error calculating days remaining: Invalid date format: Jorge Fernandez. Expected DD/MM/YYYY
2026-07-21 13:32:18,969 - modules.scheduler - ERROR - Invalid date format: Marcelo Battista. Expected DD/MM/YYYY
2026-07-21 13:32:18,969 - modules.scheduler - ERROR - Error calculating days remaining: Invalid date format: Marcelo Battista. Expected DD/MM/YYYY
2026-07-21 13:32:18,969 - modules.scheduler - ERROR - Invalid date format: Jorge Fernandez. Expected DD/MM/YYYY
2026-07-21 13:32:18,969 - modules.scheduler - ERROR - Error calculating days remaining: Invalid date format: Jorge Fernandez. Expected DD/MM/YYYY
2026-07-21 13:32:18,969 - modules.scheduler - ERROR - Invalid date format: Marcelo Battista. Expected DD/MM/YYYY
2026-07-21 13:32:18,969 - modules.scheduler - ERROR - Error calculating days remaining: Invalid date format: Marcelo Battista. Expected DD/MM/YYYY
2026-07-21 13:32:18,969 - modules.scheduler - ERROR - Invalid date format: Jorge Fernandez. Expected DD/MM/YYYY
2026-07-21 13:32:18,969 - modules.scheduler - ERROR - Error calculating days remaining: Invalid date format: Jorge Fernandez. Expected DD/MM/YYYY
2026-07-21 13:32:18,969 - modules.scheduler - ERROR - Invalid date format: Marcelo Battista. Expected DD/MM/YYYY
2026-07-21 13:32:18,969 - modules.scheduler - ERROR - Error calculating days remaining: Invalid date format: Marcelo Battista. Expected DD/MM/YYYY
2026-07-21 13:32:18,969 - modules.scheduler - ERROR - Invalid date format: Jorge Fernandez. Expected DD/MM/YYYY
2026-07-21 13:32:18,969 - modules.scheduler - ERROR - Error calculating days remaining: Invalid date format: Jorge Fernandez. Expected DD/MM/YYYY
2026-07-21 13:32:18,969 - modules.scheduler - ERROR - Invalid date format: Jorge Fernandez. Expected DD/MM/YYYY
2026-07-21 13:32:18,969 - modules.scheduler - ERROR - Error calculating days remaining: Invalid date format: Jorge Fernandez. Expected DD/MM/YYYY
2026-07-21 13:32:18,969 - modules.scheduler - ERROR - Invalid date format: Jorge Fernandez. Expected DD/MM/YYYY
2026-07-21 13:32:18,969 - modules.scheduler - ERROR - Error calculating days remaining: Invalid date format: Jorge Fernandez. Expected DD/MM/YYYY
2026-07-21 13:32:18,970 - modules.scheduler - ERROR - Invalid date format: Jorge Fernandez. Expected DD/MM/YYYY
2026-07-21 13:32:18,970 - modules.scheduler - ERROR - Error calculating days remaining: Invalid date format: Jorge Fernandez. Expected DD/MM/YYYY
2026-07-21 13:32:18,970 - modules.scheduler - ERROR - Invalid date format: Fernando Menendez. Expected DD/MM/YYYY
2026-07-21 13:32:18,970 - modules.scheduler - ERROR - Error calculating days remaining: Invalid date format: Fernando Menendez. Expected DD/MM/YYYY
2026-07-21 13:32:18,970 - modules.scheduler - ERROR - Invalid date format: Marcelo Battista. Expected DD/MM/YYYY
2026-07-21 13:32:18,970 - modules.scheduler - ERROR - Error calculating days remaining: Invalid date format: Marcelo Battista. Expected DD/MM/YYYY
2026-07-21 13:32:18,970 - modules.scheduler - ERROR - Invalid date format: Jorge Fernandez. Expected DD/MM/YYYY
2026-07-21 13:32:18,970 - modules.scheduler - ERROR - Error calculating days remaining: Invalid date format: Jorge Fernandez. Expected DD/MM/YYYY
2026-07-21 13:32:18,970 - modules.scheduler - ERROR - Invalid date format: Marcelo Battista. Expected DD/MM/YYYY
2026-07-21 13:32:18,970 - modules.scheduler - ERROR - Error calculating days remaining: Invalid date format: Marcelo Battista. Expected DD/MM/YYYY
2026-07-21 13:32:18,970 - modules.scheduler - ERROR - Invalid date format: Jorge Fernandez. Expected DD/MM/YYYY
2026-07-21 13:32:18,970 - modules.scheduler - ERROR - Error calculating days remaining: Invalid date format: Jorge Fernandez. Expected DD/MM/YYYY
2026-07-21 13:32:18,970 - modules.scheduler - ERROR - Invalid date format: Marcelo Battista. Expected DD/MM/YYYY
2026-07-21 13:32:18,970 - modules.scheduler - ERROR - Error calculating days remaining: Invalid date format: Marcelo Battista. Expected DD/MM/YYYY
2026-07-21 13:32:18,970 - modules.scheduler - ERROR - Invalid date format: Jorge Fernandez. Expected DD/MM/YYYY
2026-07-21 13:32:18,970 - modules.scheduler - ERROR - Error calculating days remaining: Invalid date format: Jorge Fernandez. Expected DD/MM/YYYY
2026-07-21 13:32:18,970 - modules.scheduler - ERROR - Invalid date format: Marcelo Battista. Expected DD/MM/YYYY
2026-07-21 13:32:18,971 - modules.scheduler - ERROR - Error calculating days remaining: Invalid date format: Marcelo Battista. Expected DD/MM/YYYY
2026-07-21 13:32:18,971 - modules.scheduler - ERROR - Invalid date format: Jorge Fernandez. Expected DD/MM/YYYY
2026-07-21 13:32:18,971 - modules.scheduler - ERROR - Error calculating days remaining: Invalid date format: Jorge Fernandez. Expected DD/MM/YYYY
2026-07-21 13:32:18,971 - modules.scheduler - ERROR - Invalid date format: Marcelo Battista. Expected DD/MM/YYYY
2026-07-21 13:32:18,971 - modules.scheduler - ERROR - Error calculating days remaining: Invalid date format: Marcelo Battista. Expected DD/MM/YYYY
2026-07-21 13:32:18,971 - modules.scheduler - ERROR - Invalid date format: Jorge Fernandez. Expected DD/MM/YYYY
2026-07-21 13:32:18,971 - modules.scheduler - ERROR - Error calculating days remaining: Invalid date format: Jorge Fernandez. Expected DD/MM/YYYY
2026-07-21 13:32:18,971 - modules.scheduler - ERROR - Invalid date format: Marcelo Battista. Expected DD/MM/YYYY
2026-07-21 13:32:18,971 - modules.scheduler - ERROR - Error calculating days remaining: Invalid date format: Marcelo Battista. Expected DD/MM/YYYY
2026-07-21 13:32:18,971 - modules.scheduler - ERROR - Invalid date format: Jorge Fernandez. Expected DD/MM/YYYY
2026-07-21 13:32:18,971 - modules.scheduler - ERROR - Error calculating days remaining: Invalid date format: Jorge Fernandez. Expected DD/MM/YYYY
2026-07-21 13:32:18,971 - modules.scheduler - ERROR - Invalid date format: Marcelo Battista. Expected DD/MM/YYYY
2026-07-21 13:32:18,971 - modules.scheduler - ERROR - Error calculating days remaining: Invalid date format: Marcelo Battista. Expected DD/MM/YYYY
2026-07-21 13:32:18,971 - modules.scheduler - ERROR - Invalid date format: Jorge Fernandez. Expected DD/MM/YYYY
2026-07-21 13:32:18,971 - modules.scheduler - ERROR - Error calculating days remaining: Invalid date format: Jorge Fernandez. Expected DD/MM/YYYY
2026-07-21 13:32:18,971 - modules.scheduler - ERROR - Invalid date format: Marcelo Battista. Expected DD/MM/YYYY
2026-07-21 13:32:18,971 - modules.scheduler - ERROR - Error calculating days remaining: Invalid date format: Marcelo Battista. Expected DD/MM/YYYY
2026-07-21 13:32:18,971 - modules.scheduler - ERROR - Invalid date format: Fernando Menendez. Expected DD/MM/YYYY
2026-07-21 13:32:18,971 - modules.scheduler - ERROR - Error calculating days remaining: Invalid date format: Fernando Menendez. Expected DD/MM/YYYY
2026-07-21 13:32:18,972 - modules.scheduler - ERROR - Invalid date format: Fernando Menendez. Expected DD/MM/YYYY
2026-07-21 13:32:18,972 - modules.scheduler - ERROR - Error calculating days remaining: Invalid date format: Fernando Menendez. Expected DD/MM/YYYY
2026-07-21 13:32:18,972 - modules.scheduler - ERROR - Invalid date format: Marcelo Battista. Expected DD/MM/YYYY
2026-07-21 13:32:18,972 - modules.scheduler - ERROR - Error calculating days remaining: Invalid date format: Marcelo Battista. Expected DD/MM/YYYY
2026-07-21 13:32:18,972 - modules.scheduler - ERROR - Invalid date format: Fernando Menendez. Expected DD/MM/YYYY
2026-07-21 13:32:18,972 - modules.scheduler - ERROR - Error calculating days remaining: Invalid date format: Fernando Menendez. Expected DD/MM/YYYY
2026-07-21 13:32:18,972 - modules.scheduler - ERROR - Invalid date format: Marcelo Battista. Expected DD/MM/YYYY
2026-07-21 13:32:18,972 - modules.scheduler - ERROR - Error calculating days remaining: Invalid date format: Marcelo Battista. Expected DD/MM/YYYY
2026-07-21 13:32:18,972 - modules.scheduler - ERROR - Invalid date format: Fernando Menendez. Expected DD/MM/YYYY
2026-07-21 13:32:18,972 - modules.scheduler - ERROR - Error calculating days remaining: Invalid date format: Fernando Menendez. Expected DD/MM/YYYY
2026-07-21 13:32:18,972 - modules.scheduler - ERROR - Invalid date format: Marcelo Battista. Expected DD/MM/YYYY
2026-07-21 13:32:18,972 - modules.scheduler - ERROR - Error calculating days remaining: Invalid date format: Marcelo Battista. Expected DD/MM/YYYY
2026-07-21 13:32:18,972 - modules.scheduler - ERROR - Invalid date format: Fernando Menendez. Expected DD/MM/YYYY
2026-07-21 13:32:18,972 - modules.scheduler - ERROR - Error calculating days remaining: Invalid date format: Fernando Menendez. Expected DD/MM/YYYY
2026-07-21 13:32:18,972 - modules.scheduler - ERROR - Invalid date format: Marcelo Battista. Expected DD/MM/YYYY
2026-07-21 13:32:18,972 - modules.scheduler - ERROR - Error calculating days remaining: Invalid date format: Marcelo Battista. Expected DD/MM/YYYY
2026-07-21 13:32:18,972 - modules.scheduler - ERROR - Invalid date format: Fernando Menendez. Expected DD/MM/YYYY
2026-07-21 13:32:18,972 - modules.scheduler - ERROR - Error calculating days remaining: Invalid date format: Fernando Menendez. Expected DD/MM/YYYY
2026-07-21 13:32:18,973 - modules.scheduler - ERROR - Invalid date format: Marcelo Battista. Expected DD/MM/YYYY
2026-07-21 13:32:18,973 - modules.scheduler - ERROR - Error calculating days remaining: Invalid date format: Marcelo Battista. Expected DD/MM/YYYY
2026-07-21 13:32:18,973 - modules.scheduler - ERROR - Invalid date format: Fernando Menendez. Expected DD/MM/YYYY
2026-07-21 13:32:18,973 - modules.scheduler - ERROR - Error calculating days remaining: Invalid date format: Fernando Menendez. Expected DD/MM/YYYY
2026-07-21 13:32:18,973 - modules.scheduler - ERROR - Invalid date format: Marcelo Battista. Expected DD/MM/YYYY
2026-07-21 13:32:18,973 - modules.scheduler - ERROR - Error calculating days remaining: Invalid date format: Marcelo Battista. Expected DD/MM/YYYY
2026-07-21 13:32:18,973 - modules.scheduler - ERROR - Invalid date format: Fernando Menendez. Expected DD/MM/YYYY
2026-07-21 13:32:18,973 - modules.scheduler - ERROR - Error calculating days remaining: Invalid date format: Fernando Menendez. Expected DD/MM/YYYY
2026-07-21 13:32:18,973 - modules.scheduler - ERROR - Invalid date format: Marcelo Battista. Expected DD/MM/YYYY
2026-07-21 13:32:18,973 - modules.scheduler - ERROR - Error calculating days remaining: Invalid date format: Marcelo Battista. Expected DD/MM/YYYY
2026-07-21 13:32:18,973 - modules.scheduler - INFO - Alert evaluation complete: 0 overdue, 0 approaching
2026-07-21 13:32:18,973 - modules.notifier - INFO - Logged 0/0 alerts
2026-07-21 13:32:18,973 - modules.notifier - INFO - Logged 0/0 alerts
2026-07-21 13:32:18,973 - __main__ - INFO - Total alerts logged: 0
2026-07-21 13:32:18,973 - __main__ - INFO - ============================================================
RESUMEN DE ALERTAS - 21/07/2026 13:32
============================================================

PROYECTOS VENCIDOS: 0
PLAZOS PRÓXIMOS (próximos 3 días): 0
============================================================
2026-07-21 13:32:18,973 - alerts - INFO - 
======================================================================
RESUMEN DE EJECUCIÓN - 21/07/2026 13:32:18
======================================================================
Status: SUCCESS
Root Folder: 1dMu2WeU3bbzqPEFEAoNySonP1eKTC71u
Departments: 3
Master Schedule: 1yHvzhJCsfi1UZ_XtxOnesgaMakNtsNjvkIMP2gaYDgw
======================================================================

2026-07-21 13:32:18,973 - __main__ - INFO - 
2026-07-21 13:32:18,973 - __main__ - INFO - ✓ Execution completed successfully
2026-07-21 13:38:52,279 - menu - INFO - Loaded 1 saved Gmail accounts
2026-07-21 13:39:04,676 - __main__ - INFO - Selected account: germanty123@gmail.com (personal)
2026-07-21 13:39:04,677 - __main__ - INFO - Using token: .gmail_tokens/germanty123_gmail_com_token.json
2026-07-21 13:39:04,677 - modules.auth - INFO - Loading OAuth2 token from: .gmail_tokens/germanty123_gmail_com_token.json
2026-07-21 13:39:04,809 - modules.auth - INFO - Token refreshed successfully
2026-07-21 13:39:04,809 - modules.auth - INFO - OAuth2 authentication successful
2026-07-21 13:39:04,811 - googleapiclient.discovery_cache - INFO - file_cache is only supported with oauth2client<4.0.0
2026-07-21 13:39:04,814 - googleapiclient.discovery_cache - INFO - file_cache is only supported with oauth2client<4.0.0
2026-07-21 13:39:04,816 - googleapiclient.discovery_cache - INFO - file_cache is only supported with oauth2client<4.0.0
2026-07-21 13:39:04,818 - modules.auth - INFO - Successfully authenticated with Google Cloud
2026-07-21 13:39:04,818 - modules.auth - INFO - Authentication method: OAuth2
2026-07-21 13:39:04,818 - modules.drive_manager - INFO - Drive Manager initialized successfully
2026-07-21 13:39:04,818 - modules.sheets_manager - INFO - Sheets Manager initialized successfully
2026-07-21 13:39:04,818 - modules.scheduler - INFO - Scheduler initialized with 3 days threshold
2026-07-21 13:39:04,818 - modules.consolidator - INFO - Consolidator initialized
2026-07-21 13:39:04,818 - modules.notifier - INFO - Notifier initialized
2026-07-21 13:39:04,818 - __main__ - INFO - Application initialized successfully
2026-07-21 13:39:06,917 - __main__ - INFO - 
2026-07-21 13:39:06,917 - __main__ - INFO - ╔====================================================================╗
2026-07-21 13:39:06,917 - __main__ - INFO - ║              PROJECT SCHEDULER - FULL EXECUTION CYCLE              ║
2026-07-21 13:39:06,917 - __main__ - INFO - ╚====================================================================╝
2026-07-21 13:39:06,917 - __main__ - INFO - 
2026-07-21 13:39:06,917 - __main__ - INFO - ======================================================================
2026-07-21 13:39:06,917 - __main__ - INFO - STEP 1: Setting up folder structure
2026-07-21 13:39:06,917 - __main__ - INFO - ======================================================================
2026-07-21 13:39:07,424 - modules.drive_manager - INFO - Folder found: Proyectos_Empresa (ID: 1dMu2WeU3bbzqPEFEAoNySonP1eKTC71u)
2026-07-21 13:39:07,424 - __main__ - INFO - Root folder created with ID: 1dMu2WeU3bbzqPEFEAoNySonP1eKTC71u
2026-07-21 13:39:07,716 - modules.drive_manager - INFO - Folder found: Ingenieria (ID: 1Voz7pY4e1gXbiHrohg8kE7ORywmh9oPe)
2026-07-21 13:39:08,038 - modules.drive_manager - INFO - Folder found: Clientes (ID: 1-pW6dcCmpM7yr9pfNA895HVeLNA87AL9)
2026-07-21 13:39:08,038 - __main__ - INFO - Ingenieria department folder: 1Voz7pY4e1gXbiHrohg8kE7ORywmh9oPe
2026-07-21 13:39:08,038 - __main__ - INFO - Ingenieria clients folder: 1-pW6dcCmpM7yr9pfNA895HVeLNA87AL9
2026-07-21 13:39:08,318 - modules.drive_manager - INFO - Folder found: Obras (ID: 1pxkkVZK_9XrhMBlKJfgvwYdjrPASagkY)
2026-07-21 13:39:08,645 - modules.drive_manager - INFO - Folder found: Clientes (ID: 17GspBkoAYHSJUIaC7663vAIB8bz495ID)
2026-07-21 13:39:08,645 - __main__ - INFO - Obras department folder: 1pxkkVZK_9XrhMBlKJfgvwYdjrPASagkY
2026-07-21 13:39:08,645 - __main__ - INFO - Obras clients folder: 17GspBkoAYHSJUIaC7663vAIB8bz495ID
2026-07-21 13:39:08,972 - modules.drive_manager - INFO - Folder found: Mantenimiento (ID: 15Ykg8P5i8lHto5TSl2_mCnwuz6u0Vj7f)
2026-07-21 13:39:09,348 - modules.drive_manager - INFO - Folder found: Clientes (ID: 1rIzjgwvLwRIaRc-qbJi4Uubu2DeBpkK_)
2026-07-21 13:39:09,348 - __main__ - INFO - Mantenimiento department folder: 15Ykg8P5i8lHto5TSl2_mCnwuz6u0Vj7f
2026-07-21 13:39:09,348 - __main__ - INFO - Mantenimiento clients folder: 1rIzjgwvLwRIaRc-qbJi4Uubu2DeBpkK_
2026-07-21 13:39:09,348 - __main__ - INFO - 
2026-07-21 13:39:09,348 - __main__ - INFO - ======================================================================
2026-07-21 13:39:09,348 - __main__ - INFO - STEP 2: Setting up spreadsheets
2026-07-21 13:39:09,348 - __main__ - INFO - ======================================================================
2026-07-21 13:39:09,730 - modules.sheets_manager - INFO - Spreadsheet found: Cronograma_Ingenieria (ID: 1c9kxSxwPG3huAebtoMKoopB8Zprzcm5ncFwcq4ipl3w)
2026-07-21 13:39:10,541 - modules.sheets_manager - INFO - Sheet names for 1c9kxSxwPG3huAebtoMKoopB8Zprzcm5ncFwcq4ipl3w: ['Ingenieria']
2026-07-21 13:39:10,542 - modules.sheets_manager - INFO - Sheet 'Ingenieria' already exists
2026-07-21 13:39:10,887 - modules.sheets_manager - INFO - Data written to 1c9kxSxwPG3huAebtoMKoopB8Zprzcm5ncFwcq4ipl3w: Ingenieria!A1 (1 rows)
2026-07-21 13:39:10,887 - __main__ - INFO - Headers created for Ingenieria
2026-07-21 13:39:10,887 - __main__ - INFO - Spreadsheet for Ingenieria: 1c9kxSxwPG3huAebtoMKoopB8Zprzcm5ncFwcq4ipl3w
2026-07-21 13:39:11,273 - modules.sheets_manager - INFO - Spreadsheet found: Cronograma_Obras (ID: 1K4yNUOomuBCgRDt8kY_r7nhKq8J0FZ-iPtxviluFhoA)
2026-07-21 13:39:11,609 - modules.sheets_manager - INFO - Sheet names for 1K4yNUOomuBCgRDt8kY_r7nhKq8J0FZ-iPtxviluFhoA: ['Obras']
2026-07-21 13:39:11,609 - modules.sheets_manager - INFO - Sheet 'Obras' already exists
2026-07-21 13:39:11,960 - modules.sheets_manager - INFO - Data written to 1K4yNUOomuBCgRDt8kY_r7nhKq8J0FZ-iPtxviluFhoA: Obras!A1 (1 rows)
2026-07-21 13:39:11,960 - __main__ - INFO - Headers created for Obras
2026-07-21 13:39:11,960 - __main__ - INFO - Spreadsheet for Obras: 1K4yNUOomuBCgRDt8kY_r7nhKq8J0FZ-iPtxviluFhoA
2026-07-21 13:39:12,352 - modules.sheets_manager - INFO - Spreadsheet found: Cronograma_Mantenimiento (ID: 1NmI8DwyPCNe8HsnDBlIu__FL_Peff2N-UYQ946SuBBA)
2026-07-21 13:39:12,727 - modules.sheets_manager - INFO - Sheet names for 1NmI8DwyPCNe8HsnDBlIu__FL_Peff2N-UYQ946SuBBA: ['Mantenimiento']
2026-07-21 13:39:12,727 - modules.sheets_manager - INFO - Sheet 'Mantenimiento' already exists
2026-07-21 13:39:13,109 - modules.sheets_manager - INFO - Data written to 1NmI8DwyPCNe8HsnDBlIu__FL_Peff2N-UYQ946SuBBA: Mantenimiento!A1 (1 rows)
2026-07-21 13:39:13,110 - __main__ - INFO - Headers created for Mantenimiento
2026-07-21 13:39:13,110 - __main__ - INFO - Spreadsheet for Mantenimiento: 1NmI8DwyPCNe8HsnDBlIu__FL_Peff2N-UYQ946SuBBA
2026-07-21 13:39:13,543 - modules.sheets_manager - INFO - Spreadsheet found: Cronograma_Maestro (ID: 1yHvzhJCsfi1UZ_XtxOnesgaMakNtsNjvkIMP2gaYDgw)
2026-07-21 13:39:14,115 - modules.sheets_manager - INFO - Sheet names for 1yHvzhJCsfi1UZ_XtxOnesgaMakNtsNjvkIMP2gaYDgw: ['Cronograma_Maestro']
2026-07-21 13:39:14,115 - modules.sheets_manager - INFO - Sheet 'Cronograma_Maestro' already exists
2026-07-21 13:39:14,400 - modules.sheets_manager - INFO - Data written to 1yHvzhJCsfi1UZ_XtxOnesgaMakNtsNjvkIMP2gaYDgw: Cronograma_Maestro!A1 (1 rows)
2026-07-21 13:39:14,400 - __main__ - INFO - Headers created for master schedule
2026-07-21 13:39:14,400 - __main__ - INFO - Master schedule spreadsheet: 1yHvzhJCsfi1UZ_XtxOnesgaMakNtsNjvkIMP2gaYDgw
2026-07-21 13:39:14,400 - __main__ - INFO - 
2026-07-21 13:39:14,400 - __main__ - INFO - ======================================================================
2026-07-21 13:39:14,401 - __main__ - INFO - STEP 3: Consolidating schedules
2026-07-21 13:39:14,401 - __main__ - INFO - ======================================================================
2026-07-21 13:39:14,692 - modules.sheets_manager - INFO - Sheet names for 1c9kxSxwPG3huAebtoMKoopB8Zprzcm5ncFwcq4ipl3w: ['Ingenieria']
2026-07-21 13:39:15,039 - modules.sheets_manager - INFO - Data read from 1c9kxSxwPG3huAebtoMKoopB8Zprzcm5ncFwcq4ipl3w: Ingenieria!A:K (20 rows)
2026-07-21 13:39:15,039 - __main__ - INFO - Read 20 rows from Ingenieria
2026-07-21 13:39:15,338 - modules.sheets_manager - INFO - Sheet names for 1K4yNUOomuBCgRDt8kY_r7nhKq8J0FZ-iPtxviluFhoA: ['Obras']
2026-07-21 13:39:15,675 - modules.sheets_manager - INFO - Data read from 1K4yNUOomuBCgRDt8kY_r7nhKq8J0FZ-iPtxviluFhoA: Obras!A:K (16 rows)
2026-07-21 13:39:15,675 - __main__ - INFO - Read 16 rows from Obras
2026-07-21 13:39:15,928 - modules.sheets_manager - INFO - Sheet names for 1NmI8DwyPCNe8HsnDBlIu__FL_Peff2N-UYQ946SuBBA: ['Mantenimiento']
2026-07-21 13:39:16,285 - modules.sheets_manager - INFO - Data read from 1NmI8DwyPCNe8HsnDBlIu__FL_Peff2N-UYQ946SuBBA: Mantenimiento!A:K (16 rows)
2026-07-21 13:39:16,285 - __main__ - INFO - Read 16 rows from Mantenimiento
2026-07-21 13:39:16,285 - modules.consolidator - INFO - [Ingenieria] Row count: 19, Column count: 11
2026-07-21 13:39:16,285 - modules.consolidator - INFO - [Ingenieria] Actual headers from sheet: ['ID_Proyecto', 'Cliente', 'Descripcion', 'Fecha_Inicio', 'Fecha_Entrega', 'Estado', 'Responsable', 'Fecha último estado', 'Diferencia de días', 'Estado', 'Descripción']
2026-07-21 13:39:16,286 - modules.consolidator - INFO - [Ingenieria] DataFrame shape before mapping: (19, 11)
2026-07-21 13:39:16,286 - modules.consolidator - INFO - [Ingenieria] DataFrame columns: ['ID_Proyecto', 'Cliente', 'Descripcion', 'Fecha_Inicio', 'Fecha_Entrega', 'Estado', 'Responsable', 'Fecha último estado', 'Diferencia de días', 'Estado', 'Descripción']
2026-07-21 13:39:16,287 - modules.consolidator - INFO - [Ingenieria] Detected Excel format (11 columns), applying mapping...
2026-07-21 13:39:16,287 - modules.consolidator - INFO - Starting Excel column mapping for 19 rows
2026-07-21 13:39:16,287 - modules.consolidator - INFO - Input columns: ['ID_Proyecto', 'Cliente', 'Descripcion', 'Fecha_Inicio', 'Fecha_Entrega', 'Estado', 'Responsable', 'Fecha último estado', 'Diferencia de días', 'Estado', 'Descripción']
2026-07-21 13:39:16,288 - modules.consolidator - INFO - Mapped columns by position: ['ID_Proyecto', 'Cliente', 'Responsable', 'Fecha_Inicio', 'Fecha_Entrega', 'Fecha último estado', 'Estado', 'Descripcion']
2026-07-21 13:39:16,289 - modules.consolidator - INFO - Mapped 19 rows from Excel format to standard format
2026-07-21 13:39:16,289 - modules.consolidator - INFO - Output columns: ['ID_Proyecto', 'Cliente', 'Descripcion', 'Fecha_Inicio', 'Fecha_Entrega', 'Estado', 'Responsable']
2026-07-21 13:39:16,289 - modules.consolidator - INFO - [Ingenieria] DataFrame columns after mapping: ['ID_Proyecto', 'Cliente', 'Descripcion', 'Fecha_Inicio', 'Fecha_Entrega', 'Estado', 'Responsable']
2026-07-21 13:39:16,291 - modules.consolidator - INFO - Prepared 19 rows from Ingenieria
2026-07-21 13:39:16,291 - modules.consolidator - INFO - [Obras] Row count: 15, Column count: 11
2026-07-21 13:39:16,291 - modules.consolidator - INFO - [Obras] Actual headers from sheet: ['ID_Proyecto', 'Cliente', 'Descripcion', 'Fecha_Inicio', 'Fecha_Entrega', 'Estado', 'Responsable', 'Fecha último estado', 'Diferencia de días', 'Estado', 'Descripción']
2026-07-21 13:39:16,291 - modules.consolidator - INFO - [Obras] DataFrame shape before mapping: (15, 11)
2026-07-21 13:39:16,291 - modules.consolidator - INFO - [Obras] DataFrame columns: ['ID_Proyecto', 'Cliente', 'Descripcion', 'Fecha_Inicio', 'Fecha_Entrega', 'Estado', 'Responsable', 'Fecha último estado', 'Diferencia de días', 'Estado', 'Descripción']
2026-07-21 13:39:16,292 - modules.consolidator - INFO - [Obras] Detected Excel format (11 columns), applying mapping...
2026-07-21 13:39:16,292 - modules.consolidator - INFO - Starting Excel column mapping for 15 rows
2026-07-21 13:39:16,292 - modules.consolidator - INFO - Input columns: ['ID_Proyecto', 'Cliente', 'Descripcion', 'Fecha_Inicio', 'Fecha_Entrega', 'Estado', 'Responsable', 'Fecha último estado', 'Diferencia de días', 'Estado', 'Descripción']
2026-07-21 13:39:16,293 - modules.consolidator - INFO - Mapped columns by position: ['ID_Proyecto', 'Cliente', 'Responsable', 'Fecha_Inicio', 'Fecha_Entrega', 'Fecha último estado', 'Estado', 'Descripcion']
2026-07-21 13:39:16,293 - modules.consolidator - INFO - Mapped 15 rows from Excel format to standard format
2026-07-21 13:39:16,293 - modules.consolidator - INFO - Output columns: ['ID_Proyecto', 'Cliente', 'Descripcion', 'Fecha_Inicio', 'Fecha_Entrega', 'Estado', 'Responsable']
2026-07-21 13:39:16,294 - modules.consolidator - INFO - [Obras] DataFrame columns after mapping: ['ID_Proyecto', 'Cliente', 'Descripcion', 'Fecha_Inicio', 'Fecha_Entrega', 'Estado', 'Responsable']
2026-07-21 13:39:16,295 - modules.consolidator - INFO - Prepared 15 rows from Obras
2026-07-21 13:39:16,295 - modules.consolidator - INFO - [Mantenimiento] Row count: 15, Column count: 11
2026-07-21 13:39:16,295 - modules.consolidator - INFO - [Mantenimiento] Actual headers from sheet: ['ID_Proyecto', 'Cliente', 'Descripcion', 'Fecha_Inicio', 'Fecha_Entrega', 'Estado', 'Responsable', 'Fecha último estado', 'Diferencia de días', 'Estado', 'Descripción']
2026-07-21 13:39:16,296 - modules.consolidator - INFO - [Mantenimiento] DataFrame shape before mapping: (15, 11)
2026-07-21 13:39:16,296 - modules.consolidator - INFO - [Mantenimiento] DataFrame columns: ['ID_Proyecto', 'Cliente', 'Descripcion', 'Fecha_Inicio', 'Fecha_Entrega', 'Estado', 'Responsable', 'Fecha último estado', 'Diferencia de días', 'Estado', 'Descripción']
2026-07-21 13:39:16,296 - modules.consolidator - INFO - [Mantenimiento] Detected Excel format (11 columns), applying mapping...
2026-07-21 13:39:16,296 - modules.consolidator - INFO - Starting Excel column mapping for 15 rows
2026-07-21 13:39:16,296 - modules.consolidator - INFO - Input columns: ['ID_Proyecto', 'Cliente', 'Descripcion', 'Fecha_Inicio', 'Fecha_Entrega', 'Estado', 'Responsable', 'Fecha último estado', 'Diferencia de días', 'Estado', 'Descripción']
2026-07-21 13:39:16,297 - modules.consolidator - INFO - Mapped columns by position: ['ID_Proyecto', 'Cliente', 'Responsable', 'Fecha_Inicio', 'Fecha_Entrega', 'Fecha último estado', 'Estado', 'Descripcion']
2026-07-21 13:39:16,298 - modules.consolidator - INFO - Mapped 15 rows from Excel format to standard format
2026-07-21 13:39:16,298 - modules.consolidator - INFO - Output columns: ['ID_Proyecto', 'Cliente', 'Descripcion', 'Fecha_Inicio', 'Fecha_Entrega', 'Estado', 'Responsable']
2026-07-21 13:39:16,298 - modules.consolidator - INFO - [Mantenimiento] DataFrame columns after mapping: ['ID_Proyecto', 'Cliente', 'Descripcion', 'Fecha_Inicio', 'Fecha_Entrega', 'Estado', 'Responsable']
2026-07-21 13:39:16,299 - modules.consolidator - INFO - Prepared 15 rows from Mantenimiento
2026-07-21 13:39:16,299 - modules.consolidator - INFO - Consolidated 49 total projects from all departments
2026-07-21 13:39:16,300 - modules.consolidator - INFO - Data validation: FAILED (1 errors)
2026-07-21 13:39:16,300 - __main__ - WARNING - Data validation issues: ['Invalid states found: En elaboración, Aprobado, En revisión, ']
2026-07-21 13:39:16,302 - modules.consolidator - INFO - Converted 49 rows to sheet format
2026-07-21 13:39:16,540 - modules.sheets_manager - INFO - Sheet names for 1yHvzhJCsfi1UZ_XtxOnesgaMakNtsNjvkIMP2gaYDgw: ['Cronograma_Maestro']
2026-07-21 13:39:16,820 - modules.sheets_manager - INFO - Data cleared from 1yHvzhJCsfi1UZ_XtxOnesgaMakNtsNjvkIMP2gaYDgw: Cronograma_Maestro!A2:H
2026-07-21 13:39:17,094 - modules.sheets_manager - INFO - Data written to 1yHvzhJCsfi1UZ_XtxOnesgaMakNtsNjvkIMP2gaYDgw: Cronograma_Maestro!A1 (50 rows)
2026-07-21 13:39:17,094 - __main__ - INFO - Consolidated 49 projects to master schedule
2026-07-21 13:39:17,100 - modules.consolidator - INFO - Generated summaries for 3 departments
2026-07-21 13:39:17,100 - __main__ - INFO - Ingenieria: {'departamento': 'Ingenieria', 'total_proyectos': 19, 'pendiente': 0, 'en_progreso': 0, 'completado': 0, 'retrasado': 0}
2026-07-21 13:39:17,100 - __main__ - INFO - Obras: {'departamento': 'Obras', 'total_proyectos': 15, 'pendiente': 0, 'en_progreso': 0, 'completado': 0, 'retrasado': 0}
2026-07-21 13:39:17,100 - __main__ - INFO - Mantenimiento: {'departamento': 'Mantenimiento', 'total_proyectos': 15, 'pendiente': 0, 'en_progreso': 0, 'completado': 0, 'retrasado': 0}
2026-07-21 13:39:17,100 - __main__ - INFO - 
2026-07-21 13:39:17,100 - __main__ - INFO - ======================================================================
2026-07-21 13:39:17,100 - __main__ - INFO - STEP 4: Evaluating alerts
2026-07-21 13:39:17,100 - __main__ - INFO - ======================================================================
2026-07-21 13:39:17,102 - modules.scheduler - ERROR - Invalid date format: 2026-06-20 0:00:00. Expected DD/MM/YYYY
2026-07-21 13:39:17,102 - modules.scheduler - ERROR - Error calculating days remaining: Invalid date format: 2026-06-20 0:00:00. Expected DD/MM/YYYY
2026-07-21 13:39:17,102 - modules.scheduler - ERROR - Invalid date format: 2026-06-10 0:00:00. Expected DD/MM/YYYY
2026-07-21 13:39:17,102 - modules.scheduler - ERROR - Error calculating days remaining: Invalid date format: 2026-06-10 0:00:00. Expected DD/MM/YYYY
2026-07-21 13:39:17,102 - modules.scheduler - ERROR - Invalid date format: 2026-07-01 0:00:00. Expected DD/MM/YYYY
2026-07-21 13:39:17,102 - modules.scheduler - ERROR - Error calculating days remaining: Invalid date format: 2026-07-01 0:00:00. Expected DD/MM/YYYY
2026-07-21 13:39:17,102 - modules.scheduler - ERROR - Invalid date format: 2026-05-05 0:00:00. Expected DD/MM/YYYY
2026-07-21 13:39:17,102 - modules.scheduler - ERROR - Error calculating days remaining: Invalid date format: 2026-05-05 0:00:00. Expected DD/MM/YYYY
2026-07-21 13:39:17,102 - modules.scheduler - ERROR - Invalid date format: 2026-07-08 0:00:00. Expected DD/MM/YYYY
2026-07-21 13:39:17,102 - modules.scheduler - ERROR - Error calculating days remaining: Invalid date format: 2026-07-08 0:00:00. Expected DD/MM/YYYY
2026-07-21 13:39:17,102 - modules.scheduler - ERROR - Invalid date format: 2026-06-01 0:00:00. Expected DD/MM/YYYY
2026-07-21 13:39:17,103 - modules.scheduler - ERROR - Error calculating days remaining: Invalid date format: 2026-06-01 0:00:00. Expected DD/MM/YYYY
2026-07-21 13:39:17,103 - modules.scheduler - ERROR - Invalid date format: 2026-07-05 0:00:00. Expected DD/MM/YYYY
2026-07-21 13:39:17,103 - modules.scheduler - ERROR - Error calculating days remaining: Invalid date format: 2026-07-05 0:00:00. Expected DD/MM/YYYY
2026-07-21 13:39:17,103 - modules.scheduler - ERROR - Invalid date format: 2026-07-21 0:00:00. Expected DD/MM/YYYY
2026-07-21 13:39:17,103 - modules.scheduler - ERROR - Error calculating days remaining: Invalid date format: 2026-07-21 0:00:00. Expected DD/MM/YYYY
2026-07-21 13:39:17,103 - modules.scheduler - ERROR - Invalid date format: 2026-06-22 0:00:00. Expected DD/MM/YYYY
2026-07-21 13:39:17,103 - modules.scheduler - ERROR - Error calculating days remaining: Invalid date format: 2026-06-22 0:00:00. Expected DD/MM/YYYY
2026-07-21 13:39:17,103 - modules.scheduler - ERROR - Invalid date format: 2026-06-10 0:00:00. Expected DD/MM/YYYY
2026-07-21 13:39:17,103 - modules.scheduler - ERROR - Error calculating days remaining: Invalid date format: 2026-06-10 0:00:00. Expected DD/MM/YYYY
2026-07-21 13:39:17,103 - modules.scheduler - ERROR - Invalid date format: 2026-07-01 0:00:00. Expected DD/MM/YYYY
2026-07-21 13:39:17,103 - modules.scheduler - ERROR - Error calculating days remaining: Invalid date format: 2026-07-01 0:00:00. Expected DD/MM/YYYY
2026-07-21 13:39:17,103 - modules.scheduler - ERROR - Invalid date format: 2026-05-25 0:00:00. Expected DD/MM/YYYY
2026-07-21 13:39:17,103 - modules.scheduler - ERROR - Error calculating days remaining: Invalid date format: 2026-05-25 0:00:00. Expected DD/MM/YYYY
2026-07-21 13:39:17,103 - modules.scheduler - ERROR - Invalid date format: 2026-07-10 0:00:00. Expected DD/MM/YYYY
2026-07-21 13:39:17,104 - modules.scheduler - ERROR - Error calculating days remaining: Invalid date format: 2026-07-10 0:00:00. Expected DD/MM/YYYY
2026-07-21 13:39:17,104 - modules.scheduler - ERROR - Invalid date format: 2026-06-05 0:00:00. Expected DD/MM/YYYY
2026-07-21 13:39:17,104 - modules.scheduler - ERROR - Error calculating days remaining: Invalid date format: 2026-06-05 0:00:00. Expected DD/MM/YYYY
2026-07-21 13:39:17,104 - modules.scheduler - ERROR - Invalid date format: 2026-07-01 0:00:00. Expected DD/MM/YYYY
2026-07-21 13:39:17,104 - modules.scheduler - ERROR - Error calculating days remaining: Invalid date format: 2026-07-01 0:00:00. Expected DD/MM/YYYY
2026-07-21 13:39:17,104 - modules.scheduler - ERROR - Invalid date format: 2026-06-25 0:00:00. Expected DD/MM/YYYY
2026-07-21 13:39:17,104 - modules.scheduler - ERROR - Error calculating days remaining: Invalid date format: 2026-06-25 0:00:00. Expected DD/MM/YYYY
2026-07-21 13:39:17,104 - modules.scheduler - ERROR - Invalid date format: 2026-06-15 0:00:00. Expected DD/MM/YYYY
2026-07-21 13:39:17,104 - modules.scheduler - ERROR - Error calculating days remaining: Invalid date format: 2026-06-15 0:00:00. Expected DD/MM/YYYY
2026-07-21 13:39:17,104 - modules.scheduler - ERROR - Invalid date format: 2026-07-01 0:00:00. Expected DD/MM/YYYY
2026-07-21 13:39:17,104 - modules.scheduler - ERROR - Error calculating days remaining: Invalid date format: 2026-07-01 0:00:00. Expected DD/MM/YYYY
2026-07-21 13:39:17,104 - modules.scheduler - ERROR - Invalid date format: 2026-05-10 0:00:00. Expected DD/MM/YYYY
2026-07-21 13:39:17,104 - modules.scheduler - ERROR - Error calculating days remaining: Invalid date format: 2026-05-10 0:00:00. Expected DD/MM/YYYY
2026-07-21 13:39:17,104 - modules.scheduler - ERROR - Invalid date format: 2026-07-05 0:00:00. Expected DD/MM/YYYY
2026-07-21 13:39:17,104 - modules.scheduler - ERROR - Error calculating days remaining: Invalid date format: 2026-07-05 0:00:00. Expected DD/MM/YYYY
2026-07-21 13:39:17,104 - modules.scheduler - ERROR - Invalid date format: 2026-06-01 0:00:00. Expected DD/MM/YYYY
2026-07-21 13:39:17,104 - modules.scheduler - ERROR - Error calculating days remaining: Invalid date format: 2026-06-01 0:00:00. Expected DD/MM/YYYY
2026-07-21 13:39:17,104 - modules.scheduler - ERROR - Invalid date format: 2026-07-08 0:00:00. Expected DD/MM/YYYY
2026-07-21 13:39:17,105 - modules.scheduler - ERROR - Error calculating days remaining: Invalid date format: 2026-07-08 0:00:00. Expected DD/MM/YYYY
2026-07-21 13:39:17,105 - modules.scheduler - ERROR - Invalid date format: 2026-06-20 0:00:00. Expected DD/MM/YYYY
2026-07-21 13:39:17,105 - modules.scheduler - ERROR - Error calculating days remaining: Invalid date format: 2026-06-20 0:00:00. Expected DD/MM/YYYY
2026-07-21 13:39:17,105 - modules.scheduler - ERROR - Invalid date format: 2026-06-10 0:00:00. Expected DD/MM/YYYY
2026-07-21 13:39:17,105 - modules.scheduler - ERROR - Error calculating days remaining: Invalid date format: 2026-06-10 0:00:00. Expected DD/MM/YYYY
2026-07-21 13:39:17,105 - modules.scheduler - ERROR - Invalid date format: 2026-07-01 0:00:00. Expected DD/MM/YYYY
2026-07-21 13:39:17,105 - modules.scheduler - ERROR - Error calculating days remaining: Invalid date format: 2026-07-01 0:00:00. Expected DD/MM/YYYY
2026-07-21 13:39:17,105 - modules.scheduler - ERROR - Invalid date format: 2026-05-05 0:00:00. Expected DD/MM/YYYY
2026-07-21 13:39:17,105 - modules.scheduler - ERROR - Error calculating days remaining: Invalid date format: 2026-05-05 0:00:00. Expected DD/MM/YYYY
2026-07-21 13:39:17,105 - modules.scheduler - ERROR - Invalid date format: 2026-07-08 0:00:00. Expected DD/MM/YYYY
2026-07-21 13:39:17,105 - modules.scheduler - ERROR - Error calculating days remaining: Invalid date format: 2026-07-08 0:00:00. Expected DD/MM/YYYY
2026-07-21 13:39:17,105 - modules.scheduler - ERROR - Invalid date format: 2026-06-01 0:00:00. Expected DD/MM/YYYY
2026-07-21 13:39:17,105 - modules.scheduler - ERROR - Error calculating days remaining: Invalid date format: 2026-06-01 0:00:00. Expected DD/MM/YYYY
2026-07-21 13:39:17,105 - modules.scheduler - ERROR - Invalid date format: 2026-07-05 0:00:00. Expected DD/MM/YYYY
2026-07-21 13:39:17,105 - modules.scheduler - ERROR - Error calculating days remaining: Invalid date format: 2026-07-05 0:00:00. Expected DD/MM/YYYY
2026-07-21 13:39:17,105 - modules.scheduler - ERROR - Invalid date format: 2026-07-21 0:00:00. Expected DD/MM/YYYY
2026-07-21 13:39:17,105 - modules.scheduler - ERROR - Error calculating days remaining: Invalid date format: 2026-07-21 0:00:00. Expected DD/MM/YYYY
2026-07-21 13:39:17,106 - modules.scheduler - ERROR - Invalid date format: 2026-06-22 0:00:00. Expected DD/MM/YYYY
2026-07-21 13:39:17,106 - modules.scheduler - ERROR - Error calculating days remaining: Invalid date format: 2026-06-22 0:00:00. Expected DD/MM/YYYY
2026-07-21 13:39:17,106 - modules.scheduler - ERROR - Invalid date format: 2026-06-10 0:00:00. Expected DD/MM/YYYY
2026-07-21 13:39:17,106 - modules.scheduler - ERROR - Error calculating days remaining: Invalid date format: 2026-06-10 0:00:00. Expected DD/MM/YYYY
2026-07-21 13:39:17,106 - modules.scheduler - ERROR - Invalid date format: 2026-07-01 0:00:00. Expected DD/MM/YYYY
2026-07-21 13:39:17,106 - modules.scheduler - ERROR - Error calculating days remaining: Invalid date format: 2026-07-01 0:00:00. Expected DD/MM/YYYY
2026-07-21 13:39:17,106 - modules.scheduler - ERROR - Invalid date format: 2026-05-25 0:00:00. Expected DD/MM/YYYY
2026-07-21 13:39:17,106 - modules.scheduler - ERROR - Error calculating days remaining: Invalid date format: 2026-05-25 0:00:00. Expected DD/MM/YYYY
2026-07-21 13:39:17,106 - modules.scheduler - ERROR - Invalid date format: 2026-07-10 0:00:00. Expected DD/MM/YYYY
2026-07-21 13:39:17,106 - modules.scheduler - ERROR - Error calculating days remaining: Invalid date format: 2026-07-10 0:00:00. Expected DD/MM/YYYY
2026-07-21 13:39:17,106 - modules.scheduler - ERROR - Invalid date format: 2026-06-05 0:00:00. Expected DD/MM/YYYY
2026-07-21 13:39:17,106 - modules.scheduler - ERROR - Error calculating days remaining: Invalid date format: 2026-06-05 0:00:00. Expected DD/MM/YYYY
2026-07-21 13:39:17,106 - modules.scheduler - ERROR - Invalid date format: 2026-07-01 0:00:00. Expected DD/MM/YYYY
2026-07-21 13:39:17,106 - modules.scheduler - ERROR - Error calculating days remaining: Invalid date format: 2026-07-01 0:00:00. Expected DD/MM/YYYY
2026-07-21 13:39:17,106 - modules.scheduler - ERROR - Invalid date format: 2026-06-25 0:00:00. Expected DD/MM/YYYY
2026-07-21 13:39:17,106 - modules.scheduler - ERROR - Error calculating days remaining: Invalid date format: 2026-06-25 0:00:00. Expected DD/MM/YYYY
2026-07-21 13:39:17,106 - modules.scheduler - ERROR - Invalid date format: 2026-06-15 0:00:00. Expected DD/MM/YYYY
2026-07-21 13:39:17,106 - modules.scheduler - ERROR - Error calculating days remaining: Invalid date format: 2026-06-15 0:00:00. Expected DD/MM/YYYY
2026-07-21 13:39:17,106 - modules.scheduler - ERROR - Invalid date format: 2026-07-01 0:00:00. Expected DD/MM/YYYY
2026-07-21 13:39:17,107 - modules.scheduler - ERROR - Error calculating days remaining: Invalid date format: 2026-07-01 0:00:00. Expected DD/MM/YYYY
2026-07-21 13:39:17,107 - modules.scheduler - ERROR - Invalid date format: 2026-05-10 0:00:00. Expected DD/MM/YYYY
2026-07-21 13:39:17,107 - modules.scheduler - ERROR - Error calculating days remaining: Invalid date format: 2026-05-10 0:00:00. Expected DD/MM/YYYY
2026-07-21 13:39:17,107 - modules.scheduler - ERROR - Invalid date format: 2026-07-05 0:00:00. Expected DD/MM/YYYY
2026-07-21 13:39:17,107 - modules.scheduler - ERROR - Error calculating days remaining: Invalid date format: 2026-07-05 0:00:00. Expected DD/MM/YYYY
2026-07-21 13:39:17,107 - modules.scheduler - ERROR - Invalid date format: 2026-06-01 0:00:00. Expected DD/MM/YYYY
2026-07-21 13:39:17,107 - modules.scheduler - ERROR - Error calculating days remaining: Invalid date format: 2026-06-01 0:00:00. Expected DD/MM/YYYY
2026-07-21 13:39:17,107 - modules.scheduler - ERROR - Invalid date format: 2026-07-08 0:00:00. Expected DD/MM/YYYY
2026-07-21 13:39:17,107 - modules.scheduler - ERROR - Error calculating days remaining: Invalid date format: 2026-07-08 0:00:00. Expected DD/MM/YYYY
2026-07-21 13:39:17,107 - modules.scheduler - INFO - Alert evaluation complete: 0 overdue, 0 approaching
2026-07-21 13:39:17,107 - modules.notifier - INFO - Logged 0/0 alerts
2026-07-21 13:39:17,107 - modules.notifier - INFO - Logged 0/0 alerts
2026-07-21 13:39:17,107 - __main__ - INFO - Total alerts logged: 0
2026-07-21 13:39:17,107 - __main__ - INFO - ============================================================
RESUMEN DE ALERTAS - 21/07/2026 13:39
============================================================

PROYECTOS VENCIDOS: 0
PLAZOS PRÓXIMOS (próximos 3 días): 0
============================================================
2026-07-21 13:39:17,107 - alerts - INFO - 
======================================================================
RESUMEN DE EJECUCIÓN - 21/07/2026 13:39:17
======================================================================
Status: SUCCESS
Root Folder: 1dMu2WeU3bbzqPEFEAoNySonP1eKTC71u
Departments: 3
Master Schedule: 1yHvzhJCsfi1UZ_XtxOnesgaMakNtsNjvkIMP2gaYDgw
======================================================================

2026-07-21 13:39:17,107 - __main__ - INFO - 
2026-07-21 13:39:17,107 - __main__ - INFO - ✓ Execution completed successfully
2026-07-21 13:39:25,006 - __main__ - INFO - 
2026-07-21 13:39:25,006 - __main__ - INFO - ╔====================================================================╗
2026-07-21 13:39:25,007 - __main__ - INFO - ║              PROJECT SCHEDULER - FULL EXECUTION CYCLE              ║
2026-07-21 13:39:25,007 - __main__ - INFO - ╚====================================================================╝
2026-07-21 13:39:25,007 - __main__ - INFO - 
2026-07-21 13:39:25,007 - __main__ - INFO - ======================================================================
2026-07-21 13:39:25,007 - __main__ - INFO - STEP 1: Setting up folder structure
2026-07-21 13:39:25,007 - __main__ - INFO - ======================================================================
2026-07-21 13:39:25,428 - modules.drive_manager - INFO - Folder found: Proyectos_Empresa (ID: 1dMu2WeU3bbzqPEFEAoNySonP1eKTC71u)
2026-07-21 13:39:25,429 - __main__ - INFO - Root folder created with ID: 1dMu2WeU3bbzqPEFEAoNySonP1eKTC71u
2026-07-21 13:39:25,776 - modules.drive_manager - INFO - Folder found: Ingenieria (ID: 1Voz7pY4e1gXbiHrohg8kE7ORywmh9oPe)
2026-07-21 13:39:26,098 - modules.drive_manager - INFO - Folder found: Clientes (ID: 1-pW6dcCmpM7yr9pfNA895HVeLNA87AL9)
2026-07-21 13:39:26,098 - __main__ - INFO - Ingenieria department folder: 1Voz7pY4e1gXbiHrohg8kE7ORywmh9oPe
2026-07-21 13:39:26,098 - __main__ - INFO - Ingenieria clients folder: 1-pW6dcCmpM7yr9pfNA895HVeLNA87AL9
2026-07-21 13:39:26,397 - modules.drive_manager - INFO - Folder found: Obras (ID: 1pxkkVZK_9XrhMBlKJfgvwYdjrPASagkY)
2026-07-21 13:39:26,704 - modules.drive_manager - INFO - Folder found: Clientes (ID: 17GspBkoAYHSJUIaC7663vAIB8bz495ID)
2026-07-21 13:39:26,704 - __main__ - INFO - Obras department folder: 1pxkkVZK_9XrhMBlKJfgvwYdjrPASagkY
2026-07-21 13:39:26,704 - __main__ - INFO - Obras clients folder: 17GspBkoAYHSJUIaC7663vAIB8bz495ID
2026-07-21 13:39:26,986 - modules.drive_manager - INFO - Folder found: Mantenimiento (ID: 15Ykg8P5i8lHto5TSl2_mCnwuz6u0Vj7f)
2026-07-21 13:39:27,311 - modules.drive_manager - INFO - Folder found: Clientes (ID: 1rIzjgwvLwRIaRc-qbJi4Uubu2DeBpkK_)
2026-07-21 13:39:27,311 - __main__ - INFO - Mantenimiento department folder: 15Ykg8P5i8lHto5TSl2_mCnwuz6u0Vj7f
2026-07-21 13:39:27,311 - __main__ - INFO - Mantenimiento clients folder: 1rIzjgwvLwRIaRc-qbJi4Uubu2DeBpkK_
2026-07-21 13:39:27,311 - __main__ - INFO - 
2026-07-21 13:39:27,311 - __main__ - INFO - ======================================================================
2026-07-21 13:39:27,311 - __main__ - INFO - STEP 2: Setting up spreadsheets
2026-07-21 13:39:27,311 - __main__ - INFO - ======================================================================
2026-07-21 13:39:27,766 - modules.sheets_manager - INFO - Spreadsheet found: Cronograma_Ingenieria (ID: 1c9kxSxwPG3huAebtoMKoopB8Zprzcm5ncFwcq4ipl3w)
2026-07-21 13:39:28,057 - modules.sheets_manager - INFO - Sheet names for 1c9kxSxwPG3huAebtoMKoopB8Zprzcm5ncFwcq4ipl3w: ['Ingenieria']
2026-07-21 13:39:28,057 - modules.sheets_manager - INFO - Sheet 'Ingenieria' already exists
2026-07-21 13:39:28,332 - modules.sheets_manager - INFO - Data written to 1c9kxSxwPG3huAebtoMKoopB8Zprzcm5ncFwcq4ipl3w: Ingenieria!A1 (1 rows)
2026-07-21 13:39:28,332 - __main__ - INFO - Headers created for Ingenieria
2026-07-21 13:39:28,332 - __main__ - INFO - Spreadsheet for Ingenieria: 1c9kxSxwPG3huAebtoMKoopB8Zprzcm5ncFwcq4ipl3w
2026-07-21 13:39:28,755 - modules.sheets_manager - INFO - Spreadsheet found: Cronograma_Obras (ID: 1K4yNUOomuBCgRDt8kY_r7nhKq8J0FZ-iPtxviluFhoA)
2026-07-21 13:39:29,024 - modules.sheets_manager - INFO - Sheet names for 1K4yNUOomuBCgRDt8kY_r7nhKq8J0FZ-iPtxviluFhoA: ['Obras']
2026-07-21 13:39:29,025 - modules.sheets_manager - INFO - Sheet 'Obras' already exists
2026-07-21 13:39:29,349 - modules.sheets_manager - INFO - Data written to 1K4yNUOomuBCgRDt8kY_r7nhKq8J0FZ-iPtxviluFhoA: Obras!A1 (1 rows)
2026-07-21 13:39:29,350 - __main__ - INFO - Headers created for Obras
2026-07-21 13:39:29,350 - __main__ - INFO - Spreadsheet for Obras: 1K4yNUOomuBCgRDt8kY_r7nhKq8J0FZ-iPtxviluFhoA
2026-07-21 13:39:29,764 - modules.sheets_manager - INFO - Spreadsheet found: Cronograma_Mantenimiento (ID: 1NmI8DwyPCNe8HsnDBlIu__FL_Peff2N-UYQ946SuBBA)
2026-07-21 13:39:30,050 - modules.sheets_manager - INFO - Sheet names for 1NmI8DwyPCNe8HsnDBlIu__FL_Peff2N-UYQ946SuBBA: ['Mantenimiento']
2026-07-21 13:39:30,050 - modules.sheets_manager - INFO - Sheet 'Mantenimiento' already exists
2026-07-21 13:39:30,358 - modules.sheets_manager - INFO - Data written to 1NmI8DwyPCNe8HsnDBlIu__FL_Peff2N-UYQ946SuBBA: Mantenimiento!A1 (1 rows)
2026-07-21 13:39:30,359 - __main__ - INFO - Headers created for Mantenimiento
2026-07-21 13:39:30,359 - __main__ - INFO - Spreadsheet for Mantenimiento: 1NmI8DwyPCNe8HsnDBlIu__FL_Peff2N-UYQ946SuBBA
2026-07-21 13:39:30,758 - modules.sheets_manager - INFO - Spreadsheet found: Cronograma_Maestro (ID: 1yHvzhJCsfi1UZ_XtxOnesgaMakNtsNjvkIMP2gaYDgw)
2026-07-21 13:39:31,031 - modules.sheets_manager - INFO - Sheet names for 1yHvzhJCsfi1UZ_XtxOnesgaMakNtsNjvkIMP2gaYDgw: ['Cronograma_Maestro']
2026-07-21 13:39:31,031 - modules.sheets_manager - INFO - Sheet 'Cronograma_Maestro' already exists
2026-07-21 13:39:31,310 - modules.sheets_manager - INFO - Data written to 1yHvzhJCsfi1UZ_XtxOnesgaMakNtsNjvkIMP2gaYDgw: Cronograma_Maestro!A1 (1 rows)
2026-07-21 13:39:31,310 - __main__ - INFO - Headers created for master schedule
2026-07-21 13:39:31,310 - __main__ - INFO - Master schedule spreadsheet: 1yHvzhJCsfi1UZ_XtxOnesgaMakNtsNjvkIMP2gaYDgw
2026-07-21 13:39:31,310 - __main__ - INFO - 
2026-07-21 13:39:31,310 - __main__ - INFO - ======================================================================
2026-07-21 13:39:31,310 - __main__ - INFO - STEP 3: Consolidating schedules
2026-07-21 13:39:31,310 - __main__ - INFO - ======================================================================
2026-07-21 13:39:31,546 - modules.sheets_manager - INFO - Sheet names for 1c9kxSxwPG3huAebtoMKoopB8Zprzcm5ncFwcq4ipl3w: ['Ingenieria']
2026-07-21 13:39:31,853 - modules.sheets_manager - INFO - Data read from 1c9kxSxwPG3huAebtoMKoopB8Zprzcm5ncFwcq4ipl3w: Ingenieria!A:K (20 rows)
2026-07-21 13:39:31,853 - __main__ - INFO - Read 20 rows from Ingenieria
2026-07-21 13:39:32,158 - modules.sheets_manager - INFO - Sheet names for 1K4yNUOomuBCgRDt8kY_r7nhKq8J0FZ-iPtxviluFhoA: ['Obras']
2026-07-21 13:39:32,506 - modules.sheets_manager - INFO - Data read from 1K4yNUOomuBCgRDt8kY_r7nhKq8J0FZ-iPtxviluFhoA: Obras!A:K (16 rows)
2026-07-21 13:39:32,506 - __main__ - INFO - Read 16 rows from Obras
2026-07-21 13:39:32,838 - modules.sheets_manager - INFO - Sheet names for 1NmI8DwyPCNe8HsnDBlIu__FL_Peff2N-UYQ946SuBBA: ['Mantenimiento']
2026-07-21 13:39:33,184 - modules.sheets_manager - INFO - Data read from 1NmI8DwyPCNe8HsnDBlIu__FL_Peff2N-UYQ946SuBBA: Mantenimiento!A:K (16 rows)
2026-07-21 13:39:33,185 - __main__ - INFO - Read 16 rows from Mantenimiento
2026-07-21 13:39:33,185 - modules.consolidator - INFO - [Ingenieria] Row count: 19, Column count: 11
2026-07-21 13:39:33,185 - modules.consolidator - INFO - [Ingenieria] Actual headers from sheet: ['ID_Proyecto', 'Cliente', 'Descripcion', 'Fecha_Inicio', 'Fecha_Entrega', 'Estado', 'Responsable', 'Fecha último estado', 'Diferencia de días', 'Estado', 'Descripción']
2026-07-21 13:39:33,185 - modules.consolidator - INFO - [Ingenieria] DataFrame shape before mapping: (19, 11)
2026-07-21 13:39:33,185 - modules.consolidator - INFO - [Ingenieria] DataFrame columns: ['ID_Proyecto', 'Cliente', 'Descripcion', 'Fecha_Inicio', 'Fecha_Entrega', 'Estado', 'Responsable', 'Fecha último estado', 'Diferencia de días', 'Estado', 'Descripción']
2026-07-21 13:39:33,185 - modules.consolidator - INFO - [Ingenieria] Detected Excel format (11 columns), applying mapping...
2026-07-21 13:39:33,186 - modules.consolidator - INFO - Starting Excel column mapping for 19 rows
2026-07-21 13:39:33,186 - modules.consolidator - INFO - Input columns: ['ID_Proyecto', 'Cliente', 'Descripcion', 'Fecha_Inicio', 'Fecha_Entrega', 'Estado', 'Responsable', 'Fecha último estado', 'Diferencia de días', 'Estado', 'Descripción']
2026-07-21 13:39:33,187 - modules.consolidator - INFO - Mapped columns by position: ['ID_Proyecto', 'Cliente', 'Responsable', 'Fecha_Inicio', 'Fecha_Entrega', 'Fecha último estado', 'Estado', 'Descripcion']
2026-07-21 13:39:33,187 - modules.consolidator - INFO - Mapped 19 rows from Excel format to standard format
2026-07-21 13:39:33,188 - modules.consolidator - INFO - Output columns: ['ID_Proyecto', 'Cliente', 'Descripcion', 'Fecha_Inicio', 'Fecha_Entrega', 'Estado', 'Responsable']
2026-07-21 13:39:33,188 - modules.consolidator - INFO - [Ingenieria] DataFrame columns after mapping: ['ID_Proyecto', 'Cliente', 'Descripcion', 'Fecha_Inicio', 'Fecha_Entrega', 'Estado', 'Responsable']
2026-07-21 13:39:33,189 - modules.consolidator - INFO - Prepared 19 rows from Ingenieria
2026-07-21 13:39:33,189 - modules.consolidator - INFO - [Obras] Row count: 15, Column count: 11
2026-07-21 13:39:33,189 - modules.consolidator - INFO - [Obras] Actual headers from sheet: ['ID_Proyecto', 'Cliente', 'Descripcion', 'Fecha_Inicio', 'Fecha_Entrega', 'Estado', 'Responsable', 'Fecha último estado', 'Diferencia de días', 'Estado', 'Descripción']
2026-07-21 13:39:33,190 - modules.consolidator - INFO - [Obras] DataFrame shape before mapping: (15, 11)
2026-07-21 13:39:33,190 - modules.consolidator - INFO - [Obras] DataFrame columns: ['ID_Proyecto', 'Cliente', 'Descripcion', 'Fecha_Inicio', 'Fecha_Entrega', 'Estado', 'Responsable', 'Fecha último estado', 'Diferencia de días', 'Estado', 'Descripción']
2026-07-21 13:39:33,190 - modules.consolidator - INFO - [Obras] Detected Excel format (11 columns), applying mapping...
2026-07-21 13:39:33,190 - modules.consolidator - INFO - Starting Excel column mapping for 15 rows
2026-07-21 13:39:33,190 - modules.consolidator - INFO - Input columns: ['ID_Proyecto', 'Cliente', 'Descripcion', 'Fecha_Inicio', 'Fecha_Entrega', 'Estado', 'Responsable', 'Fecha último estado', 'Diferencia de días', 'Estado', 'Descripción']
2026-07-21 13:39:33,192 - modules.consolidator - INFO - Mapped columns by position: ['ID_Proyecto', 'Cliente', 'Responsable', 'Fecha_Inicio', 'Fecha_Entrega', 'Fecha último estado', 'Estado', 'Descripcion']
2026-07-21 13:39:33,192 - modules.consolidator - INFO - Mapped 15 rows from Excel format to standard format
2026-07-21 13:39:33,193 - modules.consolidator - INFO - Output columns: ['ID_Proyecto', 'Cliente', 'Descripcion', 'Fecha_Inicio', 'Fecha_Entrega', 'Estado', 'Responsable']
2026-07-21 13:39:33,193 - modules.consolidator - INFO - [Obras] DataFrame columns after mapping: ['ID_Proyecto', 'Cliente', 'Descripcion', 'Fecha_Inicio', 'Fecha_Entrega', 'Estado', 'Responsable']
2026-07-21 13:39:33,194 - modules.consolidator - INFO - Prepared 15 rows from Obras
2026-07-21 13:39:33,194 - modules.consolidator - INFO - [Mantenimiento] Row count: 15, Column count: 11
2026-07-21 13:39:33,194 - modules.consolidator - INFO - [Mantenimiento] Actual headers from sheet: ['ID_Proyecto', 'Cliente', 'Descripcion', 'Fecha_Inicio', 'Fecha_Entrega', 'Estado', 'Responsable', 'Fecha último estado', 'Diferencia de días', 'Estado', 'Descripción']
2026-07-21 13:39:33,195 - modules.consolidator - INFO - [Mantenimiento] DataFrame shape before mapping: (15, 11)
2026-07-21 13:39:33,195 - modules.consolidator - INFO - [Mantenimiento] DataFrame columns: ['ID_Proyecto', 'Cliente', 'Descripcion', 'Fecha_Inicio', 'Fecha_Entrega', 'Estado', 'Responsable', 'Fecha último estado', 'Diferencia de días', 'Estado', 'Descripción']
2026-07-21 13:39:33,195 - modules.consolidator - INFO - [Mantenimiento] Detected Excel format (11 columns), applying mapping...
2026-07-21 13:39:33,195 - modules.consolidator - INFO - Starting Excel column mapping for 15 rows
2026-07-21 13:39:33,195 - modules.consolidator - INFO - Input columns: ['ID_Proyecto', 'Cliente', 'Descripcion', 'Fecha_Inicio', 'Fecha_Entrega', 'Estado', 'Responsable', 'Fecha último estado', 'Diferencia de días', 'Estado', 'Descripción']
2026-07-21 13:39:33,196 - modules.consolidator - INFO - Mapped columns by position: ['ID_Proyecto', 'Cliente', 'Responsable', 'Fecha_Inicio', 'Fecha_Entrega', 'Fecha último estado', 'Estado', 'Descripcion']
2026-07-21 13:39:33,197 - modules.consolidator - INFO - Mapped 15 rows from Excel format to standard format
2026-07-21 13:39:33,197 - modules.consolidator - INFO - Output columns: ['ID_Proyecto', 'Cliente', 'Descripcion', 'Fecha_Inicio', 'Fecha_Entrega', 'Estado', 'Responsable']
2026-07-21 13:39:33,197 - modules.consolidator - INFO - [Mantenimiento] DataFrame columns after mapping: ['ID_Proyecto', 'Cliente', 'Descripcion', 'Fecha_Inicio', 'Fecha_Entrega', 'Estado', 'Responsable']
2026-07-21 13:39:33,198 - modules.consolidator - INFO - Prepared 15 rows from Mantenimiento
2026-07-21 13:39:33,199 - modules.consolidator - INFO - Consolidated 49 total projects from all departments
2026-07-21 13:39:33,200 - modules.consolidator - INFO - Data validation: FAILED (1 errors)
2026-07-21 13:39:33,200 - __main__ - WARNING - Data validation issues: ['Invalid states found: En elaboración, Aprobado, En revisión, ']
2026-07-21 13:39:33,203 - modules.consolidator - INFO - Converted 49 rows to sheet format
2026-07-21 13:39:33,453 - modules.sheets_manager - INFO - Sheet names for 1yHvzhJCsfi1UZ_XtxOnesgaMakNtsNjvkIMP2gaYDgw: ['Cronograma_Maestro']
2026-07-21 13:39:33,711 - modules.sheets_manager - INFO - Data cleared from 1yHvzhJCsfi1UZ_XtxOnesgaMakNtsNjvkIMP2gaYDgw: Cronograma_Maestro!A2:H
2026-07-21 13:39:33,977 - modules.sheets_manager - INFO - Data written to 1yHvzhJCsfi1UZ_XtxOnesgaMakNtsNjvkIMP2gaYDgw: Cronograma_Maestro!A1 (50 rows)
2026-07-21 13:39:33,977 - __main__ - INFO - Consolidated 49 projects to master schedule
2026-07-21 13:39:33,981 - modules.consolidator - INFO - Generated summaries for 3 departments
2026-07-21 13:39:33,982 - __main__ - INFO - Ingenieria: {'departamento': 'Ingenieria', 'total_proyectos': 19, 'pendiente': 0, 'en_progreso': 0, 'completado': 0, 'retrasado': 0}
2026-07-21 13:39:33,982 - __main__ - INFO - Obras: {'departamento': 'Obras', 'total_proyectos': 15, 'pendiente': 0, 'en_progreso': 0, 'completado': 0, 'retrasado': 0}
2026-07-21 13:39:33,982 - __main__ - INFO - Mantenimiento: {'departamento': 'Mantenimiento', 'total_proyectos': 15, 'pendiente': 0, 'en_progreso': 0, 'completado': 0, 'retrasado': 0}
2026-07-21 13:39:33,982 - __main__ - INFO - 
2026-07-21 13:39:33,982 - __main__ - INFO - ======================================================================
2026-07-21 13:39:33,982 - __main__ - INFO - STEP 4: Evaluating alerts
2026-07-21 13:39:33,982 - __main__ - INFO - ======================================================================
2026-07-21 13:39:33,983 - modules.scheduler - ERROR - Invalid date format: 2026-06-20 0:00:00. Expected DD/MM/YYYY
2026-07-21 13:39:33,983 - modules.scheduler - ERROR - Error calculating days remaining: Invalid date format: 2026-06-20 0:00:00. Expected DD/MM/YYYY
2026-07-21 13:39:33,983 - modules.scheduler - ERROR - Invalid date format: 2026-06-10 0:00:00. Expected DD/MM/YYYY
2026-07-21 13:39:33,983 - modules.scheduler - ERROR - Error calculating days remaining: Invalid date format: 2026-06-10 0:00:00. Expected DD/MM/YYYY
2026-07-21 13:39:33,983 - modules.scheduler - ERROR - Invalid date format: 2026-07-01 0:00:00. Expected DD/MM/YYYY
2026-07-21 13:39:33,983 - modules.scheduler - ERROR - Error calculating days remaining: Invalid date format: 2026-07-01 0:00:00. Expected DD/MM/YYYY
2026-07-21 13:39:33,983 - modules.scheduler - ERROR - Invalid date format: 2026-05-05 0:00:00. Expected DD/MM/YYYY
2026-07-21 13:39:33,983 - modules.scheduler - ERROR - Error calculating days remaining: Invalid date format: 2026-05-05 0:00:00. Expected DD/MM/YYYY
2026-07-21 13:39:33,983 - modules.scheduler - ERROR - Invalid date format: 2026-07-08 0:00:00. Expected DD/MM/YYYY
2026-07-21 13:39:33,983 - modules.scheduler - ERROR - Error calculating days remaining: Invalid date format: 2026-07-08 0:00:00. Expected DD/MM/YYYY
2026-07-21 13:39:33,983 - modules.scheduler - ERROR - Invalid date format: 2026-06-01 0:00:00. Expected DD/MM/YYYY
2026-07-21 13:39:33,983 - modules.scheduler - ERROR - Error calculating days remaining: Invalid date format: 2026-06-01 0:00:00. Expected DD/MM/YYYY
2026-07-21 13:39:33,983 - modules.scheduler - ERROR - Invalid date format: 2026-07-05 0:00:00. Expected DD/MM/YYYY
2026-07-21 13:39:33,983 - modules.scheduler - ERROR - Error calculating days remaining: Invalid date format: 2026-07-05 0:00:00. Expected DD/MM/YYYY
2026-07-21 13:39:33,983 - modules.scheduler - ERROR - Invalid date format: 2026-07-21 0:00:00. Expected DD/MM/YYYY
2026-07-21 13:39:33,983 - modules.scheduler - ERROR - Error calculating days remaining: Invalid date format: 2026-07-21 0:00:00. Expected DD/MM/YYYY
2026-07-21 13:39:33,984 - modules.scheduler - ERROR - Invalid date format: 2026-06-22 0:00:00. Expected DD/MM/YYYY
2026-07-21 13:39:33,984 - modules.scheduler - ERROR - Error calculating days remaining: Invalid date format: 2026-06-22 0:00:00. Expected DD/MM/YYYY
2026-07-21 13:39:33,984 - modules.scheduler - ERROR - Invalid date format: 2026-06-10 0:00:00. Expected DD/MM/YYYY
2026-07-21 13:39:33,984 - modules.scheduler - ERROR - Error calculating days remaining: Invalid date format: 2026-06-10 0:00:00. Expected DD/MM/YYYY
2026-07-21 13:39:33,984 - modules.scheduler - ERROR - Invalid date format: 2026-07-01 0:00:00. Expected DD/MM/YYYY
2026-07-21 13:39:33,984 - modules.scheduler - ERROR - Error calculating days remaining: Invalid date format: 2026-07-01 0:00:00. Expected DD/MM/YYYY
2026-07-21 13:39:33,984 - modules.scheduler - ERROR - Invalid date format: 2026-05-25 0:00:00. Expected DD/MM/YYYY
2026-07-21 13:39:33,984 - modules.scheduler - ERROR - Error calculating days remaining: Invalid date format: 2026-05-25 0:00:00. Expected DD/MM/YYYY
2026-07-21 13:39:33,984 - modules.scheduler - ERROR - Invalid date format: 2026-07-10 0:00:00. Expected DD/MM/YYYY
2026-07-21 13:39:33,984 - modules.scheduler - ERROR - Error calculating days remaining: Invalid date format: 2026-07-10 0:00:00. Expected DD/MM/YYYY
2026-07-21 13:39:33,984 - modules.scheduler - ERROR - Invalid date format: 2026-06-05 0:00:00. Expected DD/MM/YYYY
2026-07-21 13:39:33,984 - modules.scheduler - ERROR - Error calculating days remaining: Invalid date format: 2026-06-05 0:00:00. Expected DD/MM/YYYY
2026-07-21 13:39:33,984 - modules.scheduler - ERROR - Invalid date format: 2026-07-01 0:00:00. Expected DD/MM/YYYY
2026-07-21 13:39:33,984 - modules.scheduler - ERROR - Error calculating days remaining: Invalid date format: 2026-07-01 0:00:00. Expected DD/MM/YYYY
2026-07-21 13:39:33,984 - modules.scheduler - ERROR - Invalid date format: 2026-06-25 0:00:00. Expected DD/MM/YYYY
2026-07-21 13:39:33,984 - modules.scheduler - ERROR - Error calculating days remaining: Invalid date format: 2026-06-25 0:00:00. Expected DD/MM/YYYY
2026-07-21 13:39:33,984 - modules.scheduler - ERROR - Invalid date format: 2026-06-15 0:00:00. Expected DD/MM/YYYY
2026-07-21 13:39:33,984 - modules.scheduler - ERROR - Error calculating days remaining: Invalid date format: 2026-06-15 0:00:00. Expected DD/MM/YYYY
2026-07-21 13:39:33,984 - modules.scheduler - ERROR - Invalid date format: 2026-07-01 0:00:00. Expected DD/MM/YYYY
2026-07-21 13:39:33,984 - modules.scheduler - ERROR - Error calculating days remaining: Invalid date format: 2026-07-01 0:00:00. Expected DD/MM/YYYY
2026-07-21 13:39:33,984 - modules.scheduler - ERROR - Invalid date format: 2026-05-10 0:00:00. Expected DD/MM/YYYY
2026-07-21 13:39:33,984 - modules.scheduler - ERROR - Error calculating days remaining: Invalid date format: 2026-05-10 0:00:00. Expected DD/MM/YYYY
2026-07-21 13:39:33,985 - modules.scheduler - ERROR - Invalid date format: 2026-07-05 0:00:00. Expected DD/MM/YYYY
2026-07-21 13:39:33,985 - modules.scheduler - ERROR - Error calculating days remaining: Invalid date format: 2026-07-05 0:00:00. Expected DD/MM/YYYY
2026-07-21 13:39:33,985 - modules.scheduler - ERROR - Invalid date format: 2026-06-01 0:00:00. Expected DD/MM/YYYY
2026-07-21 13:39:33,985 - modules.scheduler - ERROR - Error calculating days remaining: Invalid date format: 2026-06-01 0:00:00. Expected DD/MM/YYYY
2026-07-21 13:39:33,985 - modules.scheduler - ERROR - Invalid date format: 2026-07-08 0:00:00. Expected DD/MM/YYYY
2026-07-21 13:39:33,985 - modules.scheduler - ERROR - Error calculating days remaining: Invalid date format: 2026-07-08 0:00:00. Expected DD/MM/YYYY
2026-07-21 13:39:33,985 - modules.scheduler - ERROR - Invalid date format: 2026-06-20 0:00:00. Expected DD/MM/YYYY
2026-07-21 13:39:33,985 - modules.scheduler - ERROR - Error calculating days remaining: Invalid date format: 2026-06-20 0:00:00. Expected DD/MM/YYYY
2026-07-21 13:39:33,985 - modules.scheduler - ERROR - Invalid date format: 2026-06-10 0:00:00. Expected DD/MM/YYYY
2026-07-21 13:39:33,985 - modules.scheduler - ERROR - Error calculating days remaining: Invalid date format: 2026-06-10 0:00:00. Expected DD/MM/YYYY
2026-07-21 13:39:33,985 - modules.scheduler - ERROR - Invalid date format: 2026-07-01 0:00:00. Expected DD/MM/YYYY
2026-07-21 13:39:33,985 - modules.scheduler - ERROR - Error calculating days remaining: Invalid date format: 2026-07-01 0:00:00. Expected DD/MM/YYYY
2026-07-21 13:39:33,985 - modules.scheduler - ERROR - Invalid date format: 2026-05-05 0:00:00. Expected DD/MM/YYYY
2026-07-21 13:39:33,985 - modules.scheduler - ERROR - Error calculating days remaining: Invalid date format: 2026-05-05 0:00:00. Expected DD/MM/YYYY
2026-07-21 13:39:33,985 - modules.scheduler - ERROR - Invalid date format: 2026-07-08 0:00:00. Expected DD/MM/YYYY
2026-07-21 13:39:33,985 - modules.scheduler - ERROR - Error calculating days remaining: Invalid date format: 2026-07-08 0:00:00. Expected DD/MM/YYYY
2026-07-21 13:39:33,985 - modules.scheduler - ERROR - Invalid date format: 2026-06-01 0:00:00. Expected DD/MM/YYYY
2026-07-21 13:39:33,985 - modules.scheduler - ERROR - Error calculating days remaining: Invalid date format: 2026-06-01 0:00:00. Expected DD/MM/YYYY
2026-07-21 13:39:33,985 - modules.scheduler - ERROR - Invalid date format: 2026-07-05 0:00:00. Expected DD/MM/YYYY
2026-07-21 13:39:33,985 - modules.scheduler - ERROR - Error calculating days remaining: Invalid date format: 2026-07-05 0:00:00. Expected DD/MM/YYYY
2026-07-21 13:39:33,985 - modules.scheduler - ERROR - Invalid date format: 2026-07-21 0:00:00. Expected DD/MM/YYYY
2026-07-21 13:39:33,986 - modules.scheduler - ERROR - Error calculating days remaining: Invalid date format: 2026-07-21 0:00:00. Expected DD/MM/YYYY
2026-07-21 13:39:33,986 - modules.scheduler - ERROR - Invalid date format: 2026-06-22 0:00:00. Expected DD/MM/YYYY
2026-07-21 13:39:33,986 - modules.scheduler - ERROR - Error calculating days remaining: Invalid date format: 2026-06-22 0:00:00. Expected DD/MM/YYYY
2026-07-21 13:39:33,986 - modules.scheduler - ERROR - Invalid date format: 2026-06-10 0:00:00. Expected DD/MM/YYYY
2026-07-21 13:39:33,986 - modules.scheduler - ERROR - Error calculating days remaining: Invalid date format: 2026-06-10 0:00:00. Expected DD/MM/YYYY
2026-07-21 13:39:33,986 - modules.scheduler - ERROR - Invalid date format: 2026-07-01 0:00:00. Expected DD/MM/YYYY
2026-07-21 13:39:33,986 - modules.scheduler - ERROR - Error calculating days remaining: Invalid date format: 2026-07-01 0:00:00. Expected DD/MM/YYYY
2026-07-21 13:39:33,986 - modules.scheduler - ERROR - Invalid date format: 2026-05-25 0:00:00. Expected DD/MM/YYYY
2026-07-21 13:39:33,986 - modules.scheduler - ERROR - Error calculating days remaining: Invalid date format: 2026-05-25 0:00:00. Expected DD/MM/YYYY
2026-07-21 13:39:33,986 - modules.scheduler - ERROR - Invalid date format: 2026-07-10 0:00:00. Expected DD/MM/YYYY
2026-07-21 13:39:33,986 - modules.scheduler - ERROR - Error calculating days remaining: Invalid date format: 2026-07-10 0:00:00. Expected DD/MM/YYYY
2026-07-21 13:39:33,986 - modules.scheduler - ERROR - Invalid date format: 2026-06-05 0:00:00. Expected DD/MM/YYYY
2026-07-21 13:39:33,986 - modules.scheduler - ERROR - Error calculating days remaining: Invalid date format: 2026-06-05 0:00:00. Expected DD/MM/YYYY
2026-07-21 13:39:33,986 - modules.scheduler - ERROR - Invalid date format: 2026-07-01 0:00:00. Expected DD/MM/YYYY
2026-07-21 13:39:33,986 - modules.scheduler - ERROR - Error calculating days remaining: Invalid date format: 2026-07-01 0:00:00. Expected DD/MM/YYYY
2026-07-21 13:39:33,986 - modules.scheduler - ERROR - Invalid date format: 2026-06-25 0:00:00. Expected DD/MM/YYYY
2026-07-21 13:39:33,986 - modules.scheduler - ERROR - Error calculating days remaining: Invalid date format: 2026-06-25 0:00:00. Expected DD/MM/YYYY
2026-07-21 13:39:33,986 - modules.scheduler - ERROR - Invalid date format: 2026-06-15 0:00:00. Expected DD/MM/YYYY
2026-07-21 13:39:33,986 - modules.scheduler - ERROR - Error calculating days remaining: Invalid date format: 2026-06-15 0:00:00. Expected DD/MM/YYYY
2026-07-21 13:39:33,986 - modules.scheduler - ERROR - Invalid date format: 2026-07-01 0:00:00. Expected DD/MM/YYYY
2026-07-21 13:39:33,986 - modules.scheduler - ERROR - Error calculating days remaining: Invalid date format: 2026-07-01 0:00:00. Expected DD/MM/YYYY
2026-07-21 13:39:33,987 - modules.scheduler - ERROR - Invalid date format: 2026-05-10 0:00:00. Expected DD/MM/YYYY
2026-07-21 13:39:33,987 - modules.scheduler - ERROR - Error calculating days remaining: Invalid date format: 2026-05-10 0:00:00. Expected DD/MM/YYYY
2026-07-21 13:39:33,987 - modules.scheduler - ERROR - Invalid date format: 2026-07-05 0:00:00. Expected DD/MM/YYYY
2026-07-21 13:39:33,987 - modules.scheduler - ERROR - Error calculating days remaining: Invalid date format: 2026-07-05 0:00:00. Expected DD/MM/YYYY
2026-07-21 13:39:33,987 - modules.scheduler - ERROR - Invalid date format: 2026-06-01 0:00:00. Expected DD/MM/YYYY
2026-07-21 13:39:33,987 - modules.scheduler - ERROR - Error calculating days remaining: Invalid date format: 2026-06-01 0:00:00. Expected DD/MM/YYYY
2026-07-21 13:39:33,987 - modules.scheduler - ERROR - Invalid date format: 2026-07-08 0:00:00. Expected DD/MM/YYYY
2026-07-21 13:39:33,987 - modules.scheduler - ERROR - Error calculating days remaining: Invalid date format: 2026-07-08 0:00:00. Expected DD/MM/YYYY
2026-07-21 13:39:33,987 - modules.scheduler - INFO - Alert evaluation complete: 0 overdue, 0 approaching
2026-07-21 13:39:33,987 - modules.notifier - INFO - Logged 0/0 alerts
2026-07-21 13:39:33,987 - modules.notifier - INFO - Logged 0/0 alerts
2026-07-21 13:39:33,987 - __main__ - INFO - Total alerts logged: 0
2026-07-21 13:39:33,987 - __main__ - INFO - ============================================================
RESUMEN DE ALERTAS - 21/07/2026 13:39
============================================================

PROYECTOS VENCIDOS: 0
PLAZOS PRÓXIMOS (próximos 3 días): 0
============================================================
2026-07-21 13:39:33,987 - alerts - INFO - 
======================================================================
RESUMEN DE EJECUCIÓN - 21/07/2026 13:39:33
======================================================================
Status: SUCCESS
Root Folder: 1dMu2WeU3bbzqPEFEAoNySonP1eKTC71u
Departments: 3
Master Schedule: 1yHvzhJCsfi1UZ_XtxOnesgaMakNtsNjvkIMP2gaYDgw
======================================================================

2026-07-21 13:39:33,987 - __main__ - INFO - 
2026-07-21 13:39:33,987 - __main__ - INFO - ✓ Execution completed successfully
2026-07-21 13:40:13,416 - __main__ - INFO - 
2026-07-21 13:40:13,417 - __main__ - INFO - ╔====================================================================╗
2026-07-21 13:40:13,417 - __main__ - INFO - ║              PROJECT SCHEDULER - FULL EXECUTION CYCLE              ║
2026-07-21 13:40:13,417 - __main__ - INFO - ╚====================================================================╝
2026-07-21 13:40:13,417 - __main__ - INFO - 
2026-07-21 13:40:13,417 - __main__ - INFO - ======================================================================
2026-07-21 13:40:13,417 - __main__ - INFO - STEP 1: Setting up folder structure
2026-07-21 13:40:13,417 - __main__ - INFO - ======================================================================
2026-07-21 13:40:13,823 - modules.drive_manager - INFO - Folder found: Proyectos_Empresa (ID: 1dMu2WeU3bbzqPEFEAoNySonP1eKTC71u)
2026-07-21 13:40:13,823 - __main__ - INFO - Root folder created with ID: 1dMu2WeU3bbzqPEFEAoNySonP1eKTC71u
2026-07-21 13:40:14,090 - modules.drive_manager - INFO - Folder found: Ingenieria (ID: 1Voz7pY4e1gXbiHrohg8kE7ORywmh9oPe)
2026-07-21 13:40:14,411 - modules.drive_manager - INFO - Folder found: Clientes (ID: 1-pW6dcCmpM7yr9pfNA895HVeLNA87AL9)
2026-07-21 13:40:14,411 - __main__ - INFO - Ingenieria department folder: 1Voz7pY4e1gXbiHrohg8kE7ORywmh9oPe
2026-07-21 13:40:14,411 - __main__ - INFO - Ingenieria clients folder: 1-pW6dcCmpM7yr9pfNA895HVeLNA87AL9
2026-07-21 13:40:14,705 - modules.drive_manager - INFO - Folder found: Obras (ID: 1pxkkVZK_9XrhMBlKJfgvwYdjrPASagkY)
2026-07-21 13:40:15,027 - modules.drive_manager - INFO - Folder found: Clientes (ID: 17GspBkoAYHSJUIaC7663vAIB8bz495ID)
2026-07-21 13:40:15,027 - __main__ - INFO - Obras department folder: 1pxkkVZK_9XrhMBlKJfgvwYdjrPASagkY
2026-07-21 13:40:15,027 - __main__ - INFO - Obras clients folder: 17GspBkoAYHSJUIaC7663vAIB8bz495ID
2026-07-21 13:40:15,306 - modules.drive_manager - INFO - Folder found: Mantenimiento (ID: 15Ykg8P5i8lHto5TSl2_mCnwuz6u0Vj7f)
2026-07-21 13:40:15,621 - modules.drive_manager - INFO - Folder found: Clientes (ID: 1rIzjgwvLwRIaRc-qbJi4Uubu2DeBpkK_)
2026-07-21 13:40:15,621 - __main__ - INFO - Mantenimiento department folder: 15Ykg8P5i8lHto5TSl2_mCnwuz6u0Vj7f
2026-07-21 13:40:15,621 - __main__ - INFO - Mantenimiento clients folder: 1rIzjgwvLwRIaRc-qbJi4Uubu2DeBpkK_
2026-07-21 13:40:15,621 - __main__ - INFO - 
2026-07-21 13:40:15,621 - __main__ - INFO - ======================================================================
2026-07-21 13:40:15,621 - __main__ - INFO - STEP 2: Setting up spreadsheets
2026-07-21 13:40:15,621 - __main__ - INFO - ======================================================================
2026-07-21 13:40:16,121 - modules.sheets_manager - INFO - Spreadsheet found: Cronograma_Ingenieria (ID: 1c9kxSxwPG3huAebtoMKoopB8Zprzcm5ncFwcq4ipl3w)
2026-07-21 13:40:16,381 - modules.sheets_manager - INFO - Sheet names for 1c9kxSxwPG3huAebtoMKoopB8Zprzcm5ncFwcq4ipl3w: ['Ingenieria']
2026-07-21 13:40:16,381 - modules.sheets_manager - INFO - Sheet 'Ingenieria' already exists
2026-07-21 13:40:16,671 - modules.sheets_manager - INFO - Data written to 1c9kxSxwPG3huAebtoMKoopB8Zprzcm5ncFwcq4ipl3w: Ingenieria!A1 (1 rows)
2026-07-21 13:40:16,672 - __main__ - INFO - Headers created for Ingenieria
2026-07-21 13:40:16,672 - __main__ - INFO - Spreadsheet for Ingenieria: 1c9kxSxwPG3huAebtoMKoopB8Zprzcm5ncFwcq4ipl3w
2026-07-21 13:40:19,095 - modules.sheets_manager - INFO - Spreadsheet found: Cronograma_Obras (ID: 1K4yNUOomuBCgRDt8kY_r7nhKq8J0FZ-iPtxviluFhoA)
2026-07-21 13:40:19,420 - modules.sheets_manager - INFO - Sheet names for 1K4yNUOomuBCgRDt8kY_r7nhKq8J0FZ-iPtxviluFhoA: ['Obras']
2026-07-21 13:40:19,420 - modules.sheets_manager - INFO - Sheet 'Obras' already exists
2026-07-21 13:40:19,778 - modules.sheets_manager - INFO - Data written to 1K4yNUOomuBCgRDt8kY_r7nhKq8J0FZ-iPtxviluFhoA: Obras!A1 (1 rows)
2026-07-21 13:40:19,778 - __main__ - INFO - Headers created for Obras
2026-07-21 13:40:19,778 - __main__ - INFO - Spreadsheet for Obras: 1K4yNUOomuBCgRDt8kY_r7nhKq8J0FZ-iPtxviluFhoA
2026-07-21 13:40:20,167 - modules.sheets_manager - INFO - Spreadsheet found: Cronograma_Mantenimiento (ID: 1NmI8DwyPCNe8HsnDBlIu__FL_Peff2N-UYQ946SuBBA)
2026-07-21 13:40:20,472 - modules.sheets_manager - INFO - Sheet names for 1NmI8DwyPCNe8HsnDBlIu__FL_Peff2N-UYQ946SuBBA: ['Mantenimiento']
2026-07-21 13:40:20,472 - modules.sheets_manager - INFO - Sheet 'Mantenimiento' already exists
2026-07-21 13:40:20,795 - modules.sheets_manager - INFO - Data written to 1NmI8DwyPCNe8HsnDBlIu__FL_Peff2N-UYQ946SuBBA: Mantenimiento!A1 (1 rows)
2026-07-21 13:40:20,795 - __main__ - INFO - Headers created for Mantenimiento
2026-07-21 13:40:20,795 - __main__ - INFO - Spreadsheet for Mantenimiento: 1NmI8DwyPCNe8HsnDBlIu__FL_Peff2N-UYQ946SuBBA
2026-07-21 13:40:21,233 - modules.sheets_manager - INFO - Spreadsheet found: Cronograma_Maestro (ID: 1yHvzhJCsfi1UZ_XtxOnesgaMakNtsNjvkIMP2gaYDgw)
2026-07-21 13:40:21,496 - modules.sheets_manager - INFO - Sheet names for 1yHvzhJCsfi1UZ_XtxOnesgaMakNtsNjvkIMP2gaYDgw: ['Cronograma_Maestro']
2026-07-21 13:40:21,496 - modules.sheets_manager - INFO - Sheet 'Cronograma_Maestro' already exists
2026-07-21 13:40:21,774 - modules.sheets_manager - INFO - Data written to 1yHvzhJCsfi1UZ_XtxOnesgaMakNtsNjvkIMP2gaYDgw: Cronograma_Maestro!A1 (1 rows)
2026-07-21 13:40:21,775 - __main__ - INFO - Headers created for master schedule
2026-07-21 13:40:21,775 - __main__ - INFO - Master schedule spreadsheet: 1yHvzhJCsfi1UZ_XtxOnesgaMakNtsNjvkIMP2gaYDgw
2026-07-21 13:40:21,775 - __main__ - INFO - 
2026-07-21 13:40:21,775 - __main__ - INFO - ======================================================================
2026-07-21 13:40:21,775 - __main__ - INFO - STEP 3: Consolidating schedules
2026-07-21 13:40:21,775 - __main__ - INFO - ======================================================================
2026-07-21 13:40:22,035 - modules.sheets_manager - INFO - Sheet names for 1c9kxSxwPG3huAebtoMKoopB8Zprzcm5ncFwcq4ipl3w: ['Ingenieria']
2026-07-21 13:40:22,292 - modules.sheets_manager - INFO - Data read from 1c9kxSxwPG3huAebtoMKoopB8Zprzcm5ncFwcq4ipl3w: Ingenieria!A:K (20 rows)
2026-07-21 13:40:22,292 - __main__ - INFO - Read 20 rows from Ingenieria
2026-07-21 13:40:22,565 - modules.sheets_manager - INFO - Sheet names for 1K4yNUOomuBCgRDt8kY_r7nhKq8J0FZ-iPtxviluFhoA: ['Obras']
2026-07-21 13:40:22,864 - modules.sheets_manager - INFO - Data read from 1K4yNUOomuBCgRDt8kY_r7nhKq8J0FZ-iPtxviluFhoA: Obras!A:K (16 rows)
2026-07-21 13:40:22,864 - __main__ - INFO - Read 16 rows from Obras
2026-07-21 13:40:23,123 - modules.sheets_manager - INFO - Sheet names for 1NmI8DwyPCNe8HsnDBlIu__FL_Peff2N-UYQ946SuBBA: ['Mantenimiento']
2026-07-21 13:40:23,421 - modules.sheets_manager - INFO - Data read from 1NmI8DwyPCNe8HsnDBlIu__FL_Peff2N-UYQ946SuBBA: Mantenimiento!A:K (16 rows)
2026-07-21 13:40:23,421 - __main__ - INFO - Read 16 rows from Mantenimiento
2026-07-21 13:40:23,422 - modules.consolidator - INFO - [Ingenieria] Row count: 19, Column count: 11
2026-07-21 13:40:23,422 - modules.consolidator - INFO - [Ingenieria] Actual headers from sheet: ['ID_Proyecto', 'Cliente', 'Descripcion', 'Fecha_Inicio', 'Fecha_Entrega', 'Estado', 'Responsable', 'Fecha último estado', 'Diferencia de días', 'Estado', 'Descripción']
2026-07-21 13:40:23,422 - modules.consolidator - INFO - [Ingenieria] DataFrame shape before mapping: (19, 11)
2026-07-21 13:40:23,423 - modules.consolidator - INFO - [Ingenieria] DataFrame columns: ['ID_Proyecto', 'Cliente', 'Descripcion', 'Fecha_Inicio', 'Fecha_Entrega', 'Estado', 'Responsable', 'Fecha último estado', 'Diferencia de días', 'Estado', 'Descripción']
2026-07-21 13:40:23,423 - modules.consolidator - INFO - [Ingenieria] Detected Excel format (11 columns), applying mapping...
2026-07-21 13:40:23,423 - modules.consolidator - INFO - Starting Excel column mapping for 19 rows
2026-07-21 13:40:23,423 - modules.consolidator - INFO - Input columns: ['ID_Proyecto', 'Cliente', 'Descripcion', 'Fecha_Inicio', 'Fecha_Entrega', 'Estado', 'Responsable', 'Fecha último estado', 'Diferencia de días', 'Estado', 'Descripción']
2026-07-21 13:40:23,424 - modules.consolidator - INFO - Mapped columns by position: ['ID_Proyecto', 'Cliente', 'Responsable', 'Fecha_Inicio', 'Fecha_Entrega', 'Fecha último estado', 'Estado', 'Descripcion']
2026-07-21 13:40:23,425 - modules.consolidator - INFO - Mapped 19 rows from Excel format to standard format
2026-07-21 13:40:23,425 - modules.consolidator - INFO - Output columns: ['ID_Proyecto', 'Cliente', 'Descripcion', 'Fecha_Inicio', 'Fecha_Entrega', 'Estado', 'Responsable']
2026-07-21 13:40:23,425 - modules.consolidator - INFO - [Ingenieria] DataFrame columns after mapping: ['ID_Proyecto', 'Cliente', 'Descripcion', 'Fecha_Inicio', 'Fecha_Entrega', 'Estado', 'Responsable']
2026-07-21 13:40:23,426 - modules.consolidator - INFO - Prepared 19 rows from Ingenieria
2026-07-21 13:40:23,426 - modules.consolidator - INFO - [Obras] Row count: 15, Column count: 11
2026-07-21 13:40:23,426 - modules.consolidator - INFO - [Obras] Actual headers from sheet: ['ID_Proyecto', 'Cliente', 'Descripcion', 'Fecha_Inicio', 'Fecha_Entrega', 'Estado', 'Responsable', 'Fecha último estado', 'Diferencia de días', 'Estado', 'Descripción']
2026-07-21 13:40:23,427 - modules.consolidator - INFO - [Obras] DataFrame shape before mapping: (15, 11)
2026-07-21 13:40:23,427 - modules.consolidator - INFO - [Obras] DataFrame columns: ['ID_Proyecto', 'Cliente', 'Descripcion', 'Fecha_Inicio', 'Fecha_Entrega', 'Estado', 'Responsable', 'Fecha último estado', 'Diferencia de días', 'Estado', 'Descripción']
2026-07-21 13:40:23,427 - modules.consolidator - INFO - [Obras] Detected Excel format (11 columns), applying mapping...
2026-07-21 13:40:23,427 - modules.consolidator - INFO - Starting Excel column mapping for 15 rows
2026-07-21 13:40:23,427 - modules.consolidator - INFO - Input columns: ['ID_Proyecto', 'Cliente', 'Descripcion', 'Fecha_Inicio', 'Fecha_Entrega', 'Estado', 'Responsable', 'Fecha último estado', 'Diferencia de días', 'Estado', 'Descripción']
2026-07-21 13:40:23,428 - modules.consolidator - INFO - Mapped columns by position: ['ID_Proyecto', 'Cliente', 'Responsable', 'Fecha_Inicio', 'Fecha_Entrega', 'Fecha último estado', 'Estado', 'Descripcion']
2026-07-21 13:40:23,429 - modules.consolidator - INFO - Mapped 15 rows from Excel format to standard format
2026-07-21 13:40:23,429 - modules.consolidator - INFO - Output columns: ['ID_Proyecto', 'Cliente', 'Descripcion', 'Fecha_Inicio', 'Fecha_Entrega', 'Estado', 'Responsable']
2026-07-21 13:40:23,429 - modules.consolidator - INFO - [Obras] DataFrame columns after mapping: ['ID_Proyecto', 'Cliente', 'Descripcion', 'Fecha_Inicio', 'Fecha_Entrega', 'Estado', 'Responsable']
2026-07-21 13:40:23,430 - modules.consolidator - INFO - Prepared 15 rows from Obras
2026-07-21 13:40:23,430 - modules.consolidator - INFO - [Mantenimiento] Row count: 15, Column count: 11
2026-07-21 13:40:23,430 - modules.consolidator - INFO - [Mantenimiento] Actual headers from sheet: ['ID_Proyecto', 'Cliente', 'Descripcion', 'Fecha_Inicio', 'Fecha_Entrega', 'Estado', 'Responsable', 'Fecha último estado', 'Diferencia de días', 'Estado', 'Descripción']
2026-07-21 13:40:23,431 - modules.consolidator - INFO - [Mantenimiento] DataFrame shape before mapping: (15, 11)
2026-07-21 13:40:23,431 - modules.consolidator - INFO - [Mantenimiento] DataFrame columns: ['ID_Proyecto', 'Cliente', 'Descripcion', 'Fecha_Inicio', 'Fecha_Entrega', 'Estado', 'Responsable', 'Fecha último estado', 'Diferencia de días', 'Estado', 'Descripción']
2026-07-21 13:40:23,431 - modules.consolidator - INFO - [Mantenimiento] Detected Excel format (11 columns), applying mapping...
2026-07-21 13:40:23,431 - modules.consolidator - INFO - Starting Excel column mapping for 15 rows
2026-07-21 13:40:23,431 - modules.consolidator - INFO - Input columns: ['ID_Proyecto', 'Cliente', 'Descripcion', 'Fecha_Inicio', 'Fecha_Entrega', 'Estado', 'Responsable', 'Fecha último estado', 'Diferencia de días', 'Estado', 'Descripción']
2026-07-21 13:40:23,432 - modules.consolidator - INFO - Mapped columns by position: ['ID_Proyecto', 'Cliente', 'Responsable', 'Fecha_Inicio', 'Fecha_Entrega', 'Fecha último estado', 'Estado', 'Descripcion']
2026-07-21 13:40:23,433 - modules.consolidator - INFO - Mapped 15 rows from Excel format to standard format
2026-07-21 13:40:23,433 - modules.consolidator - INFO - Output columns: ['ID_Proyecto', 'Cliente', 'Descripcion', 'Fecha_Inicio', 'Fecha_Entrega', 'Estado', 'Responsable']
2026-07-21 13:40:23,433 - modules.consolidator - INFO - [Mantenimiento] DataFrame columns after mapping: ['ID_Proyecto', 'Cliente', 'Descripcion', 'Fecha_Inicio', 'Fecha_Entrega', 'Estado', 'Responsable']
2026-07-21 13:40:23,434 - modules.consolidator - INFO - Prepared 15 rows from Mantenimiento
2026-07-21 13:40:23,435 - modules.consolidator - INFO - Consolidated 49 total projects from all departments
2026-07-21 13:40:23,436 - modules.consolidator - INFO - Data validation: FAILED (1 errors)
2026-07-21 13:40:23,436 - __main__ - WARNING - Data validation issues: ['Invalid states found: En elaboración, Aprobado, En revisión, ']
2026-07-21 13:40:23,439 - modules.consolidator - INFO - Converted 49 rows to sheet format
2026-07-21 13:40:23,692 - modules.sheets_manager - INFO - Sheet names for 1yHvzhJCsfi1UZ_XtxOnesgaMakNtsNjvkIMP2gaYDgw: ['Cronograma_Maestro']
2026-07-21 13:40:23,983 - modules.sheets_manager - INFO - Data cleared from 1yHvzhJCsfi1UZ_XtxOnesgaMakNtsNjvkIMP2gaYDgw: Cronograma_Maestro!A2:H
2026-07-21 13:40:24,243 - modules.sheets_manager - INFO - Data written to 1yHvzhJCsfi1UZ_XtxOnesgaMakNtsNjvkIMP2gaYDgw: Cronograma_Maestro!A1 (50 rows)
2026-07-21 13:40:24,243 - __main__ - INFO - Consolidated 49 projects to master schedule
2026-07-21 13:40:24,248 - modules.consolidator - INFO - Generated summaries for 3 departments
2026-07-21 13:40:24,248 - __main__ - INFO - Ingenieria: {'departamento': 'Ingenieria', 'total_proyectos': 19, 'pendiente': 0, 'en_progreso': 0, 'completado': 0, 'retrasado': 0}
2026-07-21 13:40:24,248 - __main__ - INFO - Obras: {'departamento': 'Obras', 'total_proyectos': 15, 'pendiente': 0, 'en_progreso': 0, 'completado': 0, 'retrasado': 0}
2026-07-21 13:40:24,248 - __main__ - INFO - Mantenimiento: {'departamento': 'Mantenimiento', 'total_proyectos': 15, 'pendiente': 0, 'en_progreso': 0, 'completado': 0, 'retrasado': 0}
2026-07-21 13:40:24,248 - __main__ - INFO - 
2026-07-21 13:40:24,248 - __main__ - INFO - ======================================================================
2026-07-21 13:40:24,248 - __main__ - INFO - STEP 4: Evaluating alerts
2026-07-21 13:40:24,248 - __main__ - INFO - ======================================================================
2026-07-21 13:40:24,249 - modules.scheduler - ERROR - Invalid date format: 2026-06-20 0:00:00. Expected DD/MM/YYYY
2026-07-21 13:40:24,249 - modules.scheduler - ERROR - Error calculating days remaining: Invalid date format: 2026-06-20 0:00:00. Expected DD/MM/YYYY
2026-07-21 13:40:24,249 - modules.scheduler - ERROR - Invalid date format: 2026-06-10 0:00:00. Expected DD/MM/YYYY
2026-07-21 13:40:24,249 - modules.scheduler - ERROR - Error calculating days remaining: Invalid date format: 2026-06-10 0:00:00. Expected DD/MM/YYYY
2026-07-21 13:40:24,249 - modules.scheduler - ERROR - Invalid date format: 2026-07-01 0:00:00. Expected DD/MM/YYYY
2026-07-21 13:40:24,249 - modules.scheduler - ERROR - Error calculating days remaining: Invalid date format: 2026-07-01 0:00:00. Expected DD/MM/YYYY
2026-07-21 13:40:24,249 - modules.scheduler - ERROR - Invalid date format: 2026-05-05 0:00:00. Expected DD/MM/YYYY
2026-07-21 13:40:24,249 - modules.scheduler - ERROR - Error calculating days remaining: Invalid date format: 2026-05-05 0:00:00. Expected DD/MM/YYYY
2026-07-21 13:40:24,249 - modules.scheduler - ERROR - Invalid date format: 2026-07-08 0:00:00. Expected DD/MM/YYYY
2026-07-21 13:40:24,249 - modules.scheduler - ERROR - Error calculating days remaining: Invalid date format: 2026-07-08 0:00:00. Expected DD/MM/YYYY
2026-07-21 13:40:24,249 - modules.scheduler - ERROR - Invalid date format: 2026-06-01 0:00:00. Expected DD/MM/YYYY
2026-07-21 13:40:24,249 - modules.scheduler - ERROR - Error calculating days remaining: Invalid date format: 2026-06-01 0:00:00. Expected DD/MM/YYYY
2026-07-21 13:40:24,249 - modules.scheduler - ERROR - Invalid date format: 2026-07-05 0:00:00. Expected DD/MM/YYYY
2026-07-21 13:40:24,250 - modules.scheduler - ERROR - Error calculating days remaining: Invalid date format: 2026-07-05 0:00:00. Expected DD/MM/YYYY
2026-07-21 13:40:24,250 - modules.scheduler - ERROR - Invalid date format: 2026-07-21 0:00:00. Expected DD/MM/YYYY
2026-07-21 13:40:24,250 - modules.scheduler - ERROR - Error calculating days remaining: Invalid date format: 2026-07-21 0:00:00. Expected DD/MM/YYYY
2026-07-21 13:40:24,250 - modules.scheduler - ERROR - Invalid date format: 2026-06-22 0:00:00. Expected DD/MM/YYYY
2026-07-21 13:40:24,250 - modules.scheduler - ERROR - Error calculating days remaining: Invalid date format: 2026-06-22 0:00:00. Expected DD/MM/YYYY
2026-07-21 13:40:24,250 - modules.scheduler - ERROR - Invalid date format: 2026-06-10 0:00:00. Expected DD/MM/YYYY
2026-07-21 13:40:24,250 - modules.scheduler - ERROR - Error calculating days remaining: Invalid date format: 2026-06-10 0:00:00. Expected DD/MM/YYYY
2026-07-21 13:40:24,250 - modules.scheduler - ERROR - Invalid date format: 2026-07-01 0:00:00. Expected DD/MM/YYYY
2026-07-21 13:40:24,250 - modules.scheduler - ERROR - Error calculating days remaining: Invalid date format: 2026-07-01 0:00:00. Expected DD/MM/YYYY
2026-07-21 13:40:24,250 - modules.scheduler - ERROR - Invalid date format: 2026-05-25 0:00:00. Expected DD/MM/YYYY
2026-07-21 13:40:24,250 - modules.scheduler - ERROR - Error calculating days remaining: Invalid date format: 2026-05-25 0:00:00. Expected DD/MM/YYYY
2026-07-21 13:40:24,250 - modules.scheduler - ERROR - Invalid date format: 2026-07-10 0:00:00. Expected DD/MM/YYYY
2026-07-21 13:40:24,250 - modules.scheduler - ERROR - Error calculating days remaining: Invalid date format: 2026-07-10 0:00:00. Expected DD/MM/YYYY
2026-07-21 13:40:24,250 - modules.scheduler - ERROR - Invalid date format: 2026-06-05 0:00:00. Expected DD/MM/YYYY
2026-07-21 13:40:24,250 - modules.scheduler - ERROR - Error calculating days remaining: Invalid date format: 2026-06-05 0:00:00. Expected DD/MM/YYYY
2026-07-21 13:40:24,250 - modules.scheduler - ERROR - Invalid date format: 2026-07-01 0:00:00. Expected DD/MM/YYYY
2026-07-21 13:40:24,250 - modules.scheduler - ERROR - Error calculating days remaining: Invalid date format: 2026-07-01 0:00:00. Expected DD/MM/YYYY
2026-07-21 13:40:24,250 - modules.scheduler - ERROR - Invalid date format: 2026-06-25 0:00:00. Expected DD/MM/YYYY
2026-07-21 13:40:24,250 - modules.scheduler - ERROR - Error calculating days remaining: Invalid date format: 2026-06-25 0:00:00. Expected DD/MM/YYYY
2026-07-21 13:40:24,250 - modules.scheduler - ERROR - Invalid date format: 2026-06-15 0:00:00. Expected DD/MM/YYYY
2026-07-21 13:40:24,250 - modules.scheduler - ERROR - Error calculating days remaining: Invalid date format: 2026-06-15 0:00:00. Expected DD/MM/YYYY
2026-07-21 13:40:24,250 - modules.scheduler - ERROR - Invalid date format: 2026-07-01 0:00:00. Expected DD/MM/YYYY
2026-07-21 13:40:24,250 - modules.scheduler - ERROR - Error calculating days remaining: Invalid date format: 2026-07-01 0:00:00. Expected DD/MM/YYYY
2026-07-21 13:40:24,251 - modules.scheduler - ERROR - Invalid date format: 2026-05-10 0:00:00. Expected DD/MM/YYYY
2026-07-21 13:40:24,251 - modules.scheduler - ERROR - Error calculating days remaining: Invalid date format: 2026-05-10 0:00:00. Expected DD/MM/YYYY
2026-07-21 13:40:24,251 - modules.scheduler - ERROR - Invalid date format: 2026-07-05 0:00:00. Expected DD/MM/YYYY
2026-07-21 13:40:24,251 - modules.scheduler - ERROR - Error calculating days remaining: Invalid date format: 2026-07-05 0:00:00. Expected DD/MM/YYYY
2026-07-21 13:40:24,251 - modules.scheduler - ERROR - Invalid date format: 2026-06-01 0:00:00. Expected DD/MM/YYYY
2026-07-21 13:40:24,251 - modules.scheduler - ERROR - Error calculating days remaining: Invalid date format: 2026-06-01 0:00:00. Expected DD/MM/YYYY
2026-07-21 13:40:24,251 - modules.scheduler - ERROR - Invalid date format: 2026-07-08 0:00:00. Expected DD/MM/YYYY
2026-07-21 13:40:24,251 - modules.scheduler - ERROR - Error calculating days remaining: Invalid date format: 2026-07-08 0:00:00. Expected DD/MM/YYYY
2026-07-21 13:40:24,251 - modules.scheduler - ERROR - Invalid date format: 2026-06-20 0:00:00. Expected DD/MM/YYYY
2026-07-21 13:40:24,251 - modules.scheduler - ERROR - Error calculating days remaining: Invalid date format: 2026-06-20 0:00:00. Expected DD/MM/YYYY
2026-07-21 13:40:24,251 - modules.scheduler - ERROR - Invalid date format: 2026-06-10 0:00:00. Expected DD/MM/YYYY
2026-07-21 13:40:24,251 - modules.scheduler - ERROR - Error calculating days remaining: Invalid date format: 2026-06-10 0:00:00. Expected DD/MM/YYYY
2026-07-21 13:40:24,251 - modules.scheduler - ERROR - Invalid date format: 2026-07-01 0:00:00. Expected DD/MM/YYYY
2026-07-21 13:40:24,251 - modules.scheduler - ERROR - Error calculating days remaining: Invalid date format: 2026-07-01 0:00:00. Expected DD/MM/YYYY
2026-07-21 13:40:24,251 - modules.scheduler - ERROR - Invalid date format: 2026-05-05 0:00:00. Expected DD/MM/YYYY
2026-07-21 13:40:24,251 - modules.scheduler - ERROR - Error calculating days remaining: Invalid date format: 2026-05-05 0:00:00. Expected DD/MM/YYYY
2026-07-21 13:40:24,251 - modules.scheduler - ERROR - Invalid date format: 2026-07-08 0:00:00. Expected DD/MM/YYYY
2026-07-21 13:40:24,251 - modules.scheduler - ERROR - Error calculating days remaining: Invalid date format: 2026-07-08 0:00:00. Expected DD/MM/YYYY
2026-07-21 13:40:24,251 - modules.scheduler - ERROR - Invalid date format: 2026-06-01 0:00:00. Expected DD/MM/YYYY
2026-07-21 13:40:24,251 - modules.scheduler - ERROR - Error calculating days remaining: Invalid date format: 2026-06-01 0:00:00. Expected DD/MM/YYYY
2026-07-21 13:40:24,251 - modules.scheduler - ERROR - Invalid date format: 2026-07-05 0:00:00. Expected DD/MM/YYYY
2026-07-21 13:40:24,251 - modules.scheduler - ERROR - Error calculating days remaining: Invalid date format: 2026-07-05 0:00:00. Expected DD/MM/YYYY
2026-07-21 13:40:24,251 - modules.scheduler - ERROR - Invalid date format: 2026-07-21 0:00:00. Expected DD/MM/YYYY
2026-07-21 13:40:24,251 - modules.scheduler - ERROR - Error calculating days remaining: Invalid date format: 2026-07-21 0:00:00. Expected DD/MM/YYYY
2026-07-21 13:40:24,251 - modules.scheduler - ERROR - Invalid date format: 2026-06-22 0:00:00. Expected DD/MM/YYYY
2026-07-21 13:40:24,251 - modules.scheduler - ERROR - Error calculating days remaining: Invalid date format: 2026-06-22 0:00:00. Expected DD/MM/YYYY
2026-07-21 13:40:24,251 - modules.scheduler - ERROR - Invalid date format: 2026-06-10 0:00:00. Expected DD/MM/YYYY
2026-07-21 13:40:24,251 - modules.scheduler - ERROR - Error calculating days remaining: Invalid date format: 2026-06-10 0:00:00. Expected DD/MM/YYYY
2026-07-21 13:40:24,251 - modules.scheduler - ERROR - Invalid date format: 2026-07-01 0:00:00. Expected DD/MM/YYYY
2026-07-21 13:40:24,252 - modules.scheduler - ERROR - Error calculating days remaining: Invalid date format: 2026-07-01 0:00:00. Expected DD/MM/YYYY
2026-07-21 13:40:24,252 - modules.scheduler - ERROR - Invalid date format: 2026-05-25 0:00:00. Expected DD/MM/YYYY
2026-07-21 13:40:24,252 - modules.scheduler - ERROR - Error calculating days remaining: Invalid date format: 2026-05-25 0:00:00. Expected DD/MM/YYYY
2026-07-21 13:40:24,252 - modules.scheduler - ERROR - Invalid date format: 2026-07-10 0:00:00. Expected DD/MM/YYYY
2026-07-21 13:40:24,252 - modules.scheduler - ERROR - Error calculating days remaining: Invalid date format: 2026-07-10 0:00:00. Expected DD/MM/YYYY
2026-07-21 13:40:24,252 - modules.scheduler - ERROR - Invalid date format: 2026-06-05 0:00:00. Expected DD/MM/YYYY
2026-07-21 13:40:24,252 - modules.scheduler - ERROR - Error calculating days remaining: Invalid date format: 2026-06-05 0:00:00. Expected DD/MM/YYYY
2026-07-21 13:40:24,252 - modules.scheduler - ERROR - Invalid date format: 2026-07-01 0:00:00. Expected DD/MM/YYYY
2026-07-21 13:40:24,252 - modules.scheduler - ERROR - Error calculating days remaining: Invalid date format: 2026-07-01 0:00:00. Expected DD/MM/YYYY
2026-07-21 13:40:24,252 - modules.scheduler - ERROR - Invalid date format: 2026-06-25 0:00:00. Expected DD/MM/YYYY
2026-07-21 13:40:24,252 - modules.scheduler - ERROR - Error calculating days remaining: Invalid date format: 2026-06-25 0:00:00. Expected DD/MM/YYYY
2026-07-21 13:40:24,252 - modules.scheduler - ERROR - Invalid date format: 2026-06-15 0:00:00. Expected DD/MM/YYYY
2026-07-21 13:40:24,252 - modules.scheduler - ERROR - Error calculating days remaining: Invalid date format: 2026-06-15 0:00:00. Expected DD/MM/YYYY
2026-07-21 13:40:24,252 - modules.scheduler - ERROR - Invalid date format: 2026-07-01 0:00:00. Expected DD/MM/YYYY
2026-07-21 13:40:24,252 - modules.scheduler - ERROR - Error calculating days remaining: Invalid date format: 2026-07-01 0:00:00. Expected DD/MM/YYYY
2026-07-21 13:40:24,252 - modules.scheduler - ERROR - Invalid date format: 2026-05-10 0:00:00. Expected DD/MM/YYYY
2026-07-21 13:40:24,252 - modules.scheduler - ERROR - Error calculating days remaining: Invalid date format: 2026-05-10 0:00:00. Expected DD/MM/YYYY
2026-07-21 13:40:24,252 - modules.scheduler - ERROR - Invalid date format: 2026-07-05 0:00:00. Expected DD/MM/YYYY
2026-07-21 13:40:24,252 - modules.scheduler - ERROR - Error calculating days remaining: Invalid date format: 2026-07-05 0:00:00. Expected DD/MM/YYYY
2026-07-21 13:40:24,252 - modules.scheduler - ERROR - Invalid date format: 2026-06-01 0:00:00. Expected DD/MM/YYYY
2026-07-21 13:40:24,252 - modules.scheduler - ERROR - Error calculating days remaining: Invalid date format: 2026-06-01 0:00:00. Expected DD/MM/YYYY
2026-07-21 13:40:24,253 - modules.scheduler - ERROR - Invalid date format: 2026-07-08 0:00:00. Expected DD/MM/YYYY
2026-07-21 13:40:24,253 - modules.scheduler - ERROR - Error calculating days remaining: Invalid date format: 2026-07-08 0:00:00. Expected DD/MM/YYYY
2026-07-21 13:40:24,253 - modules.scheduler - INFO - Alert evaluation complete: 0 overdue, 0 approaching
2026-07-21 13:40:24,253 - modules.notifier - INFO - Logged 0/0 alerts
2026-07-21 13:40:24,253 - modules.notifier - INFO - Logged 0/0 alerts
2026-07-21 13:40:24,253 - __main__ - INFO - Total alerts logged: 0
2026-07-21 13:40:24,253 - __main__ - INFO - ============================================================
RESUMEN DE ALERTAS - 21/07/2026 13:40
============================================================

PROYECTOS VENCIDOS: 0
PLAZOS PRÓXIMOS (próximos 3 días): 0
============================================================
2026-07-21 13:40:24,253 - alerts - INFO - 
======================================================================
RESUMEN DE EJECUCIÓN - 21/07/2026 13:40:24
======================================================================
Status: SUCCESS
Root Folder: 1dMu2WeU3bbzqPEFEAoNySonP1eKTC71u
Departments: 3
Master Schedule: 1yHvzhJCsfi1UZ_XtxOnesgaMakNtsNjvkIMP2gaYDgw
======================================================================

2026-07-21 13:40:24,253 - __main__ - INFO - 
2026-07-21 13:40:24,253 - __main__ - INFO - ✓ Execution completed successfully
2026-07-21 13:43:49,763 - menu - INFO - Loaded 1 saved Gmail accounts
2026-07-21 13:43:55,316 - __main__ - INFO - Selected account: germanty123@gmail.com (personal)
2026-07-21 13:43:55,316 - __main__ - INFO - Using token: .gmail_tokens/germanty123_gmail_com_token.json
2026-07-21 13:43:55,317 - modules.auth - INFO - Loading OAuth2 token from: .gmail_tokens/germanty123_gmail_com_token.json
2026-07-21 13:43:55,452 - modules.auth - INFO - Token refreshed successfully
2026-07-21 13:43:55,452 - modules.auth - INFO - OAuth2 authentication successful
2026-07-21 13:43:55,453 - googleapiclient.discovery_cache - INFO - file_cache is only supported with oauth2client<4.0.0
2026-07-21 13:43:55,457 - googleapiclient.discovery_cache - INFO - file_cache is only supported with oauth2client<4.0.0
2026-07-21 13:43:55,461 - googleapiclient.discovery_cache - INFO - file_cache is only supported with oauth2client<4.0.0
2026-07-21 13:43:55,463 - modules.auth - INFO - Successfully authenticated with Google Cloud
2026-07-21 13:43:55,463 - modules.auth - INFO - Authentication method: OAuth2
2026-07-21 13:43:55,463 - modules.drive_manager - INFO - Drive Manager initialized successfully
2026-07-21 13:43:55,463 - modules.sheets_manager - INFO - Sheets Manager initialized successfully
2026-07-21 13:43:55,463 - modules.scheduler - INFO - Scheduler initialized with 3 days threshold
2026-07-21 13:43:55,463 - modules.consolidator - INFO - Consolidator initialized
2026-07-21 13:43:55,463 - modules.notifier - INFO - Notifier initialized
2026-07-21 13:43:55,463 - __main__ - INFO - Application initialized successfully
2026-07-21 13:44:01,849 - __main__ - INFO - 
2026-07-21 13:44:01,849 - __main__ - INFO - ╔====================================================================╗
2026-07-21 13:44:01,849 - __main__ - INFO - ║              PROJECT SCHEDULER - FULL EXECUTION CYCLE              ║
2026-07-21 13:44:01,849 - __main__ - INFO - ╚====================================================================╝
2026-07-21 13:44:01,849 - __main__ - INFO - 
2026-07-21 13:44:01,849 - __main__ - INFO - ======================================================================
2026-07-21 13:44:01,849 - __main__ - INFO - STEP 1: Setting up folder structure
2026-07-21 13:44:01,849 - __main__ - INFO - ======================================================================
2026-07-21 13:44:02,536 - modules.drive_manager - INFO - Folder found: Proyectos_Empresa (ID: 1dMu2WeU3bbzqPEFEAoNySonP1eKTC71u)
2026-07-21 13:44:02,536 - __main__ - INFO - Root folder created with ID: 1dMu2WeU3bbzqPEFEAoNySonP1eKTC71u
2026-07-21 13:44:02,856 - modules.drive_manager - INFO - Folder found: Ingenieria (ID: 1Voz7pY4e1gXbiHrohg8kE7ORywmh9oPe)
2026-07-21 13:44:03,245 - modules.drive_manager - INFO - Folder found: Clientes (ID: 1-pW6dcCmpM7yr9pfNA895HVeLNA87AL9)
2026-07-21 13:44:03,245 - __main__ - INFO - Ingenieria department folder: 1Voz7pY4e1gXbiHrohg8kE7ORywmh9oPe
2026-07-21 13:44:03,245 - __main__ - INFO - Ingenieria clients folder: 1-pW6dcCmpM7yr9pfNA895HVeLNA87AL9
2026-07-21 13:44:03,559 - modules.drive_manager - INFO - Folder found: Obras (ID: 1pxkkVZK_9XrhMBlKJfgvwYdjrPASagkY)
2026-07-21 13:44:03,868 - modules.drive_manager - INFO - Folder found: Clientes (ID: 17GspBkoAYHSJUIaC7663vAIB8bz495ID)
2026-07-21 13:44:03,868 - __main__ - INFO - Obras department folder: 1pxkkVZK_9XrhMBlKJfgvwYdjrPASagkY
2026-07-21 13:44:03,868 - __main__ - INFO - Obras clients folder: 17GspBkoAYHSJUIaC7663vAIB8bz495ID
2026-07-21 13:44:04,235 - modules.drive_manager - INFO - Folder found: Mantenimiento (ID: 15Ykg8P5i8lHto5TSl2_mCnwuz6u0Vj7f)
2026-07-21 13:44:04,528 - modules.drive_manager - INFO - Folder found: Clientes (ID: 1rIzjgwvLwRIaRc-qbJi4Uubu2DeBpkK_)
2026-07-21 13:44:04,528 - __main__ - INFO - Mantenimiento department folder: 15Ykg8P5i8lHto5TSl2_mCnwuz6u0Vj7f
2026-07-21 13:44:04,528 - __main__ - INFO - Mantenimiento clients folder: 1rIzjgwvLwRIaRc-qbJi4Uubu2DeBpkK_
2026-07-21 13:44:04,528 - __main__ - INFO - 
2026-07-21 13:44:04,528 - __main__ - INFO - ======================================================================
2026-07-21 13:44:04,528 - __main__ - INFO - STEP 2: Setting up spreadsheets
2026-07-21 13:44:04,528 - __main__ - INFO - ======================================================================
2026-07-21 13:44:04,945 - modules.sheets_manager - INFO - Spreadsheet found: Cronograma_Ingenieria (ID: 1c9kxSxwPG3huAebtoMKoopB8Zprzcm5ncFwcq4ipl3w)
2026-07-21 13:44:05,536 - modules.sheets_manager - INFO - Sheet names for 1c9kxSxwPG3huAebtoMKoopB8Zprzcm5ncFwcq4ipl3w: ['Ingenieria']
2026-07-21 13:44:05,536 - modules.sheets_manager - INFO - Sheet 'Ingenieria' already exists
2026-07-21 13:44:05,877 - modules.sheets_manager - INFO - Data written to 1c9kxSxwPG3huAebtoMKoopB8Zprzcm5ncFwcq4ipl3w: Ingenieria!A1 (1 rows)
2026-07-21 13:44:05,877 - __main__ - INFO - Headers created for Ingenieria
2026-07-21 13:44:05,877 - __main__ - INFO - Spreadsheet for Ingenieria: 1c9kxSxwPG3huAebtoMKoopB8Zprzcm5ncFwcq4ipl3w
2026-07-21 13:44:06,462 - modules.sheets_manager - INFO - Spreadsheet found: Cronograma_Obras (ID: 1K4yNUOomuBCgRDt8kY_r7nhKq8J0FZ-iPtxviluFhoA)
2026-07-21 13:44:07,041 - modules.sheets_manager - INFO - Sheet names for 1K4yNUOomuBCgRDt8kY_r7nhKq8J0FZ-iPtxviluFhoA: ['Obras']
2026-07-21 13:44:07,041 - modules.sheets_manager - INFO - Sheet 'Obras' already exists
2026-07-21 13:44:07,398 - modules.sheets_manager - INFO - Data written to 1K4yNUOomuBCgRDt8kY_r7nhKq8J0FZ-iPtxviluFhoA: Obras!A1 (1 rows)
2026-07-21 13:44:07,398 - __main__ - INFO - Headers created for Obras
2026-07-21 13:44:07,398 - __main__ - INFO - Spreadsheet for Obras: 1K4yNUOomuBCgRDt8kY_r7nhKq8J0FZ-iPtxviluFhoA
2026-07-21 13:44:07,836 - modules.sheets_manager - INFO - Spreadsheet found: Cronograma_Mantenimiento (ID: 1NmI8DwyPCNe8HsnDBlIu__FL_Peff2N-UYQ946SuBBA)
2026-07-21 13:44:08,395 - modules.sheets_manager - INFO - Sheet names for 1NmI8DwyPCNe8HsnDBlIu__FL_Peff2N-UYQ946SuBBA: ['Mantenimiento']
2026-07-21 13:44:08,395 - modules.sheets_manager - INFO - Sheet 'Mantenimiento' already exists
2026-07-21 13:44:08,751 - modules.sheets_manager - INFO - Data written to 1NmI8DwyPCNe8HsnDBlIu__FL_Peff2N-UYQ946SuBBA: Mantenimiento!A1 (1 rows)
2026-07-21 13:44:08,751 - __main__ - INFO - Headers created for Mantenimiento
2026-07-21 13:44:08,751 - __main__ - INFO - Spreadsheet for Mantenimiento: 1NmI8DwyPCNe8HsnDBlIu__FL_Peff2N-UYQ946SuBBA
2026-07-21 13:44:09,203 - modules.sheets_manager - INFO - Spreadsheet found: Cronograma_Maestro (ID: 1yHvzhJCsfi1UZ_XtxOnesgaMakNtsNjvkIMP2gaYDgw)
2026-07-21 13:44:09,509 - modules.sheets_manager - INFO - Sheet names for 1yHvzhJCsfi1UZ_XtxOnesgaMakNtsNjvkIMP2gaYDgw: ['Cronograma_Maestro']
2026-07-21 13:44:09,509 - modules.sheets_manager - INFO - Sheet 'Cronograma_Maestro' already exists
2026-07-21 13:44:09,808 - modules.sheets_manager - INFO - Data written to 1yHvzhJCsfi1UZ_XtxOnesgaMakNtsNjvkIMP2gaYDgw: Cronograma_Maestro!A1 (1 rows)
2026-07-21 13:44:09,808 - __main__ - INFO - Headers created for master schedule
2026-07-21 13:44:09,808 - __main__ - INFO - Master schedule spreadsheet: 1yHvzhJCsfi1UZ_XtxOnesgaMakNtsNjvkIMP2gaYDgw
2026-07-21 13:44:09,808 - __main__ - INFO - 
2026-07-21 13:44:09,808 - __main__ - INFO - ======================================================================
2026-07-21 13:44:09,808 - __main__ - INFO - STEP 3: Consolidating schedules
2026-07-21 13:44:09,808 - __main__ - INFO - ======================================================================
2026-07-21 13:44:10,052 - modules.sheets_manager - INFO - Sheet names for 1c9kxSxwPG3huAebtoMKoopB8Zprzcm5ncFwcq4ipl3w: ['Ingenieria']
2026-07-21 13:44:10,627 - modules.sheets_manager - INFO - Data read from 1c9kxSxwPG3huAebtoMKoopB8Zprzcm5ncFwcq4ipl3w: Ingenieria!A:K (20 rows)
2026-07-21 13:44:10,627 - __main__ - INFO - Read 20 rows from Ingenieria
2026-07-21 13:44:10,904 - modules.sheets_manager - INFO - Sheet names for 1K4yNUOomuBCgRDt8kY_r7nhKq8J0FZ-iPtxviluFhoA: ['Obras']
2026-07-21 13:44:11,242 - modules.sheets_manager - INFO - Data read from 1K4yNUOomuBCgRDt8kY_r7nhKq8J0FZ-iPtxviluFhoA: Obras!A:K (16 rows)
2026-07-21 13:44:11,243 - __main__ - INFO - Read 16 rows from Obras
2026-07-21 13:44:11,527 - modules.sheets_manager - INFO - Sheet names for 1NmI8DwyPCNe8HsnDBlIu__FL_Peff2N-UYQ946SuBBA: ['Mantenimiento']
2026-07-21 13:44:11,820 - modules.sheets_manager - INFO - Data read from 1NmI8DwyPCNe8HsnDBlIu__FL_Peff2N-UYQ946SuBBA: Mantenimiento!A:K (16 rows)
2026-07-21 13:44:11,820 - __main__ - INFO - Read 16 rows from Mantenimiento
2026-07-21 13:44:11,820 - modules.consolidator - INFO - [Ingenieria] Row count: 19, Column count: 11
2026-07-21 13:44:11,820 - modules.consolidator - INFO - [Ingenieria] Actual headers from sheet: ['ID_Proyecto', 'Cliente', 'Descripcion', 'Fecha_Inicio', 'Fecha_Entrega', 'Estado', 'Responsable', 'Fecha último estado', 'Diferencia de días', 'Estado', 'Descripción']
2026-07-21 13:44:11,821 - modules.consolidator - INFO - [Ingenieria] DataFrame shape before mapping: (19, 11)
2026-07-21 13:44:11,822 - modules.consolidator - INFO - [Ingenieria] DataFrame columns: ['ID_Proyecto', 'Cliente', 'Descripcion', 'Fecha_Inicio', 'Fecha_Entrega', 'Estado', 'Responsable', 'Fecha último estado', 'Diferencia de días', 'Estado', 'Descripción']
2026-07-21 13:44:11,822 - modules.consolidator - INFO - [Ingenieria] Detected Excel format (11 columns), applying mapping...
2026-07-21 13:44:11,822 - modules.consolidator - INFO - Starting Excel column mapping for 19 rows
2026-07-21 13:44:11,822 - modules.consolidator - INFO - Input columns: ['ID_Proyecto', 'Cliente', 'Descripcion', 'Fecha_Inicio', 'Fecha_Entrega', 'Estado', 'Responsable', 'Fecha último estado', 'Diferencia de días', 'Estado', 'Descripción']
2026-07-21 13:44:11,823 - modules.consolidator - INFO - Mapped columns by position: ['ID_Proyecto', 'Cliente', 'Responsable', 'Fecha_Inicio', 'Fecha_Entrega', 'Fecha último estado', 'Estado', 'Descripcion']
2026-07-21 13:44:11,824 - modules.consolidator - INFO - Mapped 19 rows from Excel format to standard format
2026-07-21 13:44:11,824 - modules.consolidator - INFO - Output columns: ['ID_Proyecto', 'Cliente', 'Descripcion', 'Fecha_Inicio', 'Fecha_Entrega', 'Estado', 'Responsable']
2026-07-21 13:44:11,824 - modules.consolidator - INFO - [Ingenieria] DataFrame columns after mapping: ['ID_Proyecto', 'Cliente', 'Descripcion', 'Fecha_Inicio', 'Fecha_Entrega', 'Estado', 'Responsable']
2026-07-21 13:44:11,826 - modules.consolidator - INFO - Prepared 19 rows from Ingenieria
2026-07-21 13:44:11,826 - modules.consolidator - INFO - [Obras] Row count: 15, Column count: 11
2026-07-21 13:44:11,826 - modules.consolidator - INFO - [Obras] Actual headers from sheet: ['ID_Proyecto', 'Cliente', 'Descripcion', 'Fecha_Inicio', 'Fecha_Entrega', 'Estado', 'Responsable', 'Fecha último estado', 'Diferencia de días', 'Estado', 'Descripción']
2026-07-21 13:44:11,826 - modules.consolidator - INFO - [Obras] DataFrame shape before mapping: (15, 11)
2026-07-21 13:44:11,827 - modules.consolidator - INFO - [Obras] DataFrame columns: ['ID_Proyecto', 'Cliente', 'Descripcion', 'Fecha_Inicio', 'Fecha_Entrega', 'Estado', 'Responsable', 'Fecha último estado', 'Diferencia de días', 'Estado', 'Descripción']
2026-07-21 13:44:11,827 - modules.consolidator - INFO - [Obras] Detected Excel format (11 columns), applying mapping...
2026-07-21 13:44:11,827 - modules.consolidator - INFO - Starting Excel column mapping for 15 rows
2026-07-21 13:44:11,827 - modules.consolidator - INFO - Input columns: ['ID_Proyecto', 'Cliente', 'Descripcion', 'Fecha_Inicio', 'Fecha_Entrega', 'Estado', 'Responsable', 'Fecha último estado', 'Diferencia de días', 'Estado', 'Descripción']
2026-07-21 13:44:11,828 - modules.consolidator - INFO - Mapped columns by position: ['ID_Proyecto', 'Cliente', 'Responsable', 'Fecha_Inicio', 'Fecha_Entrega', 'Fecha último estado', 'Estado', 'Descripcion']
2026-07-21 13:44:11,828 - modules.consolidator - INFO - Mapped 15 rows from Excel format to standard format
2026-07-21 13:44:11,828 - modules.consolidator - INFO - Output columns: ['ID_Proyecto', 'Cliente', 'Descripcion', 'Fecha_Inicio', 'Fecha_Entrega', 'Estado', 'Responsable']
2026-07-21 13:44:11,829 - modules.consolidator - INFO - [Obras] DataFrame columns after mapping: ['ID_Proyecto', 'Cliente', 'Descripcion', 'Fecha_Inicio', 'Fecha_Entrega', 'Estado', 'Responsable']
2026-07-21 13:44:11,830 - modules.consolidator - INFO - Prepared 15 rows from Obras
2026-07-21 13:44:11,830 - modules.consolidator - INFO - [Mantenimiento] Row count: 15, Column count: 11
2026-07-21 13:44:11,830 - modules.consolidator - INFO - [Mantenimiento] Actual headers from sheet: ['ID_Proyecto', 'Cliente', 'Descripcion', 'Fecha_Inicio', 'Fecha_Entrega', 'Estado', 'Responsable', 'Fecha último estado', 'Diferencia de días', 'Estado', 'Descripción']
2026-07-21 13:44:11,830 - modules.consolidator - INFO - [Mantenimiento] DataFrame shape before mapping: (15, 11)
2026-07-21 13:44:11,830 - modules.consolidator - INFO - [Mantenimiento] DataFrame columns: ['ID_Proyecto', 'Cliente', 'Descripcion', 'Fecha_Inicio', 'Fecha_Entrega', 'Estado', 'Responsable', 'Fecha último estado', 'Diferencia de días', 'Estado', 'Descripción']
2026-07-21 13:44:11,830 - modules.consolidator - INFO - [Mantenimiento] Detected Excel format (11 columns), applying mapping...
2026-07-21 13:44:11,830 - modules.consolidator - INFO - Starting Excel column mapping for 15 rows
2026-07-21 13:44:11,831 - modules.consolidator - INFO - Input columns: ['ID_Proyecto', 'Cliente', 'Descripcion', 'Fecha_Inicio', 'Fecha_Entrega', 'Estado', 'Responsable', 'Fecha último estado', 'Diferencia de días', 'Estado', 'Descripción']
2026-07-21 13:44:11,832 - modules.consolidator - INFO - Mapped columns by position: ['ID_Proyecto', 'Cliente', 'Responsable', 'Fecha_Inicio', 'Fecha_Entrega', 'Fecha último estado', 'Estado', 'Descripcion']
2026-07-21 13:44:11,832 - modules.consolidator - INFO - Mapped 15 rows from Excel format to standard format
2026-07-21 13:44:11,833 - modules.consolidator - INFO - Output columns: ['ID_Proyecto', 'Cliente', 'Descripcion', 'Fecha_Inicio', 'Fecha_Entrega', 'Estado', 'Responsable']
2026-07-21 13:44:11,833 - modules.consolidator - INFO - [Mantenimiento] DataFrame columns after mapping: ['ID_Proyecto', 'Cliente', 'Descripcion', 'Fecha_Inicio', 'Fecha_Entrega', 'Estado', 'Responsable']
2026-07-21 13:44:11,834 - modules.consolidator - INFO - Prepared 15 rows from Mantenimiento
2026-07-21 13:44:11,835 - modules.consolidator - INFO - Consolidated 49 total projects from all departments
2026-07-21 13:44:11,837 - modules.consolidator - INFO - Data validation: FAILED (1 errors)
2026-07-21 13:44:11,837 - __main__ - WARNING - Data validation issues: ['Invalid states found: En elaboración, Aprobado, En revisión, ']
2026-07-21 13:44:11,840 - modules.consolidator - INFO - Converted 49 rows to sheet format
2026-07-21 13:44:12,098 - modules.sheets_manager - INFO - Sheet names for 1yHvzhJCsfi1UZ_XtxOnesgaMakNtsNjvkIMP2gaYDgw: ['Cronograma_Maestro']
2026-07-21 13:44:12,380 - modules.sheets_manager - INFO - Data cleared from 1yHvzhJCsfi1UZ_XtxOnesgaMakNtsNjvkIMP2gaYDgw: Cronograma_Maestro!A2:H
2026-07-21 13:44:12,642 - modules.sheets_manager - INFO - Data written to 1yHvzhJCsfi1UZ_XtxOnesgaMakNtsNjvkIMP2gaYDgw: Cronograma_Maestro!A1 (50 rows)
2026-07-21 13:44:12,642 - __main__ - INFO - Consolidated 49 projects to master schedule
2026-07-21 13:44:12,648 - modules.consolidator - INFO - Generated summaries for 3 departments
2026-07-21 13:44:12,648 - __main__ - INFO - Ingenieria: {'departamento': 'Ingenieria', 'total_proyectos': 19, 'pendiente': 0, 'en_progreso': 0, 'completado': 0, 'retrasado': 0}
2026-07-21 13:44:12,648 - __main__ - INFO - Obras: {'departamento': 'Obras', 'total_proyectos': 15, 'pendiente': 0, 'en_progreso': 0, 'completado': 0, 'retrasado': 0}
2026-07-21 13:44:12,648 - __main__ - INFO - Mantenimiento: {'departamento': 'Mantenimiento', 'total_proyectos': 15, 'pendiente': 0, 'en_progreso': 0, 'completado': 0, 'retrasado': 0}
2026-07-21 13:44:12,648 - __main__ - INFO - 
2026-07-21 13:44:12,648 - __main__ - INFO - ======================================================================
2026-07-21 13:44:12,648 - __main__ - INFO - STEP 4: Evaluating alerts
2026-07-21 13:44:12,649 - __main__ - INFO - ======================================================================
2026-07-21 13:44:12,650 - modules.scheduler - ERROR - Invalid date format: 2026-06-20 0:00:00. Expected DD/MM/YYYY
2026-07-21 13:44:12,650 - modules.scheduler - ERROR - Error calculating days remaining: Invalid date format: 2026-06-20 0:00:00. Expected DD/MM/YYYY
2026-07-21 13:44:12,650 - modules.scheduler - ERROR - Invalid date format: 2026-06-10 0:00:00. Expected DD/MM/YYYY
2026-07-21 13:44:12,650 - modules.scheduler - ERROR - Error calculating days remaining: Invalid date format: 2026-06-10 0:00:00. Expected DD/MM/YYYY
2026-07-21 13:44:12,650 - modules.scheduler - ERROR - Invalid date format: 2026-07-01 0:00:00. Expected DD/MM/YYYY
2026-07-21 13:44:12,650 - modules.scheduler - ERROR - Error calculating days remaining: Invalid date format: 2026-07-01 0:00:00. Expected DD/MM/YYYY
2026-07-21 13:44:12,650 - modules.scheduler - ERROR - Invalid date format: 2026-05-05 0:00:00. Expected DD/MM/YYYY
2026-07-21 13:44:12,650 - modules.scheduler - ERROR - Error calculating days remaining: Invalid date format: 2026-05-05 0:00:00. Expected DD/MM/YYYY
2026-07-21 13:44:12,650 - modules.scheduler - ERROR - Invalid date format: 2026-07-08 0:00:00. Expected DD/MM/YYYY
2026-07-21 13:44:12,650 - modules.scheduler - ERROR - Error calculating days remaining: Invalid date format: 2026-07-08 0:00:00. Expected DD/MM/YYYY
2026-07-21 13:44:12,650 - modules.scheduler - ERROR - Invalid date format: 2026-06-01 0:00:00. Expected DD/MM/YYYY
2026-07-21 13:44:12,650 - modules.scheduler - ERROR - Error calculating days remaining: Invalid date format: 2026-06-01 0:00:00. Expected DD/MM/YYYY
2026-07-21 13:44:12,650 - modules.scheduler - ERROR - Invalid date format: 2026-07-05 0:00:00. Expected DD/MM/YYYY
2026-07-21 13:44:12,650 - modules.scheduler - ERROR - Error calculating days remaining: Invalid date format: 2026-07-05 0:00:00. Expected DD/MM/YYYY
2026-07-21 13:44:12,650 - modules.scheduler - ERROR - Invalid date format: 2026-07-21 0:00:00. Expected DD/MM/YYYY
2026-07-21 13:44:12,650 - modules.scheduler - ERROR - Error calculating days remaining: Invalid date format: 2026-07-21 0:00:00. Expected DD/MM/YYYY
2026-07-21 13:44:12,650 - modules.scheduler - ERROR - Invalid date format: 2026-06-22 0:00:00. Expected DD/MM/YYYY
2026-07-21 13:44:12,650 - modules.scheduler - ERROR - Error calculating days remaining: Invalid date format: 2026-06-22 0:00:00. Expected DD/MM/YYYY
2026-07-21 13:44:12,650 - modules.scheduler - ERROR - Invalid date format: 2026-06-10 0:00:00. Expected DD/MM/YYYY
2026-07-21 13:44:12,650 - modules.scheduler - ERROR - Error calculating days remaining: Invalid date format: 2026-06-10 0:00:00. Expected DD/MM/YYYY
2026-07-21 13:44:12,651 - modules.scheduler - ERROR - Invalid date format: 2026-07-01 0:00:00. Expected DD/MM/YYYY
2026-07-21 13:44:12,651 - modules.scheduler - ERROR - Error calculating days remaining: Invalid date format: 2026-07-01 0:00:00. Expected DD/MM/YYYY
2026-07-21 13:44:12,651 - modules.scheduler - ERROR - Invalid date format: 2026-05-25 0:00:00. Expected DD/MM/YYYY
2026-07-21 13:44:12,651 - modules.scheduler - ERROR - Error calculating days remaining: Invalid date format: 2026-05-25 0:00:00. Expected DD/MM/YYYY
2026-07-21 13:44:12,651 - modules.scheduler - ERROR - Invalid date format: 2026-07-10 0:00:00. Expected DD/MM/YYYY
2026-07-21 13:44:12,651 - modules.scheduler - ERROR - Error calculating days remaining: Invalid date format: 2026-07-10 0:00:00. Expected DD/MM/YYYY
2026-07-21 13:44:12,651 - modules.scheduler - ERROR - Invalid date format: 2026-06-05 0:00:00. Expected DD/MM/YYYY
2026-07-21 13:44:12,651 - modules.scheduler - ERROR - Error calculating days remaining: Invalid date format: 2026-06-05 0:00:00. Expected DD/MM/YYYY
2026-07-21 13:44:12,651 - modules.scheduler - ERROR - Invalid date format: 2026-07-01 0:00:00. Expected DD/MM/YYYY
2026-07-21 13:44:12,651 - modules.scheduler - ERROR - Error calculating days remaining: Invalid date format: 2026-07-01 0:00:00. Expected DD/MM/YYYY
2026-07-21 13:44:12,651 - modules.scheduler - ERROR - Invalid date format: 2026-06-25 0:00:00. Expected DD/MM/YYYY
2026-07-21 13:44:12,651 - modules.scheduler - ERROR - Error calculating days remaining: Invalid date format: 2026-06-25 0:00:00. Expected DD/MM/YYYY
2026-07-21 13:44:12,651 - modules.scheduler - ERROR - Invalid date format: 2026-06-15 0:00:00. Expected DD/MM/YYYY
2026-07-21 13:44:12,651 - modules.scheduler - ERROR - Error calculating days remaining: Invalid date format: 2026-06-15 0:00:00. Expected DD/MM/YYYY
2026-07-21 13:44:12,651 - modules.scheduler - ERROR - Invalid date format: 2026-07-01 0:00:00. Expected DD/MM/YYYY
2026-07-21 13:44:12,651 - modules.scheduler - ERROR - Error calculating days remaining: Invalid date format: 2026-07-01 0:00:00. Expected DD/MM/YYYY
2026-07-21 13:44:12,651 - modules.scheduler - ERROR - Invalid date format: 2026-05-10 0:00:00. Expected DD/MM/YYYY
2026-07-21 13:44:12,651 - modules.scheduler - ERROR - Error calculating days remaining: Invalid date format: 2026-05-10 0:00:00. Expected DD/MM/YYYY
2026-07-21 13:44:12,651 - modules.scheduler - ERROR - Invalid date format: 2026-07-05 0:00:00. Expected DD/MM/YYYY
2026-07-21 13:44:12,651 - modules.scheduler - ERROR - Error calculating days remaining: Invalid date format: 2026-07-05 0:00:00. Expected DD/MM/YYYY
2026-07-21 13:44:12,651 - modules.scheduler - ERROR - Invalid date format: 2026-06-01 0:00:00. Expected DD/MM/YYYY
2026-07-21 13:44:12,651 - modules.scheduler - ERROR - Error calculating days remaining: Invalid date format: 2026-06-01 0:00:00. Expected DD/MM/YYYY
2026-07-21 13:44:12,651 - modules.scheduler - ERROR - Invalid date format: 2026-07-08 0:00:00. Expected DD/MM/YYYY
2026-07-21 13:44:12,651 - modules.scheduler - ERROR - Error calculating days remaining: Invalid date format: 2026-07-08 0:00:00. Expected DD/MM/YYYY
2026-07-21 13:44:12,652 - modules.scheduler - ERROR - Invalid date format: 2026-06-20 0:00:00. Expected DD/MM/YYYY
2026-07-21 13:44:12,652 - modules.scheduler - ERROR - Error calculating days remaining: Invalid date format: 2026-06-20 0:00:00. Expected DD/MM/YYYY
2026-07-21 13:44:12,652 - modules.scheduler - ERROR - Invalid date format: 2026-06-10 0:00:00. Expected DD/MM/YYYY
2026-07-21 13:44:12,652 - modules.scheduler - ERROR - Error calculating days remaining: Invalid date format: 2026-06-10 0:00:00. Expected DD/MM/YYYY
2026-07-21 13:44:12,652 - modules.scheduler - ERROR - Invalid date format: 2026-07-01 0:00:00. Expected DD/MM/YYYY
2026-07-21 13:44:12,652 - modules.scheduler - ERROR - Error calculating days remaining: Invalid date format: 2026-07-01 0:00:00. Expected DD/MM/YYYY
2026-07-21 13:44:12,652 - modules.scheduler - ERROR - Invalid date format: 2026-05-05 0:00:00. Expected DD/MM/YYYY
2026-07-21 13:44:12,652 - modules.scheduler - ERROR - Error calculating days remaining: Invalid date format: 2026-05-05 0:00:00. Expected DD/MM/YYYY
2026-07-21 13:44:12,652 - modules.scheduler - ERROR - Invalid date format: 2026-07-08 0:00:00. Expected DD/MM/YYYY
2026-07-21 13:44:12,652 - modules.scheduler - ERROR - Error calculating days remaining: Invalid date format: 2026-07-08 0:00:00. Expected DD/MM/YYYY
2026-07-21 13:44:12,652 - modules.scheduler - ERROR - Invalid date format: 2026-06-01 0:00:00. Expected DD/MM/YYYY
2026-07-21 13:44:12,652 - modules.scheduler - ERROR - Error calculating days remaining: Invalid date format: 2026-06-01 0:00:00. Expected DD/MM/YYYY
2026-07-21 13:44:12,652 - modules.scheduler - ERROR - Invalid date format: 2026-07-05 0:00:00. Expected DD/MM/YYYY
2026-07-21 13:44:12,652 - modules.scheduler - ERROR - Error calculating days remaining: Invalid date format: 2026-07-05 0:00:00. Expected DD/MM/YYYY
2026-07-21 13:44:12,652 - modules.scheduler - ERROR - Invalid date format: 2026-07-21 0:00:00. Expected DD/MM/YYYY
2026-07-21 13:44:12,652 - modules.scheduler - ERROR - Error calculating days remaining: Invalid date format: 2026-07-21 0:00:00. Expected DD/MM/YYYY
2026-07-21 13:44:12,652 - modules.scheduler - ERROR - Invalid date format: 2026-06-22 0:00:00. Expected DD/MM/YYYY
2026-07-21 13:44:12,652 - modules.scheduler - ERROR - Error calculating days remaining: Invalid date format: 2026-06-22 0:00:00. Expected DD/MM/YYYY
2026-07-21 13:44:12,652 - modules.scheduler - ERROR - Invalid date format: 2026-06-10 0:00:00. Expected DD/MM/YYYY
2026-07-21 13:44:12,652 - modules.scheduler - ERROR - Error calculating days remaining: Invalid date format: 2026-06-10 0:00:00. Expected DD/MM/YYYY
2026-07-21 13:44:12,652 - modules.scheduler - ERROR - Invalid date format: 2026-07-01 0:00:00. Expected DD/MM/YYYY
2026-07-21 13:44:12,652 - modules.scheduler - ERROR - Error calculating days remaining: Invalid date format: 2026-07-01 0:00:00. Expected DD/MM/YYYY
2026-07-21 13:44:12,652 - modules.scheduler - ERROR - Invalid date format: 2026-05-25 0:00:00. Expected DD/MM/YYYY
2026-07-21 13:44:12,652 - modules.scheduler - ERROR - Error calculating days remaining: Invalid date format: 2026-05-25 0:00:00. Expected DD/MM/YYYY
2026-07-21 13:44:12,652 - modules.scheduler - ERROR - Invalid date format: 2026-07-10 0:00:00. Expected DD/MM/YYYY
2026-07-21 13:44:12,653 - modules.scheduler - ERROR - Error calculating days remaining: Invalid date format: 2026-07-10 0:00:00. Expected DD/MM/YYYY
2026-07-21 13:44:12,653 - modules.scheduler - ERROR - Invalid date format: 2026-06-05 0:00:00. Expected DD/MM/YYYY
2026-07-21 13:44:12,653 - modules.scheduler - ERROR - Error calculating days remaining: Invalid date format: 2026-06-05 0:00:00. Expected DD/MM/YYYY
2026-07-21 13:44:12,653 - modules.scheduler - ERROR - Invalid date format: 2026-07-01 0:00:00. Expected DD/MM/YYYY
2026-07-21 13:44:12,653 - modules.scheduler - ERROR - Error calculating days remaining: Invalid date format: 2026-07-01 0:00:00. Expected DD/MM/YYYY
2026-07-21 13:44:12,653 - modules.scheduler - ERROR - Invalid date format: 2026-06-25 0:00:00. Expected DD/MM/YYYY
2026-07-21 13:44:12,653 - modules.scheduler - ERROR - Error calculating days remaining: Invalid date format: 2026-06-25 0:00:00. Expected DD/MM/YYYY
2026-07-21 13:44:12,653 - modules.scheduler - ERROR - Invalid date format: 2026-06-15 0:00:00. Expected DD/MM/YYYY
2026-07-21 13:44:12,653 - modules.scheduler - ERROR - Error calculating days remaining: Invalid date format: 2026-06-15 0:00:00. Expected DD/MM/YYYY
2026-07-21 13:44:12,653 - modules.scheduler - ERROR - Invalid date format: 2026-07-01 0:00:00. Expected DD/MM/YYYY
2026-07-21 13:44:12,653 - modules.scheduler - ERROR - Error calculating days remaining: Invalid date format: 2026-07-01 0:00:00. Expected DD/MM/YYYY
2026-07-21 13:44:12,653 - modules.scheduler - ERROR - Invalid date format: 2026-05-10 0:00:00. Expected DD/MM/YYYY
2026-07-21 13:44:12,653 - modules.scheduler - ERROR - Error calculating days remaining: Invalid date format: 2026-05-10 0:00:00. Expected DD/MM/YYYY
2026-07-21 13:44:12,653 - modules.scheduler - ERROR - Invalid date format: 2026-07-05 0:00:00. Expected DD/MM/YYYY
2026-07-21 13:44:12,653 - modules.scheduler - ERROR - Error calculating days remaining: Invalid date format: 2026-07-05 0:00:00. Expected DD/MM/YYYY
2026-07-21 13:44:12,653 - modules.scheduler - ERROR - Invalid date format: 2026-06-01 0:00:00. Expected DD/MM/YYYY
2026-07-21 13:44:12,653 - modules.scheduler - ERROR - Error calculating days remaining: Invalid date format: 2026-06-01 0:00:00. Expected DD/MM/YYYY
2026-07-21 13:44:12,653 - modules.scheduler - ERROR - Invalid date format: 2026-07-08 0:00:00. Expected DD/MM/YYYY
2026-07-21 13:44:12,653 - modules.scheduler - ERROR - Error calculating days remaining: Invalid date format: 2026-07-08 0:00:00. Expected DD/MM/YYYY
2026-07-21 13:44:12,653 - modules.scheduler - INFO - Alert evaluation complete: 0 overdue, 0 approaching
2026-07-21 13:44:12,653 - modules.notifier - INFO - Logged 0/0 alerts
2026-07-21 13:44:12,653 - modules.notifier - INFO - Logged 0/0 alerts
2026-07-21 13:44:12,653 - __main__ - INFO - Total alerts logged: 0
2026-07-21 13:44:12,653 - __main__ - INFO - ============================================================
RESUMEN DE ALERTAS - 21/07/2026 13:44
============================================================

PROYECTOS VENCIDOS: 0
PLAZOS PRÓXIMOS (próximos 3 días): 0
============================================================
2026-07-21 13:44:12,654 - alerts - INFO - 
======================================================================
RESUMEN DE EJECUCIÓN - 21/07/2026 13:44:12
======================================================================
Status: SUCCESS
Root Folder: 1dMu2WeU3bbzqPEFEAoNySonP1eKTC71u
Departments: 3
Master Schedule: 1yHvzhJCsfi1UZ_XtxOnesgaMakNtsNjvkIMP2gaYDgw
======================================================================

2026-07-21 13:44:12,654 - __main__ - INFO - 
2026-07-21 13:44:12,654 - __main__ - INFO - ✓ Execution completed successfully
2026-07-21 13:45:38,255 - menu - INFO - Loaded 1 saved Gmail accounts
2026-07-21 13:45:44,164 - __main__ - INFO - Selected account: germanty123@gmail.com (personal)
2026-07-21 13:45:44,164 - __main__ - INFO - Using token: .gmail_tokens/germanty123_gmail_com_token.json
2026-07-21 13:45:44,164 - modules.auth - INFO - Loading OAuth2 token from: .gmail_tokens/germanty123_gmail_com_token.json
2026-07-21 13:45:44,304 - modules.auth - INFO - Token refreshed successfully
2026-07-21 13:45:44,304 - modules.auth - INFO - OAuth2 authentication successful
2026-07-21 13:45:44,305 - googleapiclient.discovery_cache - INFO - file_cache is only supported with oauth2client<4.0.0
2026-07-21 13:45:44,309 - googleapiclient.discovery_cache - INFO - file_cache is only supported with oauth2client<4.0.0
2026-07-21 13:45:44,314 - googleapiclient.discovery_cache - INFO - file_cache is only supported with oauth2client<4.0.0
2026-07-21 13:45:44,316 - modules.auth - INFO - Successfully authenticated with Google Cloud
2026-07-21 13:45:44,316 - modules.auth - INFO - Authentication method: OAuth2
2026-07-21 13:45:44,316 - modules.drive_manager - INFO - Drive Manager initialized successfully
2026-07-21 13:45:44,316 - modules.sheets_manager - INFO - Sheets Manager initialized successfully
2026-07-21 13:45:44,316 - modules.scheduler - INFO - Scheduler initialized with 3 days threshold
2026-07-21 13:45:44,316 - modules.consolidator - INFO - Consolidator initialized
2026-07-21 13:45:44,317 - modules.notifier - INFO - Notifier initialized
2026-07-21 13:45:44,317 - __main__ - INFO - Application initialized successfully
2026-07-21 13:45:44,679 - __main__ - INFO - 
2026-07-21 13:45:44,679 - __main__ - INFO - ╔====================================================================╗
2026-07-21 13:45:44,679 - __main__ - INFO - ║              PROJECT SCHEDULER - FULL EXECUTION CYCLE              ║
2026-07-21 13:45:44,680 - __main__ - INFO - ╚====================================================================╝
2026-07-21 13:45:44,680 - __main__ - INFO - 
2026-07-21 13:45:44,680 - __main__ - INFO - ======================================================================
2026-07-21 13:45:44,680 - __main__ - INFO - STEP 1: Setting up folder structure
2026-07-21 13:45:44,680 - __main__ - INFO - ======================================================================
2026-07-21 13:45:45,113 - modules.drive_manager - INFO - Folder found: Proyectos_Empresa (ID: 1dMu2WeU3bbzqPEFEAoNySonP1eKTC71u)
2026-07-21 13:45:45,113 - __main__ - INFO - Root folder created with ID: 1dMu2WeU3bbzqPEFEAoNySonP1eKTC71u
2026-07-21 13:45:45,368 - modules.drive_manager - INFO - Folder found: Ingenieria (ID: 1Voz7pY4e1gXbiHrohg8kE7ORywmh9oPe)
2026-07-21 13:45:45,647 - modules.drive_manager - INFO - Folder found: Clientes (ID: 1-pW6dcCmpM7yr9pfNA895HVeLNA87AL9)
2026-07-21 13:45:45,647 - __main__ - INFO - Ingenieria department folder: 1Voz7pY4e1gXbiHrohg8kE7ORywmh9oPe
2026-07-21 13:45:45,647 - __main__ - INFO - Ingenieria clients folder: 1-pW6dcCmpM7yr9pfNA895HVeLNA87AL9
2026-07-21 13:45:45,912 - modules.drive_manager - INFO - Folder found: Obras (ID: 1pxkkVZK_9XrhMBlKJfgvwYdjrPASagkY)
2026-07-21 13:45:46,214 - modules.drive_manager - INFO - Folder found: Clientes (ID: 17GspBkoAYHSJUIaC7663vAIB8bz495ID)
2026-07-21 13:45:46,214 - __main__ - INFO - Obras department folder: 1pxkkVZK_9XrhMBlKJfgvwYdjrPASagkY
2026-07-21 13:45:46,214 - __main__ - INFO - Obras clients folder: 17GspBkoAYHSJUIaC7663vAIB8bz495ID
2026-07-21 13:45:46,562 - modules.drive_manager - INFO - Folder found: Mantenimiento (ID: 15Ykg8P5i8lHto5TSl2_mCnwuz6u0Vj7f)
2026-07-21 13:45:46,838 - modules.drive_manager - INFO - Folder found: Clientes (ID: 1rIzjgwvLwRIaRc-qbJi4Uubu2DeBpkK_)
2026-07-21 13:45:46,838 - __main__ - INFO - Mantenimiento department folder: 15Ykg8P5i8lHto5TSl2_mCnwuz6u0Vj7f
2026-07-21 13:45:46,838 - __main__ - INFO - Mantenimiento clients folder: 1rIzjgwvLwRIaRc-qbJi4Uubu2DeBpkK_
2026-07-21 13:45:46,838 - __main__ - INFO - 
2026-07-21 13:45:46,838 - __main__ - INFO - ======================================================================
2026-07-21 13:45:46,838 - __main__ - INFO - STEP 2: Setting up spreadsheets
2026-07-21 13:45:46,838 - __main__ - INFO - ======================================================================
2026-07-21 13:45:47,283 - modules.sheets_manager - INFO - Spreadsheet found: Cronograma_Ingenieria (ID: 1c9kxSxwPG3huAebtoMKoopB8Zprzcm5ncFwcq4ipl3w)
2026-07-21 13:45:47,867 - modules.sheets_manager - INFO - Sheet names for 1c9kxSxwPG3huAebtoMKoopB8Zprzcm5ncFwcq4ipl3w: ['Ingenieria']
2026-07-21 13:45:47,868 - modules.sheets_manager - INFO - Sheet 'Ingenieria' already exists
2026-07-21 13:45:48,217 - modules.sheets_manager - INFO - Data written to 1c9kxSxwPG3huAebtoMKoopB8Zprzcm5ncFwcq4ipl3w: Ingenieria!A1 (1 rows)
2026-07-21 13:45:48,217 - __main__ - INFO - Headers created for Ingenieria
2026-07-21 13:45:48,217 - __main__ - INFO - Spreadsheet for Ingenieria: 1c9kxSxwPG3huAebtoMKoopB8Zprzcm5ncFwcq4ipl3w
2026-07-21 13:45:48,601 - modules.sheets_manager - INFO - Spreadsheet found: Cronograma_Obras (ID: 1K4yNUOomuBCgRDt8kY_r7nhKq8J0FZ-iPtxviluFhoA)
2026-07-21 13:45:48,944 - modules.sheets_manager - INFO - Sheet names for 1K4yNUOomuBCgRDt8kY_r7nhKq8J0FZ-iPtxviluFhoA: ['Obras']
2026-07-21 13:45:48,944 - modules.sheets_manager - INFO - Sheet 'Obras' already exists
2026-07-21 13:45:49,294 - modules.sheets_manager - INFO - Data written to 1K4yNUOomuBCgRDt8kY_r7nhKq8J0FZ-iPtxviluFhoA: Obras!A1 (1 rows)
2026-07-21 13:45:49,295 - __main__ - INFO - Headers created for Obras
2026-07-21 13:45:49,295 - __main__ - INFO - Spreadsheet for Obras: 1K4yNUOomuBCgRDt8kY_r7nhKq8J0FZ-iPtxviluFhoA
2026-07-21 13:45:49,729 - modules.sheets_manager - INFO - Spreadsheet found: Cronograma_Mantenimiento (ID: 1NmI8DwyPCNe8HsnDBlIu__FL_Peff2N-UYQ946SuBBA)
2026-07-21 13:45:50,031 - modules.sheets_manager - INFO - Sheet names for 1NmI8DwyPCNe8HsnDBlIu__FL_Peff2N-UYQ946SuBBA: ['Mantenimiento']
2026-07-21 13:45:50,031 - modules.sheets_manager - INFO - Sheet 'Mantenimiento' already exists
2026-07-21 13:45:50,410 - modules.sheets_manager - INFO - Data written to 1NmI8DwyPCNe8HsnDBlIu__FL_Peff2N-UYQ946SuBBA: Mantenimiento!A1 (1 rows)
2026-07-21 13:45:50,410 - __main__ - INFO - Headers created for Mantenimiento
2026-07-21 13:45:50,411 - __main__ - INFO - Spreadsheet for Mantenimiento: 1NmI8DwyPCNe8HsnDBlIu__FL_Peff2N-UYQ946SuBBA
2026-07-21 13:45:50,798 - modules.sheets_manager - INFO - Spreadsheet found: Cronograma_Maestro (ID: 1yHvzhJCsfi1UZ_XtxOnesgaMakNtsNjvkIMP2gaYDgw)
2026-07-21 13:45:51,268 - modules.sheets_manager - INFO - Sheet names for 1yHvzhJCsfi1UZ_XtxOnesgaMakNtsNjvkIMP2gaYDgw: ['Cronograma_Maestro']
2026-07-21 13:45:51,269 - modules.sheets_manager - INFO - Sheet 'Cronograma_Maestro' already exists
2026-07-21 13:45:51,564 - modules.sheets_manager - INFO - Data written to 1yHvzhJCsfi1UZ_XtxOnesgaMakNtsNjvkIMP2gaYDgw: Cronograma_Maestro!A1 (1 rows)
2026-07-21 13:45:51,565 - __main__ - INFO - Headers created for master schedule
2026-07-21 13:45:51,565 - __main__ - INFO - Master schedule spreadsheet: 1yHvzhJCsfi1UZ_XtxOnesgaMakNtsNjvkIMP2gaYDgw
2026-07-21 13:45:51,565 - __main__ - INFO - 
2026-07-21 13:45:51,565 - __main__ - INFO - ======================================================================
2026-07-21 13:45:51,565 - __main__ - INFO - STEP 3: Consolidating schedules
2026-07-21 13:45:51,565 - __main__ - INFO - ======================================================================
2026-07-21 13:45:51,798 - modules.sheets_manager - INFO - Sheet names for 1c9kxSxwPG3huAebtoMKoopB8Zprzcm5ncFwcq4ipl3w: ['Ingenieria']
2026-07-21 13:45:52,122 - modules.sheets_manager - INFO - Data read from 1c9kxSxwPG3huAebtoMKoopB8Zprzcm5ncFwcq4ipl3w: Ingenieria!A:K (20 rows)
2026-07-21 13:45:52,122 - __main__ - INFO - Read 20 rows from Ingenieria
2026-07-21 13:45:52,411 - modules.sheets_manager - INFO - Sheet names for 1K4yNUOomuBCgRDt8kY_r7nhKq8J0FZ-iPtxviluFhoA: ['Obras']
2026-07-21 13:45:52,775 - modules.sheets_manager - INFO - Data read from 1K4yNUOomuBCgRDt8kY_r7nhKq8J0FZ-iPtxviluFhoA: Obras!A:K (16 rows)
2026-07-21 13:45:52,775 - __main__ - INFO - Read 16 rows from Obras
2026-07-21 13:45:53,184 - modules.sheets_manager - INFO - Sheet names for 1NmI8DwyPCNe8HsnDBlIu__FL_Peff2N-UYQ946SuBBA: ['Mantenimiento']
2026-07-21 13:45:53,521 - modules.sheets_manager - INFO - Data read from 1NmI8DwyPCNe8HsnDBlIu__FL_Peff2N-UYQ946SuBBA: Mantenimiento!A:K (16 rows)
2026-07-21 13:45:53,521 - __main__ - INFO - Read 16 rows from Mantenimiento
2026-07-21 13:45:53,521 - modules.consolidator - INFO - [Ingenieria] Row count: 19, Column count: 11
2026-07-21 13:45:53,521 - modules.consolidator - INFO - [Ingenieria] Actual headers from sheet: ['ID_Proyecto', 'Cliente', 'Descripcion', 'Fecha_Inicio', 'Fecha_Entrega', 'Estado', 'Responsable', 'Fecha último estado', 'Diferencia de días', 'Estado', 'Descripción']
2026-07-21 13:45:53,522 - modules.consolidator - INFO - [Ingenieria] DataFrame shape before mapping: (19, 11)
2026-07-21 13:45:53,523 - modules.consolidator - INFO - [Ingenieria] DataFrame columns: ['ID_Proyecto', 'Cliente', 'Descripcion', 'Fecha_Inicio', 'Fecha_Entrega', 'Estado', 'Responsable', 'Fecha último estado', 'Diferencia de días', 'Estado', 'Descripción']
2026-07-21 13:45:53,523 - modules.consolidator - INFO - [Ingenieria] Detected Excel format (11 columns), applying mapping...
2026-07-21 13:45:53,523 - modules.consolidator - INFO - Starting Excel column mapping for 19 rows
2026-07-21 13:45:53,523 - modules.consolidator - INFO - Input columns: ['ID_Proyecto', 'Cliente', 'Descripcion', 'Fecha_Inicio', 'Fecha_Entrega', 'Estado', 'Responsable', 'Fecha último estado', 'Diferencia de días', 'Estado', 'Descripción']
2026-07-21 13:45:53,524 - modules.consolidator - INFO - Mapped columns by position: ['ID_Proyecto', 'Cliente', 'Responsable', 'Fecha_Inicio', 'Fecha_Entrega', 'Fecha último estado', 'Estado', 'Descripcion']
2026-07-21 13:45:53,525 - modules.consolidator - INFO - Mapped 19 rows from Excel format to standard format
2026-07-21 13:45:53,525 - modules.consolidator - INFO - Output columns: ['ID_Proyecto', 'Cliente', 'Descripcion', 'Fecha_Inicio', 'Fecha_Entrega', 'Estado', 'Responsable']
2026-07-21 13:45:53,525 - modules.consolidator - INFO - [Ingenieria] DataFrame columns after mapping: ['ID_Proyecto', 'Cliente', 'Descripcion', 'Fecha_Inicio', 'Fecha_Entrega', 'Estado', 'Responsable']
2026-07-21 13:45:53,527 - modules.consolidator - INFO - Prepared 19 rows from Ingenieria
2026-07-21 13:45:53,527 - modules.consolidator - INFO - [Obras] Row count: 15, Column count: 11
2026-07-21 13:45:53,527 - modules.consolidator - INFO - [Obras] Actual headers from sheet: ['ID_Proyecto', 'Cliente', 'Descripcion', 'Fecha_Inicio', 'Fecha_Entrega', 'Estado', 'Responsable', 'Fecha último estado', 'Diferencia de días', 'Estado', 'Descripción']
2026-07-21 13:45:53,528 - modules.consolidator - INFO - [Obras] DataFrame shape before mapping: (15, 11)
2026-07-21 13:45:53,528 - modules.consolidator - INFO - [Obras] DataFrame columns: ['ID_Proyecto', 'Cliente', 'Descripcion', 'Fecha_Inicio', 'Fecha_Entrega', 'Estado', 'Responsable', 'Fecha último estado', 'Diferencia de días', 'Estado', 'Descripción']
2026-07-21 13:45:53,528 - modules.consolidator - INFO - [Obras] Detected Excel format (11 columns), applying mapping...
2026-07-21 13:45:53,528 - modules.consolidator - INFO - Starting Excel column mapping for 15 rows
2026-07-21 13:45:53,528 - modules.consolidator - INFO - Input columns: ['ID_Proyecto', 'Cliente', 'Descripcion', 'Fecha_Inicio', 'Fecha_Entrega', 'Estado', 'Responsable', 'Fecha último estado', 'Diferencia de días', 'Estado', 'Descripción']
2026-07-21 13:45:53,529 - modules.consolidator - INFO - Mapped columns by position: ['ID_Proyecto', 'Cliente', 'Responsable', 'Fecha_Inicio', 'Fecha_Entrega', 'Fecha último estado', 'Estado', 'Descripcion']
2026-07-21 13:45:53,530 - modules.consolidator - INFO - Mapped 15 rows from Excel format to standard format
2026-07-21 13:45:53,530 - modules.consolidator - INFO - Output columns: ['ID_Proyecto', 'Cliente', 'Descripcion', 'Fecha_Inicio', 'Fecha_Entrega', 'Estado', 'Responsable']
2026-07-21 13:45:53,530 - modules.consolidator - INFO - [Obras] DataFrame columns after mapping: ['ID_Proyecto', 'Cliente', 'Descripcion', 'Fecha_Inicio', 'Fecha_Entrega', 'Estado', 'Responsable']
2026-07-21 13:45:53,531 - modules.consolidator - INFO - Prepared 15 rows from Obras
2026-07-21 13:45:53,531 - modules.consolidator - INFO - [Mantenimiento] Row count: 15, Column count: 11
2026-07-21 13:45:53,531 - modules.consolidator - INFO - [Mantenimiento] Actual headers from sheet: ['ID_Proyecto', 'Cliente', 'Descripcion', 'Fecha_Inicio', 'Fecha_Entrega', 'Estado', 'Responsable', 'Fecha último estado', 'Diferencia de días', 'Estado', 'Descripción']
2026-07-21 13:45:53,532 - modules.consolidator - INFO - [Mantenimiento] DataFrame shape before mapping: (15, 11)
2026-07-21 13:45:53,532 - modules.consolidator - INFO - [Mantenimiento] DataFrame columns: ['ID_Proyecto', 'Cliente', 'Descripcion', 'Fecha_Inicio', 'Fecha_Entrega', 'Estado', 'Responsable', 'Fecha último estado', 'Diferencia de días', 'Estado', 'Descripción']
2026-07-21 13:45:53,532 - modules.consolidator - INFO - [Mantenimiento] Detected Excel format (11 columns), applying mapping...
2026-07-21 13:45:53,532 - modules.consolidator - INFO - Starting Excel column mapping for 15 rows
2026-07-21 13:45:53,532 - modules.consolidator - INFO - Input columns: ['ID_Proyecto', 'Cliente', 'Descripcion', 'Fecha_Inicio', 'Fecha_Entrega', 'Estado', 'Responsable', 'Fecha último estado', 'Diferencia de días', 'Estado', 'Descripción']
2026-07-21 13:45:53,533 - modules.consolidator - INFO - Mapped columns by position: ['ID_Proyecto', 'Cliente', 'Responsable', 'Fecha_Inicio', 'Fecha_Entrega', 'Fecha último estado', 'Estado', 'Descripcion']
2026-07-21 13:45:53,533 - modules.consolidator - INFO - Mapped 15 rows from Excel format to standard format
2026-07-21 13:45:53,533 - modules.consolidator - INFO - Output columns: ['ID_Proyecto', 'Cliente', 'Descripcion', 'Fecha_Inicio', 'Fecha_Entrega', 'Estado', 'Responsable']
2026-07-21 13:45:53,533 - modules.consolidator - INFO - [Mantenimiento] DataFrame columns after mapping: ['ID_Proyecto', 'Cliente', 'Descripcion', 'Fecha_Inicio', 'Fecha_Entrega', 'Estado', 'Responsable']
2026-07-21 13:45:53,535 - modules.consolidator - INFO - Prepared 15 rows from Mantenimiento
2026-07-21 13:45:53,535 - modules.consolidator - INFO - Consolidated 49 total projects from all departments
2026-07-21 13:45:53,537 - modules.consolidator - INFO - Data validation: FAILED (1 errors)
2026-07-21 13:45:53,537 - __main__ - WARNING - Data validation issues: ['Invalid states found: En elaboración, Aprobado, En revisión, ']
2026-07-21 13:45:53,539 - modules.consolidator - INFO - Converted 49 rows to sheet format
2026-07-21 13:45:53,837 - modules.sheets_manager - INFO - Sheet names for 1yHvzhJCsfi1UZ_XtxOnesgaMakNtsNjvkIMP2gaYDgw: ['Cronograma_Maestro']
2026-07-21 13:45:54,089 - modules.sheets_manager - INFO - Data cleared from 1yHvzhJCsfi1UZ_XtxOnesgaMakNtsNjvkIMP2gaYDgw: Cronograma_Maestro!A2:H
2026-07-21 13:45:54,364 - modules.sheets_manager - INFO - Data written to 1yHvzhJCsfi1UZ_XtxOnesgaMakNtsNjvkIMP2gaYDgw: Cronograma_Maestro!A1 (50 rows)
2026-07-21 13:45:54,364 - __main__ - INFO - Consolidated 49 projects to master schedule
2026-07-21 13:45:54,370 - modules.consolidator - INFO - Generated summaries for 3 departments
2026-07-21 13:45:54,371 - __main__ - INFO - Ingenieria: {'departamento': 'Ingenieria', 'total_proyectos': 19, 'pendiente': 0, 'en_progreso': 0, 'completado': 0, 'retrasado': 0}
2026-07-21 13:45:54,371 - __main__ - INFO - Obras: {'departamento': 'Obras', 'total_proyectos': 15, 'pendiente': 0, 'en_progreso': 0, 'completado': 0, 'retrasado': 0}
2026-07-21 13:45:54,371 - __main__ - INFO - Mantenimiento: {'departamento': 'Mantenimiento', 'total_proyectos': 15, 'pendiente': 0, 'en_progreso': 0, 'completado': 0, 'retrasado': 0}
2026-07-21 13:45:54,371 - __main__ - INFO - 
2026-07-21 13:45:54,371 - __main__ - INFO - ======================================================================
2026-07-21 13:45:54,371 - __main__ - INFO - STEP 4: Evaluating alerts
2026-07-21 13:45:54,371 - __main__ - INFO - ======================================================================
2026-07-21 13:45:54,373 - modules.scheduler - INFO - Alert evaluation complete: 22 overdue, 0 approaching
2026-07-21 13:45:54,373 - alerts - WARNING - [VENCIDO] 1901 - Shell Argentina - Dock Sud - Depto: Ingenieria - Proyecto vencido hace 32 días
2026-07-21 13:45:54,373 - alerts - WARNING - [VENCIDO] 1903 - Techint - Siderar San Nicolás - Depto: Ingenieria - Proyecto vencido hace 42 días
2026-07-21 13:45:54,373 - alerts - WARNING - [VENCIDO] 1905 - ArcelorMittal - Villa Constitución - Depto: Ingenieria - Proyecto vencido hace 21 días
2026-07-21 13:45:54,373 - alerts - WARNING - [VENCIDO] 1907 - Cargill - Bahía Blanca - Depto: Ingenieria - Proyecto vencido hace 78 días
2026-07-21 13:45:54,373 - alerts - WARNING - [VENCIDO] 1909 - Loma Negra - Barker - Depto: Ingenieria - Proyecto vencido hace 14 días
2026-07-21 13:45:54,373 - alerts - WARNING - [VENCIDO] 1911 - Toyota Argentina - Zárate - Depto: Ingenieria - Proyecto vencido hace 51 días
2026-07-21 13:45:54,373 - alerts - WARNING - [VENCIDO] 1913 - General Motors - Alvear - Depto: Ingenieria - Proyecto vencido hace 17 días
2026-07-21 13:45:54,373 - alerts - WARNING - [VENCIDO] 1884 - SEGURIDAD S.R.L - Depto: Ingenieria - Proyecto vencido hace 1 días
2026-07-21 13:45:54,373 - alerts - WARNING - [VENCIDO] 2101 - Telefónica Argentina - Parque Patricios - Depto: Obras - Proyecto vencido hace 30 días
2026-07-21 13:45:54,373 - alerts - WARNING - [VENCIDO] 2103 - Amazon Web Services - Bahía Blanca - Depto: Obras - Proyecto vencido hace 42 días
2026-07-21 13:45:54,373 - alerts - WARNING - [VENCIDO] 2105 - Santander Río - Puerto Madero - Depto: Obras - Proyecto vencido hace 21 días
2026-07-21 13:45:54,373 - alerts - WARNING - [VENCIDO] 2107 - Banco Galicia - San Isidro - Depto: Obras - Proyecto vencido hace 58 días
2026-07-21 13:45:54,374 - alerts - WARNING - [VENCIDO] 2109 - ICBC Argentina - Retiro - Depto: Obras - Proyecto vencido hace 12 días
2026-07-21 13:45:54,374 - alerts - WARNING - [VENCIDO] 2111 - Banco Provincia - La Plata - Depto: Obras - Proyecto vencido hace 47 días
2026-07-21 13:45:54,374 - alerts - WARNING - [VENCIDO] 2113 - Unilever - Pilar - Depto: Obras - Proyecto vencido hace 21 días
2026-07-21 13:45:54,374 - alerts - WARNING - [VENCIDO] 2001 - Bunge Argentina - Puerto General San Martín - Depto: Mantenimiento - Proyecto vencido hace 27 días
2026-07-21 13:45:54,374 - alerts - WARNING - [VENCIDO] 2003 - Nidera - Villa María - Depto: Mantenimiento - Proyecto vencido hace 37 días
2026-07-21 13:45:54,374 - alerts - WARNING - [VENCIDO] 2005 - Toepfer - Puerto San Martín - Depto: Mantenimiento - Proyecto vencido hace 21 días
2026-07-21 13:45:54,374 - alerts - WARNING - [VENCIDO] 2007 - Vicentin - Avellaneda - Depto: Mantenimiento - Proyecto vencido hace 73 días
2026-07-21 13:45:54,374 - alerts - WARNING - [VENCIDO] 2009 - Aceitera General Deheza - Deheza - Depto: Mantenimiento - Proyecto vencido hace 17 días
2026-07-21 13:45:54,374 - alerts - WARNING - [VENCIDO] 2011 - Coca-Cola FEMSA - Merlo - Depto: Mantenimiento - Proyecto vencido hace 51 días
2026-07-21 13:45:54,374 - alerts - WARNING - [VENCIDO] 2013 - Arcor - Arroyito - Depto: Mantenimiento - Proyecto vencido hace 14 días
2026-07-21 13:45:54,374 - modules.notifier - INFO - Logged 22/22 alerts
2026-07-21 13:45:54,374 - modules.notifier - INFO - Logged 0/0 alerts
2026-07-21 13:45:54,374 - __main__ - INFO - Total alerts logged: 22
2026-07-21 13:45:54,374 - __main__ - INFO - ============================================================
RESUMEN DE ALERTAS - 21/07/2026 13:45
============================================================

PROYECTOS VENCIDOS: 22
  • 1901 - Shell Argentina - Dock Sud
    Departamento: Ingenieria
    Vencido hace: 32 días
    Responsable: Marcelo Battista

  • 1903 - Techint - Siderar San Nicolás
    Departamento: Ingenieria
    Vencido hace: 42 días
    Responsable: Marcelo Battista

  • 1905 - ArcelorMittal - Villa Constitución
    Departamento: Ingenieria
    Vencido hace: 21 días
    Responsable: Marcelo Battista

  • 1907 - Cargill - Bahía Blanca
    Departamento: Ingenieria
    Vencido hace: 78 días
    Responsable: Marcelo Battista

  • 1909 - Loma Negra - Barker
    Departamento: Ingenieria
    Vencido hace: 14 días
    Responsable: Marcelo Battista

  • 1911 - Toyota Argentina - Zárate
    Departamento: Ingenieria
    Vencido hace: 51 días
    Responsable: Marcelo Battista

  • 1913 - General Motors - Alvear
    Departamento: Ingenieria
    Vencido hace: 17 días
    Responsable: Marcelo Battista

  • 1884 - SEGURIDAD S.R.L
    Departamento: Ingenieria
    Vencido hace: 1 días
    Responsable: Fernando Menendez

  • 2101 - Telefónica Argentina - Parque Patricios
    Departamento: Obras
    Vencido hace: 30 días
    Responsable: Jorge Fernandez

  • 2103 - Amazon Web Services - Bahía Blanca
    Departamento: Obras
    Vencido hace: 42 días
    Responsable: Jorge Fernandez

  • 2105 - Santander Río - Puerto Madero
    Departamento: Obras
    Vencido hace: 21 días
    Responsable: Jorge Fernandez

  • 2107 - Banco Galicia - San Isidro
    Departamento: Obras
    Vencido hace: 58 días
    Responsable: Jorge Fernandez

  • 2109 - ICBC Argentina - Retiro
    Departamento: Obras
    Vencido hace: 12 días
    Responsable: Jorge Fernandez

  • 2111 - Banco Provincia - La Plata
    Departamento: Obras
    Vencido hace: 47 días
    Responsable: Jorge Fernandez

  • 2113 - Unilever - Pilar
    Departamento: Obras
    Vencido hace: 21 días
    Responsable: Jorge Fernandez

  • 2001 - Bunge Argentina - Puerto General San Martín
    Departamento: Mantenimiento
    Vencido hace: 27 días
    Responsable: Fernando Menendez

  • 2003 - Nidera - Villa María
    Departamento: Mantenimiento
    Vencido hace: 37 días
    Responsable: Fernando Menendez

  • 2005 - Toepfer - Puerto San Martín
    Departamento: Mantenimiento
    Vencido hace: 21 días
    Responsable: Fernando Menendez

  • 2007 - Vicentin - Avellaneda
    Departamento: Mantenimiento
    Vencido hace: 73 días
    Responsable: Fernando Menendez

  • 2009 - Aceitera General Deheza - Deheza
    Departamento: Mantenimiento
    Vencido hace: 17 días
    Responsable: Fernando Menendez

  • 2011 - Coca-Cola FEMSA - Merlo
    Departamento: Mantenimiento
    Vencido hace: 51 días
    Responsable: Fernando Menendez

  • 2013 - Arcor - Arroyito
    Departamento: Mantenimiento
    Vencido hace: 14 días
    Responsable: Fernando Menendez

PLAZOS PRÓXIMOS (próximos 3 días): 0
============================================================
2026-07-21 13:45:54,374 - alerts - INFO - 
======================================================================
RESUMEN DE EJECUCIÓN - 21/07/2026 13:45:54
======================================================================
Status: SUCCESS
Root Folder: 1dMu2WeU3bbzqPEFEAoNySonP1eKTC71u
Departments: 3
Master Schedule: 1yHvzhJCsfi1UZ_XtxOnesgaMakNtsNjvkIMP2gaYDgw
======================================================================

2026-07-21 13:45:54,374 - __main__ - INFO - 
2026-07-21 13:45:54,374 - __main__ - INFO - ✓ Execution completed successfully
2026-07-21 13:45:56,925 - __main__ - INFO - 
2026-07-21 13:45:56,926 - __main__ - INFO - ╔====================================================================╗
2026-07-21 13:45:56,926 - __main__ - INFO - ║              PROJECT SCHEDULER - FULL EXECUTION CYCLE              ║
2026-07-21 13:45:56,926 - __main__ - INFO - ╚====================================================================╝
2026-07-21 13:45:56,926 - __main__ - INFO - 
2026-07-21 13:45:56,926 - __main__ - INFO - ======================================================================
2026-07-21 13:45:56,926 - __main__ - INFO - STEP 1: Setting up folder structure
2026-07-21 13:45:56,926 - __main__ - INFO - ======================================================================
2026-07-21 13:45:57,319 - modules.drive_manager - INFO - Folder found: Proyectos_Empresa (ID: 1dMu2WeU3bbzqPEFEAoNySonP1eKTC71u)
2026-07-21 13:45:57,319 - __main__ - INFO - Root folder created with ID: 1dMu2WeU3bbzqPEFEAoNySonP1eKTC71u
2026-07-21 13:45:57,656 - modules.drive_manager - INFO - Folder found: Ingenieria (ID: 1Voz7pY4e1gXbiHrohg8kE7ORywmh9oPe)
2026-07-21 13:45:57,974 - modules.drive_manager - INFO - Folder found: Clientes (ID: 1-pW6dcCmpM7yr9pfNA895HVeLNA87AL9)
2026-07-21 13:45:57,974 - __main__ - INFO - Ingenieria department folder: 1Voz7pY4e1gXbiHrohg8kE7ORywmh9oPe
2026-07-21 13:45:57,974 - __main__ - INFO - Ingenieria clients folder: 1-pW6dcCmpM7yr9pfNA895HVeLNA87AL9
2026-07-21 13:45:58,269 - modules.drive_manager - INFO - Folder found: Obras (ID: 1pxkkVZK_9XrhMBlKJfgvwYdjrPASagkY)
2026-07-21 13:45:58,555 - modules.drive_manager - INFO - Folder found: Clientes (ID: 17GspBkoAYHSJUIaC7663vAIB8bz495ID)
2026-07-21 13:45:58,555 - __main__ - INFO - Obras department folder: 1pxkkVZK_9XrhMBlKJfgvwYdjrPASagkY
2026-07-21 13:45:58,555 - __main__ - INFO - Obras clients folder: 17GspBkoAYHSJUIaC7663vAIB8bz495ID
2026-07-21 13:45:58,854 - modules.drive_manager - INFO - Folder found: Mantenimiento (ID: 15Ykg8P5i8lHto5TSl2_mCnwuz6u0Vj7f)
2026-07-21 13:45:59,172 - modules.drive_manager - INFO - Folder found: Clientes (ID: 1rIzjgwvLwRIaRc-qbJi4Uubu2DeBpkK_)
2026-07-21 13:45:59,172 - __main__ - INFO - Mantenimiento department folder: 15Ykg8P5i8lHto5TSl2_mCnwuz6u0Vj7f
2026-07-21 13:45:59,172 - __main__ - INFO - Mantenimiento clients folder: 1rIzjgwvLwRIaRc-qbJi4Uubu2DeBpkK_
2026-07-21 13:45:59,172 - __main__ - INFO - 
2026-07-21 13:45:59,172 - __main__ - INFO - ======================================================================
2026-07-21 13:45:59,172 - __main__ - INFO - STEP 2: Setting up spreadsheets
2026-07-21 13:45:59,172 - __main__ - INFO - ======================================================================
2026-07-21 13:45:59,601 - modules.sheets_manager - INFO - Spreadsheet found: Cronograma_Ingenieria (ID: 1c9kxSxwPG3huAebtoMKoopB8Zprzcm5ncFwcq4ipl3w)
2026-07-21 13:45:59,878 - modules.sheets_manager - INFO - Sheet names for 1c9kxSxwPG3huAebtoMKoopB8Zprzcm5ncFwcq4ipl3w: ['Ingenieria']
2026-07-21 13:45:59,878 - modules.sheets_manager - INFO - Sheet 'Ingenieria' already exists
2026-07-21 13:46:00,382 - modules.sheets_manager - INFO - Data written to 1c9kxSxwPG3huAebtoMKoopB8Zprzcm5ncFwcq4ipl3w: Ingenieria!A1 (1 rows)
2026-07-21 13:46:00,382 - __main__ - INFO - Headers created for Ingenieria
2026-07-21 13:46:00,382 - __main__ - INFO - Spreadsheet for Ingenieria: 1c9kxSxwPG3huAebtoMKoopB8Zprzcm5ncFwcq4ipl3w
2026-07-21 13:46:00,748 - modules.sheets_manager - INFO - Spreadsheet found: Cronograma_Obras (ID: 1K4yNUOomuBCgRDt8kY_r7nhKq8J0FZ-iPtxviluFhoA)
2026-07-21 13:46:01,031 - modules.sheets_manager - INFO - Sheet names for 1K4yNUOomuBCgRDt8kY_r7nhKq8J0FZ-iPtxviluFhoA: ['Obras']
2026-07-21 13:46:01,032 - modules.sheets_manager - INFO - Sheet 'Obras' already exists
2026-07-21 13:46:01,314 - modules.sheets_manager - INFO - Data written to 1K4yNUOomuBCgRDt8kY_r7nhKq8J0FZ-iPtxviluFhoA: Obras!A1 (1 rows)
2026-07-21 13:46:01,314 - __main__ - INFO - Headers created for Obras
2026-07-21 13:46:01,314 - __main__ - INFO - Spreadsheet for Obras: 1K4yNUOomuBCgRDt8kY_r7nhKq8J0FZ-iPtxviluFhoA
2026-07-21 13:46:01,731 - modules.sheets_manager - INFO - Spreadsheet found: Cronograma_Mantenimiento (ID: 1NmI8DwyPCNe8HsnDBlIu__FL_Peff2N-UYQ946SuBBA)
2026-07-21 13:46:02,106 - modules.sheets_manager - INFO - Sheet names for 1NmI8DwyPCNe8HsnDBlIu__FL_Peff2N-UYQ946SuBBA: ['Mantenimiento']
2026-07-21 13:46:02,107 - modules.sheets_manager - INFO - Sheet 'Mantenimiento' already exists
2026-07-21 13:46:02,433 - modules.sheets_manager - INFO - Data written to 1NmI8DwyPCNe8HsnDBlIu__FL_Peff2N-UYQ946SuBBA: Mantenimiento!A1 (1 rows)
2026-07-21 13:46:02,433 - __main__ - INFO - Headers created for Mantenimiento
2026-07-21 13:46:02,433 - __main__ - INFO - Spreadsheet for Mantenimiento: 1NmI8DwyPCNe8HsnDBlIu__FL_Peff2N-UYQ946SuBBA
2026-07-21 13:46:02,881 - modules.sheets_manager - INFO - Spreadsheet found: Cronograma_Maestro (ID: 1yHvzhJCsfi1UZ_XtxOnesgaMakNtsNjvkIMP2gaYDgw)
2026-07-21 13:46:03,146 - modules.sheets_manager - INFO - Sheet names for 1yHvzhJCsfi1UZ_XtxOnesgaMakNtsNjvkIMP2gaYDgw: ['Cronograma_Maestro']
2026-07-21 13:46:03,146 - modules.sheets_manager - INFO - Sheet 'Cronograma_Maestro' already exists
2026-07-21 13:46:03,424 - modules.sheets_manager - INFO - Data written to 1yHvzhJCsfi1UZ_XtxOnesgaMakNtsNjvkIMP2gaYDgw: Cronograma_Maestro!A1 (1 rows)
2026-07-21 13:46:03,424 - __main__ - INFO - Headers created for master schedule
2026-07-21 13:46:03,424 - __main__ - INFO - Master schedule spreadsheet: 1yHvzhJCsfi1UZ_XtxOnesgaMakNtsNjvkIMP2gaYDgw
2026-07-21 13:46:03,424 - __main__ - INFO - 
2026-07-21 13:46:03,425 - __main__ - INFO - ======================================================================
2026-07-21 13:46:03,425 - __main__ - INFO - STEP 3: Consolidating schedules
2026-07-21 13:46:03,425 - __main__ - INFO - ======================================================================
2026-07-21 13:46:03,722 - modules.sheets_manager - INFO - Sheet names for 1c9kxSxwPG3huAebtoMKoopB8Zprzcm5ncFwcq4ipl3w: ['Ingenieria']
2026-07-21 13:46:04,032 - modules.sheets_manager - INFO - Data read from 1c9kxSxwPG3huAebtoMKoopB8Zprzcm5ncFwcq4ipl3w: Ingenieria!A:K (20 rows)
2026-07-21 13:46:04,033 - __main__ - INFO - Read 20 rows from Ingenieria
2026-07-21 13:46:04,280 - modules.sheets_manager - INFO - Sheet names for 1K4yNUOomuBCgRDt8kY_r7nhKq8J0FZ-iPtxviluFhoA: ['Obras']
2026-07-21 13:46:04,549 - modules.sheets_manager - INFO - Data read from 1K4yNUOomuBCgRDt8kY_r7nhKq8J0FZ-iPtxviluFhoA: Obras!A:K (16 rows)
2026-07-21 13:46:04,550 - __main__ - INFO - Read 16 rows from Obras
2026-07-21 13:46:04,827 - modules.sheets_manager - INFO - Sheet names for 1NmI8DwyPCNe8HsnDBlIu__FL_Peff2N-UYQ946SuBBA: ['Mantenimiento']
2026-07-21 13:46:05,129 - modules.sheets_manager - INFO - Data read from 1NmI8DwyPCNe8HsnDBlIu__FL_Peff2N-UYQ946SuBBA: Mantenimiento!A:K (16 rows)
2026-07-21 13:46:05,129 - __main__ - INFO - Read 16 rows from Mantenimiento
2026-07-21 13:46:05,129 - modules.consolidator - INFO - [Ingenieria] Row count: 19, Column count: 11
2026-07-21 13:46:05,129 - modules.consolidator - INFO - [Ingenieria] Actual headers from sheet: ['ID_Proyecto', 'Cliente', 'Descripcion', 'Fecha_Inicio', 'Fecha_Entrega', 'Estado', 'Responsable', 'Fecha último estado', 'Diferencia de días', 'Estado', 'Descripción']
2026-07-21 13:46:05,130 - modules.consolidator - INFO - [Ingenieria] DataFrame shape before mapping: (19, 11)
2026-07-21 13:46:05,130 - modules.consolidator - INFO - [Ingenieria] DataFrame columns: ['ID_Proyecto', 'Cliente', 'Descripcion', 'Fecha_Inicio', 'Fecha_Entrega', 'Estado', 'Responsable', 'Fecha último estado', 'Diferencia de días', 'Estado', 'Descripción']
2026-07-21 13:46:05,130 - modules.consolidator - INFO - [Ingenieria] Detected Excel format (11 columns), applying mapping...
2026-07-21 13:46:05,130 - modules.consolidator - INFO - Starting Excel column mapping for 19 rows
2026-07-21 13:46:05,130 - modules.consolidator - INFO - Input columns: ['ID_Proyecto', 'Cliente', 'Descripcion', 'Fecha_Inicio', 'Fecha_Entrega', 'Estado', 'Responsable', 'Fecha último estado', 'Diferencia de días', 'Estado', 'Descripción']
2026-07-21 13:46:05,131 - modules.consolidator - INFO - Mapped columns by position: ['ID_Proyecto', 'Cliente', 'Responsable', 'Fecha_Inicio', 'Fecha_Entrega', 'Fecha último estado', 'Estado', 'Descripcion']
2026-07-21 13:46:05,132 - modules.consolidator - INFO - Mapped 19 rows from Excel format to standard format
2026-07-21 13:46:05,132 - modules.consolidator - INFO - Output columns: ['ID_Proyecto', 'Cliente', 'Descripcion', 'Fecha_Inicio', 'Fecha_Entrega', 'Estado', 'Responsable']
2026-07-21 13:46:05,132 - modules.consolidator - INFO - [Ingenieria] DataFrame columns after mapping: ['ID_Proyecto', 'Cliente', 'Descripcion', 'Fecha_Inicio', 'Fecha_Entrega', 'Estado', 'Responsable']
2026-07-21 13:46:05,133 - modules.consolidator - INFO - Prepared 19 rows from Ingenieria
2026-07-21 13:46:05,133 - modules.consolidator - INFO - [Obras] Row count: 15, Column count: 11
2026-07-21 13:46:05,133 - modules.consolidator - INFO - [Obras] Actual headers from sheet: ['ID_Proyecto', 'Cliente', 'Descripcion', 'Fecha_Inicio', 'Fecha_Entrega', 'Estado', 'Responsable', 'Fecha último estado', 'Diferencia de días', 'Estado', 'Descripción']
2026-07-21 13:46:05,134 - modules.consolidator - INFO - [Obras] DataFrame shape before mapping: (15, 11)
2026-07-21 13:46:05,134 - modules.consolidator - INFO - [Obras] DataFrame columns: ['ID_Proyecto', 'Cliente', 'Descripcion', 'Fecha_Inicio', 'Fecha_Entrega', 'Estado', 'Responsable', 'Fecha último estado', 'Diferencia de días', 'Estado', 'Descripción']
2026-07-21 13:46:05,134 - modules.consolidator - INFO - [Obras] Detected Excel format (11 columns), applying mapping...
2026-07-21 13:46:05,134 - modules.consolidator - INFO - Starting Excel column mapping for 15 rows
2026-07-21 13:46:05,134 - modules.consolidator - INFO - Input columns: ['ID_Proyecto', 'Cliente', 'Descripcion', 'Fecha_Inicio', 'Fecha_Entrega', 'Estado', 'Responsable', 'Fecha último estado', 'Diferencia de días', 'Estado', 'Descripción']
2026-07-21 13:46:05,135 - modules.consolidator - INFO - Mapped columns by position: ['ID_Proyecto', 'Cliente', 'Responsable', 'Fecha_Inicio', 'Fecha_Entrega', 'Fecha último estado', 'Estado', 'Descripcion']
2026-07-21 13:46:05,135 - modules.consolidator - INFO - Mapped 15 rows from Excel format to standard format
2026-07-21 13:46:05,135 - modules.consolidator - INFO - Output columns: ['ID_Proyecto', 'Cliente', 'Descripcion', 'Fecha_Inicio', 'Fecha_Entrega', 'Estado', 'Responsable']
2026-07-21 13:46:05,135 - modules.consolidator - INFO - [Obras] DataFrame columns after mapping: ['ID_Proyecto', 'Cliente', 'Descripcion', 'Fecha_Inicio', 'Fecha_Entrega', 'Estado', 'Responsable']
2026-07-21 13:46:05,137 - modules.consolidator - INFO - Prepared 15 rows from Obras
2026-07-21 13:46:05,137 - modules.consolidator - INFO - [Mantenimiento] Row count: 15, Column count: 11
2026-07-21 13:46:05,137 - modules.consolidator - INFO - [Mantenimiento] Actual headers from sheet: ['ID_Proyecto', 'Cliente', 'Descripcion', 'Fecha_Inicio', 'Fecha_Entrega', 'Estado', 'Responsable', 'Fecha último estado', 'Diferencia de días', 'Estado', 'Descripción']
2026-07-21 13:46:05,137 - modules.consolidator - INFO - [Mantenimiento] DataFrame shape before mapping: (15, 11)
2026-07-21 13:46:05,137 - modules.consolidator - INFO - [Mantenimiento] DataFrame columns: ['ID_Proyecto', 'Cliente', 'Descripcion', 'Fecha_Inicio', 'Fecha_Entrega', 'Estado', 'Responsable', 'Fecha último estado', 'Diferencia de días', 'Estado', 'Descripción']
2026-07-21 13:46:05,137 - modules.consolidator - INFO - [Mantenimiento] Detected Excel format (11 columns), applying mapping...
2026-07-21 13:46:05,137 - modules.consolidator - INFO - Starting Excel column mapping for 15 rows
2026-07-21 13:46:05,137 - modules.consolidator - INFO - Input columns: ['ID_Proyecto', 'Cliente', 'Descripcion', 'Fecha_Inicio', 'Fecha_Entrega', 'Estado', 'Responsable', 'Fecha último estado', 'Diferencia de días', 'Estado', 'Descripción']
2026-07-21 13:46:05,139 - modules.consolidator - INFO - Mapped columns by position: ['ID_Proyecto', 'Cliente', 'Responsable', 'Fecha_Inicio', 'Fecha_Entrega', 'Fecha último estado', 'Estado', 'Descripcion']
2026-07-21 13:46:05,139 - modules.consolidator - INFO - Mapped 15 rows from Excel format to standard format
2026-07-21 13:46:05,139 - modules.consolidator - INFO - Output columns: ['ID_Proyecto', 'Cliente', 'Descripcion', 'Fecha_Inicio', 'Fecha_Entrega', 'Estado', 'Responsable']
2026-07-21 13:46:05,139 - modules.consolidator - INFO - [Mantenimiento] DataFrame columns after mapping: ['ID_Proyecto', 'Cliente', 'Descripcion', 'Fecha_Inicio', 'Fecha_Entrega', 'Estado', 'Responsable']
2026-07-21 13:46:05,140 - modules.consolidator - INFO - Prepared 15 rows from Mantenimiento
2026-07-21 13:46:05,141 - modules.consolidator - INFO - Consolidated 49 total projects from all departments
2026-07-21 13:46:05,142 - modules.consolidator - INFO - Data validation: FAILED (1 errors)
2026-07-21 13:46:05,142 - __main__ - WARNING - Data validation issues: ['Invalid states found: En elaboración, Aprobado, En revisión, ']
2026-07-21 13:46:05,144 - modules.consolidator - INFO - Converted 49 rows to sheet format
2026-07-21 13:46:05,399 - modules.sheets_manager - INFO - Sheet names for 1yHvzhJCsfi1UZ_XtxOnesgaMakNtsNjvkIMP2gaYDgw: ['Cronograma_Maestro']
2026-07-21 13:46:05,664 - modules.sheets_manager - INFO - Data cleared from 1yHvzhJCsfi1UZ_XtxOnesgaMakNtsNjvkIMP2gaYDgw: Cronograma_Maestro!A2:H
2026-07-21 13:46:05,941 - modules.sheets_manager - INFO - Data written to 1yHvzhJCsfi1UZ_XtxOnesgaMakNtsNjvkIMP2gaYDgw: Cronograma_Maestro!A1 (50 rows)
2026-07-21 13:46:05,942 - __main__ - INFO - Consolidated 49 projects to master schedule
2026-07-21 13:46:05,945 - modules.consolidator - INFO - Generated summaries for 3 departments
2026-07-21 13:46:05,945 - __main__ - INFO - Ingenieria: {'departamento': 'Ingenieria', 'total_proyectos': 19, 'pendiente': 0, 'en_progreso': 0, 'completado': 0, 'retrasado': 0}
2026-07-21 13:46:05,945 - __main__ - INFO - Obras: {'departamento': 'Obras', 'total_proyectos': 15, 'pendiente': 0, 'en_progreso': 0, 'completado': 0, 'retrasado': 0}
2026-07-21 13:46:05,945 - __main__ - INFO - Mantenimiento: {'departamento': 'Mantenimiento', 'total_proyectos': 15, 'pendiente': 0, 'en_progreso': 0, 'completado': 0, 'retrasado': 0}
2026-07-21 13:46:05,946 - __main__ - INFO - 
2026-07-21 13:46:05,946 - __main__ - INFO - ======================================================================
2026-07-21 13:46:05,946 - __main__ - INFO - STEP 4: Evaluating alerts
2026-07-21 13:46:05,946 - __main__ - INFO - ======================================================================
2026-07-21 13:46:05,947 - modules.scheduler - INFO - Alert evaluation complete: 22 overdue, 0 approaching
2026-07-21 13:46:05,947 - alerts - WARNING - [VENCIDO] 1901 - Shell Argentina - Dock Sud - Depto: Ingenieria - Proyecto vencido hace 32 días
2026-07-21 13:46:05,947 - alerts - WARNING - [VENCIDO] 1903 - Techint - Siderar San Nicolás - Depto: Ingenieria - Proyecto vencido hace 42 días
2026-07-21 13:46:05,947 - alerts - WARNING - [VENCIDO] 1905 - ArcelorMittal - Villa Constitución - Depto: Ingenieria - Proyecto vencido hace 21 días
2026-07-21 13:46:05,947 - alerts - WARNING - [VENCIDO] 1907 - Cargill - Bahía Blanca - Depto: Ingenieria - Proyecto vencido hace 78 días
2026-07-21 13:46:05,947 - alerts - WARNING - [VENCIDO] 1909 - Loma Negra - Barker - Depto: Ingenieria - Proyecto vencido hace 14 días
2026-07-21 13:46:05,947 - alerts - WARNING - [VENCIDO] 1911 - Toyota Argentina - Zárate - Depto: Ingenieria - Proyecto vencido hace 51 días
2026-07-21 13:46:05,947 - alerts - WARNING - [VENCIDO] 1913 - General Motors - Alvear - Depto: Ingenieria - Proyecto vencido hace 17 días
2026-07-21 13:46:05,947 - alerts - WARNING - [VENCIDO] 1884 - SEGURIDAD S.R.L - Depto: Ingenieria - Proyecto vencido hace 1 días
2026-07-21 13:46:05,947 - alerts - WARNING - [VENCIDO] 2101 - Telefónica Argentina - Parque Patricios - Depto: Obras - Proyecto vencido hace 30 días
2026-07-21 13:46:05,947 - alerts - WARNING - [VENCIDO] 2103 - Amazon Web Services - Bahía Blanca - Depto: Obras - Proyecto vencido hace 42 días
2026-07-21 13:46:05,947 - alerts - WARNING - [VENCIDO] 2105 - Santander Río - Puerto Madero - Depto: Obras - Proyecto vencido hace 21 días
2026-07-21 13:46:05,948 - alerts - WARNING - [VENCIDO] 2107 - Banco Galicia - San Isidro - Depto: Obras - Proyecto vencido hace 58 días
2026-07-21 13:46:05,948 - alerts - WARNING - [VENCIDO] 2109 - ICBC Argentina - Retiro - Depto: Obras - Proyecto vencido hace 12 días
2026-07-21 13:46:05,948 - alerts - WARNING - [VENCIDO] 2111 - Banco Provincia - La Plata - Depto: Obras - Proyecto vencido hace 47 días
2026-07-21 13:46:05,948 - alerts - WARNING - [VENCIDO] 2113 - Unilever - Pilar - Depto: Obras - Proyecto vencido hace 21 días
2026-07-21 13:46:05,948 - alerts - WARNING - [VENCIDO] 2001 - Bunge Argentina - Puerto General San Martín - Depto: Mantenimiento - Proyecto vencido hace 27 días
2026-07-21 13:46:05,948 - alerts - WARNING - [VENCIDO] 2003 - Nidera - Villa María - Depto: Mantenimiento - Proyecto vencido hace 37 días
2026-07-21 13:46:05,948 - alerts - WARNING - [VENCIDO] 2005 - Toepfer - Puerto San Martín - Depto: Mantenimiento - Proyecto vencido hace 21 días
2026-07-21 13:46:05,948 - alerts - WARNING - [VENCIDO] 2007 - Vicentin - Avellaneda - Depto: Mantenimiento - Proyecto vencido hace 73 días
2026-07-21 13:46:05,948 - alerts - WARNING - [VENCIDO] 2009 - Aceitera General Deheza - Deheza - Depto: Mantenimiento - Proyecto vencido hace 17 días
2026-07-21 13:46:05,948 - alerts - WARNING - [VENCIDO] 2011 - Coca-Cola FEMSA - Merlo - Depto: Mantenimiento - Proyecto vencido hace 51 días
2026-07-21 13:46:05,948 - alerts - WARNING - [VENCIDO] 2013 - Arcor - Arroyito - Depto: Mantenimiento - Proyecto vencido hace 14 días
2026-07-21 13:46:05,948 - modules.notifier - INFO - Logged 22/22 alerts
2026-07-21 13:46:05,948 - modules.notifier - INFO - Logged 0/0 alerts
2026-07-21 13:46:05,948 - __main__ - INFO - Total alerts logged: 22
2026-07-21 13:46:05,948 - __main__ - INFO - ============================================================
RESUMEN DE ALERTAS - 21/07/2026 13:46
============================================================

PROYECTOS VENCIDOS: 22
  • 1901 - Shell Argentina - Dock Sud
    Departamento: Ingenieria
    Vencido hace: 32 días
    Responsable: Marcelo Battista

  • 1903 - Techint - Siderar San Nicolás
    Departamento: Ingenieria
    Vencido hace: 42 días
    Responsable: Marcelo Battista

  • 1905 - ArcelorMittal - Villa Constitución
    Departamento: Ingenieria
    Vencido hace: 21 días
    Responsable: Marcelo Battista

  • 1907 - Cargill - Bahía Blanca
    Departamento: Ingenieria
    Vencido hace: 78 días
    Responsable: Marcelo Battista

  • 1909 - Loma Negra - Barker
    Departamento: Ingenieria
    Vencido hace: 14 días
    Responsable: Marcelo Battista

  • 1911 - Toyota Argentina - Zárate
    Departamento: Ingenieria
    Vencido hace: 51 días
    Responsable: Marcelo Battista

  • 1913 - General Motors - Alvear
    Departamento: Ingenieria
    Vencido hace: 17 días
    Responsable: Marcelo Battista

  • 1884 - SEGURIDAD S.R.L
    Departamento: Ingenieria
    Vencido hace: 1 días
    Responsable: Fernando Menendez

  • 2101 - Telefónica Argentina - Parque Patricios
    Departamento: Obras
    Vencido hace: 30 días
    Responsable: Jorge Fernandez

  • 2103 - Amazon Web Services - Bahía Blanca
    Departamento: Obras
    Vencido hace: 42 días
    Responsable: Jorge Fernandez

  • 2105 - Santander Río - Puerto Madero
    Departamento: Obras
    Vencido hace: 21 días
    Responsable: Jorge Fernandez

  • 2107 - Banco Galicia - San Isidro
    Departamento: Obras
    Vencido hace: 58 días
    Responsable: Jorge Fernandez

  • 2109 - ICBC Argentina - Retiro
    Departamento: Obras
    Vencido hace: 12 días
    Responsable: Jorge Fernandez

  • 2111 - Banco Provincia - La Plata
    Departamento: Obras
    Vencido hace: 47 días
    Responsable: Jorge Fernandez

  • 2113 - Unilever - Pilar
    Departamento: Obras
    Vencido hace: 21 días
    Responsable: Jorge Fernandez

  • 2001 - Bunge Argentina - Puerto General San Martín
    Departamento: Mantenimiento
    Vencido hace: 27 días
    Responsable: Fernando Menendez

  • 2003 - Nidera - Villa María
    Departamento: Mantenimiento
    Vencido hace: 37 días
    Responsable: Fernando Menendez

  • 2005 - Toepfer - Puerto San Martín
    Departamento: Mantenimiento
    Vencido hace: 21 días
    Responsable: Fernando Menendez

  • 2007 - Vicentin - Avellaneda
    Departamento: Mantenimiento
    Vencido hace: 73 días
    Responsable: Fernando Menendez

  • 2009 - Aceitera General Deheza - Deheza
    Departamento: Mantenimiento
    Vencido hace: 17 días
    Responsable: Fernando Menendez

  • 2011 - Coca-Cola FEMSA - Merlo
    Departamento: Mantenimiento
    Vencido hace: 51 días
    Responsable: Fernando Menendez

  • 2013 - Arcor - Arroyito
    Departamento: Mantenimiento
    Vencido hace: 14 días
    Responsable: Fernando Menendez

PLAZOS PRÓXIMOS (próximos 3 días): 0
============================================================
2026-07-21 13:46:05,948 - alerts - INFO - 
======================================================================
RESUMEN DE EJECUCIÓN - 21/07/2026 13:46:05
======================================================================
Status: SUCCESS
Root Folder: 1dMu2WeU3bbzqPEFEAoNySonP1eKTC71u
Departments: 3
Master Schedule: 1yHvzhJCsfi1UZ_XtxOnesgaMakNtsNjvkIMP2gaYDgw
======================================================================

2026-07-21 13:46:05,948 - __main__ - INFO - 
2026-07-21 13:46:05,948 - __main__ - INFO - ✓ Execution completed successfully
2026-07-21 13:46:33,992 - __main__ - INFO - 
2026-07-21 13:46:33,992 - __main__ - INFO - ======================================================================
2026-07-21 13:46:33,992 - __main__ - INFO - REPORTE: MES
2026-07-21 13:46:33,992 - __main__ - INFO - ======================================================================
2026-07-21 13:46:34,285 - modules.sheets_manager - INFO - Sheet names for 1c9kxSxwPG3huAebtoMKoopB8Zprzcm5ncFwcq4ipl3w: ['Ingenieria']
2026-07-21 13:46:34,544 - modules.sheets_manager - INFO - Data read from 1c9kxSxwPG3huAebtoMKoopB8Zprzcm5ncFwcq4ipl3w: Ingenieria!A:K (20 rows)
2026-07-21 13:46:34,544 - __main__ - INFO - Read 20 rows from Ingenieria
2026-07-21 13:46:35,064 - modules.sheets_manager - INFO - Sheet names for 1K4yNUOomuBCgRDt8kY_r7nhKq8J0FZ-iPtxviluFhoA: ['Obras']
2026-07-21 13:46:35,385 - modules.sheets_manager - INFO - Data read from 1K4yNUOomuBCgRDt8kY_r7nhKq8J0FZ-iPtxviluFhoA: Obras!A:K (16 rows)
2026-07-21 13:46:35,385 - __main__ - INFO - Read 16 rows from Obras
2026-07-21 13:46:35,724 - modules.sheets_manager - INFO - Sheet names for 1NmI8DwyPCNe8HsnDBlIu__FL_Peff2N-UYQ946SuBBA: ['Mantenimiento']
2026-07-21 13:46:36,020 - modules.sheets_manager - INFO - Data read from 1NmI8DwyPCNe8HsnDBlIu__FL_Peff2N-UYQ946SuBBA: Mantenimiento!A:K (16 rows)
2026-07-21 13:46:36,020 - __main__ - INFO - Read 16 rows from Mantenimiento
2026-07-21 13:46:36,020 - modules.consolidator - INFO - [Ingenieria] Row count: 19, Column count: 11
2026-07-21 13:46:36,020 - modules.consolidator - INFO - [Ingenieria] Actual headers from sheet: ['ID_Proyecto', 'Cliente', 'Descripcion', 'Fecha_Inicio', 'Fecha_Entrega', 'Estado', 'Responsable', 'Fecha último estado', 'Diferencia de días', 'Estado', 'Descripción']
2026-07-21 13:46:36,021 - modules.consolidator - INFO - [Ingenieria] DataFrame shape before mapping: (19, 11)
2026-07-21 13:46:36,021 - modules.consolidator - INFO - [Ingenieria] DataFrame columns: ['ID_Proyecto', 'Cliente', 'Descripcion', 'Fecha_Inicio', 'Fecha_Entrega', 'Estado', 'Responsable', 'Fecha último estado', 'Diferencia de días', 'Estado', 'Descripción']
2026-07-21 13:46:36,021 - modules.consolidator - INFO - [Ingenieria] Detected Excel format (11 columns), applying mapping...
2026-07-21 13:46:36,022 - modules.consolidator - INFO - Starting Excel column mapping for 19 rows
2026-07-21 13:46:36,022 - modules.consolidator - INFO - Input columns: ['ID_Proyecto', 'Cliente', 'Descripcion', 'Fecha_Inicio', 'Fecha_Entrega', 'Estado', 'Responsable', 'Fecha último estado', 'Diferencia de días', 'Estado', 'Descripción']
2026-07-21 13:46:36,023 - modules.consolidator - INFO - Mapped columns by position: ['ID_Proyecto', 'Cliente', 'Responsable', 'Fecha_Inicio', 'Fecha_Entrega', 'Fecha último estado', 'Estado', 'Descripcion']
2026-07-21 13:46:36,024 - modules.consolidator - INFO - Mapped 19 rows from Excel format to standard format
2026-07-21 13:46:36,024 - modules.consolidator - INFO - Output columns: ['ID_Proyecto', 'Cliente', 'Descripcion', 'Fecha_Inicio', 'Fecha_Entrega', 'Estado', 'Responsable']
2026-07-21 13:46:36,024 - modules.consolidator - INFO - [Ingenieria] DataFrame columns after mapping: ['ID_Proyecto', 'Cliente', 'Descripcion', 'Fecha_Inicio', 'Fecha_Entrega', 'Estado', 'Responsable']
2026-07-21 13:46:36,026 - modules.consolidator - INFO - Prepared 19 rows from Ingenieria
2026-07-21 13:46:36,027 - modules.consolidator - INFO - [Obras] Row count: 15, Column count: 11
2026-07-21 13:46:36,027 - modules.consolidator - INFO - [Obras] Actual headers from sheet: ['ID_Proyecto', 'Cliente', 'Descripcion', 'Fecha_Inicio', 'Fecha_Entrega', 'Estado', 'Responsable', 'Fecha último estado', 'Diferencia de días', 'Estado', 'Descripción']
2026-07-21 13:46:36,028 - modules.consolidator - INFO - [Obras] DataFrame shape before mapping: (15, 11)
2026-07-21 13:46:36,028 - modules.consolidator - INFO - [Obras] DataFrame columns: ['ID_Proyecto', 'Cliente', 'Descripcion', 'Fecha_Inicio', 'Fecha_Entrega', 'Estado', 'Responsable', 'Fecha último estado', 'Diferencia de días', 'Estado', 'Descripción']
2026-07-21 13:46:36,028 - modules.consolidator - INFO - [Obras] Detected Excel format (11 columns), applying mapping...
2026-07-21 13:46:36,028 - modules.consolidator - INFO - Starting Excel column mapping for 15 rows
2026-07-21 13:46:36,028 - modules.consolidator - INFO - Input columns: ['ID_Proyecto', 'Cliente', 'Descripcion', 'Fecha_Inicio', 'Fecha_Entrega', 'Estado', 'Responsable', 'Fecha último estado', 'Diferencia de días', 'Estado', 'Descripción']
2026-07-21 13:46:36,029 - modules.consolidator - INFO - Mapped columns by position: ['ID_Proyecto', 'Cliente', 'Responsable', 'Fecha_Inicio', 'Fecha_Entrega', 'Fecha último estado', 'Estado', 'Descripcion']
2026-07-21 13:46:36,030 - modules.consolidator - INFO - Mapped 15 rows from Excel format to standard format
2026-07-21 13:46:36,030 - modules.consolidator - INFO - Output columns: ['ID_Proyecto', 'Cliente', 'Descripcion', 'Fecha_Inicio', 'Fecha_Entrega', 'Estado', 'Responsable']
2026-07-21 13:46:36,030 - modules.consolidator - INFO - [Obras] DataFrame columns after mapping: ['ID_Proyecto', 'Cliente', 'Descripcion', 'Fecha_Inicio', 'Fecha_Entrega', 'Estado', 'Responsable']
2026-07-21 13:46:36,032 - modules.consolidator - INFO - Prepared 15 rows from Obras
2026-07-21 13:46:36,032 - modules.consolidator - INFO - [Mantenimiento] Row count: 15, Column count: 11
2026-07-21 13:46:36,032 - modules.consolidator - INFO - [Mantenimiento] Actual headers from sheet: ['ID_Proyecto', 'Cliente', 'Descripcion', 'Fecha_Inicio', 'Fecha_Entrega', 'Estado', 'Responsable', 'Fecha último estado', 'Diferencia de días', 'Estado', 'Descripción']
2026-07-21 13:46:36,033 - modules.consolidator - INFO - [Mantenimiento] DataFrame shape before mapping: (15, 11)
2026-07-21 13:46:36,033 - modules.consolidator - INFO - [Mantenimiento] DataFrame columns: ['ID_Proyecto', 'Cliente', 'Descripcion', 'Fecha_Inicio', 'Fecha_Entrega', 'Estado', 'Responsable', 'Fecha último estado', 'Diferencia de días', 'Estado', 'Descripción']
2026-07-21 13:46:36,033 - modules.consolidator - INFO - [Mantenimiento] Detected Excel format (11 columns), applying mapping...
2026-07-21 13:46:36,033 - modules.consolidator - INFO - Starting Excel column mapping for 15 rows
2026-07-21 13:46:36,033 - modules.consolidator - INFO - Input columns: ['ID_Proyecto', 'Cliente', 'Descripcion', 'Fecha_Inicio', 'Fecha_Entrega', 'Estado', 'Responsable', 'Fecha último estado', 'Diferencia de días', 'Estado', 'Descripción']
2026-07-21 13:46:36,035 - modules.consolidator - INFO - Mapped columns by position: ['ID_Proyecto', 'Cliente', 'Responsable', 'Fecha_Inicio', 'Fecha_Entrega', 'Fecha último estado', 'Estado', 'Descripcion']
2026-07-21 13:46:36,035 - modules.consolidator - INFO - Mapped 15 rows from Excel format to standard format
2026-07-21 13:46:36,036 - modules.consolidator - INFO - Output columns: ['ID_Proyecto', 'Cliente', 'Descripcion', 'Fecha_Inicio', 'Fecha_Entrega', 'Estado', 'Responsable']
2026-07-21 13:46:36,036 - modules.consolidator - INFO - [Mantenimiento] DataFrame columns after mapping: ['ID_Proyecto', 'Cliente', 'Descripcion', 'Fecha_Inicio', 'Fecha_Entrega', 'Estado', 'Responsable']
2026-07-21 13:46:36,037 - modules.consolidator - INFO - Prepared 15 rows from Mantenimiento
2026-07-21 13:46:36,038 - modules.consolidator - INFO - Consolidated 49 total projects from all departments
2026-07-21 13:48:21,319 - menu - INFO - Loaded 1 saved Gmail accounts
2026-07-21 13:48:27,711 - __main__ - INFO - Selected account: germanty123@gmail.com (personal)
2026-07-21 13:48:27,711 - __main__ - INFO - Using token: .gmail_tokens/germanty123_gmail_com_token.json
2026-07-21 13:48:27,712 - modules.auth - INFO - Loading OAuth2 token from: .gmail_tokens/germanty123_gmail_com_token.json
2026-07-21 13:48:27,836 - modules.auth - INFO - Token refreshed successfully
2026-07-21 13:48:27,837 - modules.auth - INFO - OAuth2 authentication successful
2026-07-21 13:48:27,838 - googleapiclient.discovery_cache - INFO - file_cache is only supported with oauth2client<4.0.0
2026-07-21 13:48:27,840 - googleapiclient.discovery_cache - INFO - file_cache is only supported with oauth2client<4.0.0
2026-07-21 13:48:27,843 - googleapiclient.discovery_cache - INFO - file_cache is only supported with oauth2client<4.0.0
2026-07-21 13:48:27,845 - modules.auth - INFO - Successfully authenticated with Google Cloud
2026-07-21 13:48:27,845 - modules.auth - INFO - Authentication method: OAuth2
2026-07-21 13:48:27,845 - modules.drive_manager - INFO - Drive Manager initialized successfully
2026-07-21 13:48:27,845 - modules.sheets_manager - INFO - Sheets Manager initialized successfully
2026-07-21 13:48:27,845 - modules.scheduler - INFO - Scheduler initialized with 3 days threshold
2026-07-21 13:48:27,845 - modules.consolidator - INFO - Consolidator initialized
2026-07-21 13:48:27,845 - modules.notifier - INFO - Notifier initialized
2026-07-21 13:48:27,845 - __main__ - INFO - Application initialized successfully
2026-07-21 13:48:28,346 - __main__ - INFO - 
2026-07-21 13:48:28,346 - __main__ - INFO - ╔====================================================================╗
2026-07-21 13:48:28,346 - __main__ - INFO - ║              PROJECT SCHEDULER - FULL EXECUTION CYCLE              ║
2026-07-21 13:48:28,346 - __main__ - INFO - ╚====================================================================╝
2026-07-21 13:48:28,346 - __main__ - INFO - 
2026-07-21 13:48:28,346 - __main__ - INFO - ======================================================================
2026-07-21 13:48:28,346 - __main__ - INFO - STEP 1: Setting up folder structure
2026-07-21 13:48:28,346 - __main__ - INFO - ======================================================================
2026-07-21 13:48:28,900 - modules.drive_manager - INFO - Folder found: Proyectos_Empresa (ID: 1dMu2WeU3bbzqPEFEAoNySonP1eKTC71u)
2026-07-21 13:48:28,900 - __main__ - INFO - Root folder created with ID: 1dMu2WeU3bbzqPEFEAoNySonP1eKTC71u
2026-07-21 13:48:29,253 - modules.drive_manager - INFO - Folder found: Ingenieria (ID: 1Voz7pY4e1gXbiHrohg8kE7ORywmh9oPe)
2026-07-21 13:48:29,551 - modules.drive_manager - INFO - Folder found: Clientes (ID: 1-pW6dcCmpM7yr9pfNA895HVeLNA87AL9)
2026-07-21 13:48:29,551 - __main__ - INFO - Ingenieria department folder: 1Voz7pY4e1gXbiHrohg8kE7ORywmh9oPe
2026-07-21 13:48:29,551 - __main__ - INFO - Ingenieria clients folder: 1-pW6dcCmpM7yr9pfNA895HVeLNA87AL9
2026-07-21 13:48:29,888 - modules.drive_manager - INFO - Folder found: Obras (ID: 1pxkkVZK_9XrhMBlKJfgvwYdjrPASagkY)
2026-07-21 13:48:30,185 - modules.drive_manager - INFO - Folder found: Clientes (ID: 17GspBkoAYHSJUIaC7663vAIB8bz495ID)
2026-07-21 13:48:30,185 - __main__ - INFO - Obras department folder: 1pxkkVZK_9XrhMBlKJfgvwYdjrPASagkY
2026-07-21 13:48:30,185 - __main__ - INFO - Obras clients folder: 17GspBkoAYHSJUIaC7663vAIB8bz495ID
2026-07-21 13:48:30,457 - modules.drive_manager - INFO - Folder found: Mantenimiento (ID: 15Ykg8P5i8lHto5TSl2_mCnwuz6u0Vj7f)
2026-07-21 13:48:30,761 - modules.drive_manager - INFO - Folder found: Clientes (ID: 1rIzjgwvLwRIaRc-qbJi4Uubu2DeBpkK_)
2026-07-21 13:48:30,761 - __main__ - INFO - Mantenimiento department folder: 15Ykg8P5i8lHto5TSl2_mCnwuz6u0Vj7f
2026-07-21 13:48:30,761 - __main__ - INFO - Mantenimiento clients folder: 1rIzjgwvLwRIaRc-qbJi4Uubu2DeBpkK_
2026-07-21 13:48:30,761 - __main__ - INFO - 
2026-07-21 13:48:30,761 - __main__ - INFO - ======================================================================
2026-07-21 13:48:30,762 - __main__ - INFO - STEP 2: Setting up spreadsheets
2026-07-21 13:48:30,762 - __main__ - INFO - ======================================================================
2026-07-21 13:48:31,330 - modules.sheets_manager - INFO - Spreadsheet found: Cronograma_Ingenieria (ID: 1c9kxSxwPG3huAebtoMKoopB8Zprzcm5ncFwcq4ipl3w)
2026-07-21 13:48:31,870 - modules.sheets_manager - INFO - Sheet names for 1c9kxSxwPG3huAebtoMKoopB8Zprzcm5ncFwcq4ipl3w: ['Ingenieria']
2026-07-21 13:48:31,870 - modules.sheets_manager - INFO - Sheet 'Ingenieria' already exists
2026-07-21 13:48:32,142 - modules.sheets_manager - INFO - Data written to 1c9kxSxwPG3huAebtoMKoopB8Zprzcm5ncFwcq4ipl3w: Ingenieria!A1 (1 rows)
2026-07-21 13:48:32,142 - __main__ - INFO - Headers created for Ingenieria
2026-07-21 13:48:32,142 - __main__ - INFO - Spreadsheet for Ingenieria: 1c9kxSxwPG3huAebtoMKoopB8Zprzcm5ncFwcq4ipl3w
2026-07-21 13:48:32,616 - modules.sheets_manager - INFO - Spreadsheet found: Cronograma_Obras (ID: 1K4yNUOomuBCgRDt8kY_r7nhKq8J0FZ-iPtxviluFhoA)
2026-07-21 13:48:33,255 - modules.sheets_manager - INFO - Sheet names for 1K4yNUOomuBCgRDt8kY_r7nhKq8J0FZ-iPtxviluFhoA: ['Obras']
2026-07-21 13:48:33,255 - modules.sheets_manager - INFO - Sheet 'Obras' already exists
2026-07-21 13:48:33,583 - modules.sheets_manager - INFO - Data written to 1K4yNUOomuBCgRDt8kY_r7nhKq8J0FZ-iPtxviluFhoA: Obras!A1 (1 rows)
2026-07-21 13:48:33,583 - __main__ - INFO - Headers created for Obras
2026-07-21 13:48:33,583 - __main__ - INFO - Spreadsheet for Obras: 1K4yNUOomuBCgRDt8kY_r7nhKq8J0FZ-iPtxviluFhoA
2026-07-21 13:48:34,616 - modules.sheets_manager - INFO - Spreadsheet found: Cronograma_Mantenimiento (ID: 1NmI8DwyPCNe8HsnDBlIu__FL_Peff2N-UYQ946SuBBA)
2026-07-21 13:48:35,050 - modules.sheets_manager - INFO - Sheet names for 1NmI8DwyPCNe8HsnDBlIu__FL_Peff2N-UYQ946SuBBA: ['Mantenimiento']
2026-07-21 13:48:35,050 - modules.sheets_manager - INFO - Sheet 'Mantenimiento' already exists
2026-07-21 13:48:35,369 - modules.sheets_manager - INFO - Data written to 1NmI8DwyPCNe8HsnDBlIu__FL_Peff2N-UYQ946SuBBA: Mantenimiento!A1 (1 rows)
2026-07-21 13:48:35,369 - __main__ - INFO - Headers created for Mantenimiento
2026-07-21 13:48:35,369 - __main__ - INFO - Spreadsheet for Mantenimiento: 1NmI8DwyPCNe8HsnDBlIu__FL_Peff2N-UYQ946SuBBA
2026-07-21 13:48:35,727 - modules.sheets_manager - INFO - Spreadsheet found: Cronograma_Maestro (ID: 1yHvzhJCsfi1UZ_XtxOnesgaMakNtsNjvkIMP2gaYDgw)
2026-07-21 13:48:35,983 - modules.sheets_manager - INFO - Sheet names for 1yHvzhJCsfi1UZ_XtxOnesgaMakNtsNjvkIMP2gaYDgw: ['Cronograma_Maestro']
2026-07-21 13:48:35,983 - modules.sheets_manager - INFO - Sheet 'Cronograma_Maestro' already exists
2026-07-21 13:48:36,314 - modules.sheets_manager - INFO - Data written to 1yHvzhJCsfi1UZ_XtxOnesgaMakNtsNjvkIMP2gaYDgw: Cronograma_Maestro!A1 (1 rows)
2026-07-21 13:48:36,314 - __main__ - INFO - Headers created for master schedule
2026-07-21 13:48:36,314 - __main__ - INFO - Master schedule spreadsheet: 1yHvzhJCsfi1UZ_XtxOnesgaMakNtsNjvkIMP2gaYDgw
2026-07-21 13:48:36,314 - __main__ - INFO - 
2026-07-21 13:48:36,314 - __main__ - INFO - ======================================================================
2026-07-21 13:48:36,314 - __main__ - INFO - STEP 3: Consolidating schedules
2026-07-21 13:48:36,314 - __main__ - INFO - ======================================================================
2026-07-21 13:48:36,533 - modules.sheets_manager - INFO - Sheet names for 1c9kxSxwPG3huAebtoMKoopB8Zprzcm5ncFwcq4ipl3w: ['Ingenieria']
2026-07-21 13:48:36,795 - modules.sheets_manager - INFO - Data read from 1c9kxSxwPG3huAebtoMKoopB8Zprzcm5ncFwcq4ipl3w: Ingenieria!A:K (20 rows)
2026-07-21 13:48:36,795 - __main__ - INFO - Read 20 rows from Ingenieria
2026-07-21 13:48:37,032 - modules.sheets_manager - INFO - Sheet names for 1K4yNUOomuBCgRDt8kY_r7nhKq8J0FZ-iPtxviluFhoA: ['Obras']
2026-07-21 13:48:37,312 - modules.sheets_manager - INFO - Data read from 1K4yNUOomuBCgRDt8kY_r7nhKq8J0FZ-iPtxviluFhoA: Obras!A:K (16 rows)
2026-07-21 13:48:37,312 - __main__ - INFO - Read 16 rows from Obras
2026-07-21 13:48:37,530 - modules.sheets_manager - INFO - Sheet names for 1NmI8DwyPCNe8HsnDBlIu__FL_Peff2N-UYQ946SuBBA: ['Mantenimiento']
2026-07-21 13:48:37,913 - modules.sheets_manager - INFO - Data read from 1NmI8DwyPCNe8HsnDBlIu__FL_Peff2N-UYQ946SuBBA: Mantenimiento!A:K (16 rows)
2026-07-21 13:48:37,913 - __main__ - INFO - Read 16 rows from Mantenimiento
2026-07-21 13:48:37,913 - modules.consolidator - INFO - [Ingenieria] Row count: 19, Column count: 11
2026-07-21 13:48:37,913 - modules.consolidator - INFO - [Ingenieria] Actual headers from sheet: ['ID_Proyecto', 'Cliente', 'Descripcion', 'Fecha_Inicio', 'Fecha_Entrega', 'Estado', 'Responsable', 'Fecha último estado', 'Diferencia de días', 'Estado', 'Descripción']
2026-07-21 13:48:37,914 - modules.consolidator - INFO - [Ingenieria] DataFrame shape before mapping: (19, 11)
2026-07-21 13:48:37,914 - modules.consolidator - INFO - [Ingenieria] DataFrame columns: ['ID_Proyecto', 'Cliente', 'Descripcion', 'Fecha_Inicio', 'Fecha_Entrega', 'Estado', 'Responsable', 'Fecha último estado', 'Diferencia de días', 'Estado', 'Descripción']
2026-07-21 13:48:37,914 - modules.consolidator - INFO - [Ingenieria] Detected Excel format (11 columns), applying mapping...
2026-07-21 13:48:37,914 - modules.consolidator - INFO - Starting Excel column mapping for 19 rows
2026-07-21 13:48:37,914 - modules.consolidator - INFO - Input columns: ['ID_Proyecto', 'Cliente', 'Descripcion', 'Fecha_Inicio', 'Fecha_Entrega', 'Estado', 'Responsable', 'Fecha último estado', 'Diferencia de días', 'Estado', 'Descripción']
2026-07-21 13:48:37,915 - modules.consolidator - INFO - Mapped columns by position: ['ID_Proyecto', 'Cliente', 'Responsable', 'Fecha_Inicio', 'Fecha_Entrega', 'Fecha último estado', 'Estado', 'Descripcion']
2026-07-21 13:48:37,916 - modules.consolidator - INFO - Mapped 19 rows from Excel format to standard format
2026-07-21 13:48:37,916 - modules.consolidator - INFO - Output columns: ['ID_Proyecto', 'Cliente', 'Descripcion', 'Fecha_Inicio', 'Fecha_Entrega', 'Estado', 'Responsable']
2026-07-21 13:48:37,916 - modules.consolidator - INFO - [Ingenieria] DataFrame columns after mapping: ['ID_Proyecto', 'Cliente', 'Descripcion', 'Fecha_Inicio', 'Fecha_Entrega', 'Estado', 'Responsable']
2026-07-21 13:48:37,917 - modules.consolidator - INFO - Prepared 19 rows from Ingenieria
2026-07-21 13:48:37,917 - modules.consolidator - INFO - [Obras] Row count: 15, Column count: 11
2026-07-21 13:48:37,917 - modules.consolidator - INFO - [Obras] Actual headers from sheet: ['ID_Proyecto', 'Cliente', 'Descripcion', 'Fecha_Inicio', 'Fecha_Entrega', 'Estado', 'Responsable', 'Fecha último estado', 'Diferencia de días', 'Estado', 'Descripción']
2026-07-21 13:48:37,917 - modules.consolidator - INFO - [Obras] DataFrame shape before mapping: (15, 11)
2026-07-21 13:48:37,917 - modules.consolidator - INFO - [Obras] DataFrame columns: ['ID_Proyecto', 'Cliente', 'Descripcion', 'Fecha_Inicio', 'Fecha_Entrega', 'Estado', 'Responsable', 'Fecha último estado', 'Diferencia de días', 'Estado', 'Descripción']
2026-07-21 13:48:37,917 - modules.consolidator - INFO - [Obras] Detected Excel format (11 columns), applying mapping...
2026-07-21 13:48:37,917 - modules.consolidator - INFO - Starting Excel column mapping for 15 rows
2026-07-21 13:48:37,918 - modules.consolidator - INFO - Input columns: ['ID_Proyecto', 'Cliente', 'Descripcion', 'Fecha_Inicio', 'Fecha_Entrega', 'Estado', 'Responsable', 'Fecha último estado', 'Diferencia de días', 'Estado', 'Descripción']
2026-07-21 13:48:37,918 - modules.consolidator - INFO - Mapped columns by position: ['ID_Proyecto', 'Cliente', 'Responsable', 'Fecha_Inicio', 'Fecha_Entrega', 'Fecha último estado', 'Estado', 'Descripcion']
2026-07-21 13:48:37,919 - modules.consolidator - INFO - Mapped 15 rows from Excel format to standard format
2026-07-21 13:48:37,919 - modules.consolidator - INFO - Output columns: ['ID_Proyecto', 'Cliente', 'Descripcion', 'Fecha_Inicio', 'Fecha_Entrega', 'Estado', 'Responsable']
2026-07-21 13:48:37,919 - modules.consolidator - INFO - [Obras] DataFrame columns after mapping: ['ID_Proyecto', 'Cliente', 'Descripcion', 'Fecha_Inicio', 'Fecha_Entrega', 'Estado', 'Responsable']
2026-07-21 13:48:37,920 - modules.consolidator - INFO - Prepared 15 rows from Obras
2026-07-21 13:48:37,920 - modules.consolidator - INFO - [Mantenimiento] Row count: 15, Column count: 11
2026-07-21 13:48:37,920 - modules.consolidator - INFO - [Mantenimiento] Actual headers from sheet: ['ID_Proyecto', 'Cliente', 'Descripcion', 'Fecha_Inicio', 'Fecha_Entrega', 'Estado', 'Responsable', 'Fecha último estado', 'Diferencia de días', 'Estado', 'Descripción']
2026-07-21 13:48:37,920 - modules.consolidator - INFO - [Mantenimiento] DataFrame shape before mapping: (15, 11)
2026-07-21 13:48:37,920 - modules.consolidator - INFO - [Mantenimiento] DataFrame columns: ['ID_Proyecto', 'Cliente', 'Descripcion', 'Fecha_Inicio', 'Fecha_Entrega', 'Estado', 'Responsable', 'Fecha último estado', 'Diferencia de días', 'Estado', 'Descripción']
2026-07-21 13:48:37,921 - modules.consolidator - INFO - [Mantenimiento] Detected Excel format (11 columns), applying mapping...
2026-07-21 13:48:37,921 - modules.consolidator - INFO - Starting Excel column mapping for 15 rows
2026-07-21 13:48:37,921 - modules.consolidator - INFO - Input columns: ['ID_Proyecto', 'Cliente', 'Descripcion', 'Fecha_Inicio', 'Fecha_Entrega', 'Estado', 'Responsable', 'Fecha último estado', 'Diferencia de días', 'Estado', 'Descripción']
2026-07-21 13:48:37,921 - modules.consolidator - INFO - Mapped columns by position: ['ID_Proyecto', 'Cliente', 'Responsable', 'Fecha_Inicio', 'Fecha_Entrega', 'Fecha último estado', 'Estado', 'Descripcion']
2026-07-21 13:48:37,922 - modules.consolidator - INFO - Mapped 15 rows from Excel format to standard format
2026-07-21 13:48:37,922 - modules.consolidator - INFO - Output columns: ['ID_Proyecto', 'Cliente', 'Descripcion', 'Fecha_Inicio', 'Fecha_Entrega', 'Estado', 'Responsable']
2026-07-21 13:48:37,922 - modules.consolidator - INFO - [Mantenimiento] DataFrame columns after mapping: ['ID_Proyecto', 'Cliente', 'Descripcion', 'Fecha_Inicio', 'Fecha_Entrega', 'Estado', 'Responsable']
2026-07-21 13:48:37,923 - modules.consolidator - INFO - Prepared 15 rows from Mantenimiento
2026-07-21 13:48:37,924 - modules.consolidator - INFO - Consolidated 49 total projects from all departments
2026-07-21 13:48:37,925 - modules.consolidator - INFO - Data validation: FAILED (1 errors)
2026-07-21 13:48:37,925 - __main__ - WARNING - Data validation issues: ['Invalid states found: En elaboración, Aprobado, En revisión, ']
2026-07-21 13:48:37,927 - modules.consolidator - INFO - Converted 49 rows to sheet format
2026-07-21 13:48:38,204 - modules.sheets_manager - INFO - Sheet names for 1yHvzhJCsfi1UZ_XtxOnesgaMakNtsNjvkIMP2gaYDgw: ['Cronograma_Maestro']
2026-07-21 13:48:38,486 - modules.sheets_manager - INFO - Data cleared from 1yHvzhJCsfi1UZ_XtxOnesgaMakNtsNjvkIMP2gaYDgw: Cronograma_Maestro!A2:H
2026-07-21 13:48:38,753 - modules.sheets_manager - INFO - Data written to 1yHvzhJCsfi1UZ_XtxOnesgaMakNtsNjvkIMP2gaYDgw: Cronograma_Maestro!A1 (50 rows)
2026-07-21 13:48:38,753 - __main__ - INFO - Consolidated 49 projects to master schedule
2026-07-21 13:48:38,758 - modules.consolidator - INFO - Generated summaries for 3 departments
2026-07-21 13:48:38,758 - __main__ - INFO - Ingenieria: {'departamento': 'Ingenieria', 'total_proyectos': 19, 'pendiente': 0, 'en_progreso': 0, 'completado': 0, 'retrasado': 0}
2026-07-21 13:48:38,758 - __main__ - INFO - Obras: {'departamento': 'Obras', 'total_proyectos': 15, 'pendiente': 0, 'en_progreso': 0, 'completado': 0, 'retrasado': 0}
2026-07-21 13:48:38,758 - __main__ - INFO - Mantenimiento: {'departamento': 'Mantenimiento', 'total_proyectos': 15, 'pendiente': 0, 'en_progreso': 0, 'completado': 0, 'retrasado': 0}
2026-07-21 13:48:38,759 - __main__ - INFO - 
2026-07-21 13:48:38,759 - __main__ - INFO - ======================================================================
2026-07-21 13:48:38,759 - __main__ - INFO - STEP 4: Evaluating alerts
2026-07-21 13:48:38,759 - __main__ - INFO - ======================================================================
2026-07-21 13:48:38,762 - modules.scheduler - INFO - Alert evaluation complete: 22 overdue, 0 approaching
2026-07-21 13:48:38,762 - alerts - WARNING - [VENCIDO] 1901 - Shell Argentina - Dock Sud - Depto: Ingenieria - Proyecto vencido hace 32 días
2026-07-21 13:48:38,762 - alerts - WARNING - [VENCIDO] 1903 - Techint - Siderar San Nicolás - Depto: Ingenieria - Proyecto vencido hace 42 días
2026-07-21 13:48:38,762 - alerts - WARNING - [VENCIDO] 1905 - ArcelorMittal - Villa Constitución - Depto: Ingenieria - Proyecto vencido hace 21 días
2026-07-21 13:48:38,762 - alerts - WARNING - [VENCIDO] 1907 - Cargill - Bahía Blanca - Depto: Ingenieria - Proyecto vencido hace 78 días
2026-07-21 13:48:38,762 - alerts - WARNING - [VENCIDO] 1909 - Loma Negra - Barker - Depto: Ingenieria - Proyecto vencido hace 14 días
2026-07-21 13:48:38,762 - alerts - WARNING - [VENCIDO] 1911 - Toyota Argentina - Zárate - Depto: Ingenieria - Proyecto vencido hace 51 días
2026-07-21 13:48:38,762 - alerts - WARNING - [VENCIDO] 1913 - General Motors - Alvear - Depto: Ingenieria - Proyecto vencido hace 17 días
2026-07-21 13:48:38,762 - alerts - WARNING - [VENCIDO] 1884 - SEGURIDAD S.R.L - Depto: Ingenieria - Proyecto vencido hace 1 días
2026-07-21 13:48:38,762 - alerts - WARNING - [VENCIDO] 2101 - Telefónica Argentina - Parque Patricios - Depto: Obras - Proyecto vencido hace 30 días
2026-07-21 13:48:38,762 - alerts - WARNING - [VENCIDO] 2103 - Amazon Web Services - Bahía Blanca - Depto: Obras - Proyecto vencido hace 42 días
2026-07-21 13:48:38,762 - alerts - WARNING - [VENCIDO] 2105 - Santander Río - Puerto Madero - Depto: Obras - Proyecto vencido hace 21 días
2026-07-21 13:48:38,763 - alerts - WARNING - [VENCIDO] 2107 - Banco Galicia - San Isidro - Depto: Obras - Proyecto vencido hace 58 días
2026-07-21 13:48:38,763 - alerts - WARNING - [VENCIDO] 2109 - ICBC Argentina - Retiro - Depto: Obras - Proyecto vencido hace 12 días
2026-07-21 13:48:38,763 - alerts - WARNING - [VENCIDO] 2111 - Banco Provincia - La Plata - Depto: Obras - Proyecto vencido hace 47 días
2026-07-21 13:48:38,763 - alerts - WARNING - [VENCIDO] 2113 - Unilever - Pilar - Depto: Obras - Proyecto vencido hace 21 días
2026-07-21 13:48:38,763 - alerts - WARNING - [VENCIDO] 2001 - Bunge Argentina - Puerto General San Martín - Depto: Mantenimiento - Proyecto vencido hace 27 días
2026-07-21 13:48:38,763 - alerts - WARNING - [VENCIDO] 2003 - Nidera - Villa María - Depto: Mantenimiento - Proyecto vencido hace 37 días
2026-07-21 13:48:38,763 - alerts - WARNING - [VENCIDO] 2005 - Toepfer - Puerto San Martín - Depto: Mantenimiento - Proyecto vencido hace 21 días
2026-07-21 13:48:38,763 - alerts - WARNING - [VENCIDO] 2007 - Vicentin - Avellaneda - Depto: Mantenimiento - Proyecto vencido hace 73 días
2026-07-21 13:48:38,763 - alerts - WARNING - [VENCIDO] 2009 - Aceitera General Deheza - Deheza - Depto: Mantenimiento - Proyecto vencido hace 17 días
2026-07-21 13:48:38,763 - alerts - WARNING - [VENCIDO] 2011 - Coca-Cola FEMSA - Merlo - Depto: Mantenimiento - Proyecto vencido hace 51 días
2026-07-21 13:48:38,763 - alerts - WARNING - [VENCIDO] 2013 - Arcor - Arroyito - Depto: Mantenimiento - Proyecto vencido hace 14 días
2026-07-21 13:48:38,763 - modules.notifier - INFO - Logged 22/22 alerts
2026-07-21 13:48:38,763 - modules.notifier - INFO - Logged 0/0 alerts
2026-07-21 13:48:38,763 - __main__ - INFO - Total alerts logged: 22
2026-07-21 13:48:38,763 - __main__ - INFO - ============================================================
RESUMEN DE ALERTAS - 21/07/2026 13:48
============================================================

PROYECTOS VENCIDOS: 22
  • 1901 - Shell Argentina - Dock Sud
    Departamento: Ingenieria
    Vencido hace: 32 días
    Responsable: Marcelo Battista

  • 1903 - Techint - Siderar San Nicolás
    Departamento: Ingenieria
    Vencido hace: 42 días
    Responsable: Marcelo Battista

  • 1905 - ArcelorMittal - Villa Constitución
    Departamento: Ingenieria
    Vencido hace: 21 días
    Responsable: Marcelo Battista

  • 1907 - Cargill - Bahía Blanca
    Departamento: Ingenieria
    Vencido hace: 78 días
    Responsable: Marcelo Battista

  • 1909 - Loma Negra - Barker
    Departamento: Ingenieria
    Vencido hace: 14 días
    Responsable: Marcelo Battista

  • 1911 - Toyota Argentina - Zárate
    Departamento: Ingenieria
    Vencido hace: 51 días
    Responsable: Marcelo Battista

  • 1913 - General Motors - Alvear
    Departamento: Ingenieria
    Vencido hace: 17 días
    Responsable: Marcelo Battista

  • 1884 - SEGURIDAD S.R.L
    Departamento: Ingenieria
    Vencido hace: 1 días
    Responsable: Fernando Menendez

  • 2101 - Telefónica Argentina - Parque Patricios
    Departamento: Obras
    Vencido hace: 30 días
    Responsable: Jorge Fernandez

  • 2103 - Amazon Web Services - Bahía Blanca
    Departamento: Obras
    Vencido hace: 42 días
    Responsable: Jorge Fernandez

  • 2105 - Santander Río - Puerto Madero
    Departamento: Obras
    Vencido hace: 21 días
    Responsable: Jorge Fernandez

  • 2107 - Banco Galicia - San Isidro
    Departamento: Obras
    Vencido hace: 58 días
    Responsable: Jorge Fernandez

  • 2109 - ICBC Argentina - Retiro
    Departamento: Obras
    Vencido hace: 12 días
    Responsable: Jorge Fernandez

  • 2111 - Banco Provincia - La Plata
    Departamento: Obras
    Vencido hace: 47 días
    Responsable: Jorge Fernandez

  • 2113 - Unilever - Pilar
    Departamento: Obras
    Vencido hace: 21 días
    Responsable: Jorge Fernandez

  • 2001 - Bunge Argentina - Puerto General San Martín
    Departamento: Mantenimiento
    Vencido hace: 27 días
    Responsable: Fernando Menendez

  • 2003 - Nidera - Villa María
    Departamento: Mantenimiento
    Vencido hace: 37 días
    Responsable: Fernando Menendez

  • 2005 - Toepfer - Puerto San Martín
    Departamento: Mantenimiento
    Vencido hace: 21 días
    Responsable: Fernando Menendez

  • 2007 - Vicentin - Avellaneda
    Departamento: Mantenimiento
    Vencido hace: 73 días
    Responsable: Fernando Menendez

  • 2009 - Aceitera General Deheza - Deheza
    Departamento: Mantenimiento
    Vencido hace: 17 días
    Responsable: Fernando Menendez

  • 2011 - Coca-Cola FEMSA - Merlo
    Departamento: Mantenimiento
    Vencido hace: 51 días
    Responsable: Fernando Menendez

  • 2013 - Arcor - Arroyito
    Departamento: Mantenimiento
    Vencido hace: 14 días
    Responsable: Fernando Menendez

PLAZOS PRÓXIMOS (próximos 3 días): 0
============================================================
2026-07-21 13:48:38,764 - alerts - INFO - 
======================================================================
RESUMEN DE EJECUCIÓN - 21/07/2026 13:48:38
======================================================================
Status: SUCCESS
Root Folder: 1dMu2WeU3bbzqPEFEAoNySonP1eKTC71u
Departments: 3
Master Schedule: 1yHvzhJCsfi1UZ_XtxOnesgaMakNtsNjvkIMP2gaYDgw
======================================================================

2026-07-21 13:48:38,764 - __main__ - INFO - 
2026-07-21 13:48:38,764 - __main__ - INFO - ✓ Execution completed successfully
2026-07-21 13:48:46,566 - __main__ - INFO - 
2026-07-21 13:48:46,566 - __main__ - INFO - ======================================================================
2026-07-21 13:48:46,566 - __main__ - INFO - REPORTE: SEMANA
2026-07-21 13:48:46,566 - __main__ - INFO - ======================================================================
2026-07-21 13:48:46,826 - modules.sheets_manager - INFO - Sheet names for 1c9kxSxwPG3huAebtoMKoopB8Zprzcm5ncFwcq4ipl3w: ['Ingenieria']
2026-07-21 13:48:47,041 - modules.sheets_manager - INFO - Data read from 1c9kxSxwPG3huAebtoMKoopB8Zprzcm5ncFwcq4ipl3w: Ingenieria!A:K (20 rows)
2026-07-21 13:48:47,041 - __main__ - INFO - Read 20 rows from Ingenieria
2026-07-21 13:48:47,308 - modules.sheets_manager - INFO - Sheet names for 1K4yNUOomuBCgRDt8kY_r7nhKq8J0FZ-iPtxviluFhoA: ['Obras']
2026-07-21 13:48:47,616 - modules.sheets_manager - INFO - Data read from 1K4yNUOomuBCgRDt8kY_r7nhKq8J0FZ-iPtxviluFhoA: Obras!A:K (16 rows)
2026-07-21 13:48:47,616 - __main__ - INFO - Read 16 rows from Obras
2026-07-21 13:48:47,867 - modules.sheets_manager - INFO - Sheet names for 1NmI8DwyPCNe8HsnDBlIu__FL_Peff2N-UYQ946SuBBA: ['Mantenimiento']
2026-07-21 13:48:48,123 - modules.sheets_manager - INFO - Data read from 1NmI8DwyPCNe8HsnDBlIu__FL_Peff2N-UYQ946SuBBA: Mantenimiento!A:K (16 rows)
2026-07-21 13:48:48,123 - __main__ - INFO - Read 16 rows from Mantenimiento
2026-07-21 13:48:48,123 - modules.consolidator - INFO - [Ingenieria] Row count: 19, Column count: 11
2026-07-21 13:48:48,123 - modules.consolidator - INFO - [Ingenieria] Actual headers from sheet: ['ID_Proyecto', 'Cliente', 'Descripcion', 'Fecha_Inicio', 'Fecha_Entrega', 'Estado', 'Responsable', 'Fecha último estado', 'Diferencia de días', 'Estado', 'Descripción']
2026-07-21 13:48:48,124 - modules.consolidator - INFO - [Ingenieria] DataFrame shape before mapping: (19, 11)
2026-07-21 13:48:48,124 - modules.consolidator - INFO - [Ingenieria] DataFrame columns: ['ID_Proyecto', 'Cliente', 'Descripcion', 'Fecha_Inicio', 'Fecha_Entrega', 'Estado', 'Responsable', 'Fecha último estado', 'Diferencia de días', 'Estado', 'Descripción']
2026-07-21 13:48:48,124 - modules.consolidator - INFO - [Ingenieria] Detected Excel format (11 columns), applying mapping...
2026-07-21 13:48:48,124 - modules.consolidator - INFO - Starting Excel column mapping for 19 rows
2026-07-21 13:48:48,124 - modules.consolidator - INFO - Input columns: ['ID_Proyecto', 'Cliente', 'Descripcion', 'Fecha_Inicio', 'Fecha_Entrega', 'Estado', 'Responsable', 'Fecha último estado', 'Diferencia de días', 'Estado', 'Descripción']
2026-07-21 13:48:48,125 - modules.consolidator - INFO - Mapped columns by position: ['ID_Proyecto', 'Cliente', 'Responsable', 'Fecha_Inicio', 'Fecha_Entrega', 'Fecha último estado', 'Estado', 'Descripcion']
2026-07-21 13:48:48,126 - modules.consolidator - INFO - Mapped 19 rows from Excel format to standard format
2026-07-21 13:48:48,126 - modules.consolidator - INFO - Output columns: ['ID_Proyecto', 'Cliente', 'Descripcion', 'Fecha_Inicio', 'Fecha_Entrega', 'Estado', 'Responsable']
2026-07-21 13:48:48,126 - modules.consolidator - INFO - [Ingenieria] DataFrame columns after mapping: ['ID_Proyecto', 'Cliente', 'Descripcion', 'Fecha_Inicio', 'Fecha_Entrega', 'Estado', 'Responsable']
2026-07-21 13:48:48,127 - modules.consolidator - INFO - Prepared 19 rows from Ingenieria
2026-07-21 13:48:48,127 - modules.consolidator - INFO - [Obras] Row count: 15, Column count: 11
2026-07-21 13:48:48,127 - modules.consolidator - INFO - [Obras] Actual headers from sheet: ['ID_Proyecto', 'Cliente', 'Descripcion', 'Fecha_Inicio', 'Fecha_Entrega', 'Estado', 'Responsable', 'Fecha último estado', 'Diferencia de días', 'Estado', 'Descripción']
2026-07-21 13:48:48,127 - modules.consolidator - INFO - [Obras] DataFrame shape before mapping: (15, 11)
2026-07-21 13:48:48,128 - modules.consolidator - INFO - [Obras] DataFrame columns: ['ID_Proyecto', 'Cliente', 'Descripcion', 'Fecha_Inicio', 'Fecha_Entrega', 'Estado', 'Responsable', 'Fecha último estado', 'Diferencia de días', 'Estado', 'Descripción']
2026-07-21 13:48:48,128 - modules.consolidator - INFO - [Obras] Detected Excel format (11 columns), applying mapping...
2026-07-21 13:48:48,128 - modules.consolidator - INFO - Starting Excel column mapping for 15 rows
2026-07-21 13:48:48,128 - modules.consolidator - INFO - Input columns: ['ID_Proyecto', 'Cliente', 'Descripcion', 'Fecha_Inicio', 'Fecha_Entrega', 'Estado', 'Responsable', 'Fecha último estado', 'Diferencia de días', 'Estado', 'Descripción']
2026-07-21 13:48:48,129 - modules.consolidator - INFO - Mapped columns by position: ['ID_Proyecto', 'Cliente', 'Responsable', 'Fecha_Inicio', 'Fecha_Entrega', 'Fecha último estado', 'Estado', 'Descripcion']
2026-07-21 13:48:48,129 - modules.consolidator - INFO - Mapped 15 rows from Excel format to standard format
2026-07-21 13:48:48,129 - modules.consolidator - INFO - Output columns: ['ID_Proyecto', 'Cliente', 'Descripcion', 'Fecha_Inicio', 'Fecha_Entrega', 'Estado', 'Responsable']
2026-07-21 13:48:48,129 - modules.consolidator - INFO - [Obras] DataFrame columns after mapping: ['ID_Proyecto', 'Cliente', 'Descripcion', 'Fecha_Inicio', 'Fecha_Entrega', 'Estado', 'Responsable']
2026-07-21 13:48:48,130 - modules.consolidator - INFO - Prepared 15 rows from Obras
2026-07-21 13:48:48,130 - modules.consolidator - INFO - [Mantenimiento] Row count: 15, Column count: 11
2026-07-21 13:48:48,130 - modules.consolidator - INFO - [Mantenimiento] Actual headers from sheet: ['ID_Proyecto', 'Cliente', 'Descripcion', 'Fecha_Inicio', 'Fecha_Entrega', 'Estado', 'Responsable', 'Fecha último estado', 'Diferencia de días', 'Estado', 'Descripción']
2026-07-21 13:48:48,131 - modules.consolidator - INFO - [Mantenimiento] DataFrame shape before mapping: (15, 11)
2026-07-21 13:48:48,131 - modules.consolidator - INFO - [Mantenimiento] DataFrame columns: ['ID_Proyecto', 'Cliente', 'Descripcion', 'Fecha_Inicio', 'Fecha_Entrega', 'Estado', 'Responsable', 'Fecha último estado', 'Diferencia de días', 'Estado', 'Descripción']
2026-07-21 13:48:48,131 - modules.consolidator - INFO - [Mantenimiento] Detected Excel format (11 columns), applying mapping...
2026-07-21 13:48:48,131 - modules.consolidator - INFO - Starting Excel column mapping for 15 rows
2026-07-21 13:48:48,131 - modules.consolidator - INFO - Input columns: ['ID_Proyecto', 'Cliente', 'Descripcion', 'Fecha_Inicio', 'Fecha_Entrega', 'Estado', 'Responsable', 'Fecha último estado', 'Diferencia de días', 'Estado', 'Descripción']
2026-07-21 13:48:48,132 - modules.consolidator - INFO - Mapped columns by position: ['ID_Proyecto', 'Cliente', 'Responsable', 'Fecha_Inicio', 'Fecha_Entrega', 'Fecha último estado', 'Estado', 'Descripcion']
2026-07-21 13:48:48,133 - modules.consolidator - INFO - Mapped 15 rows from Excel format to standard format
2026-07-21 13:48:48,133 - modules.consolidator - INFO - Output columns: ['ID_Proyecto', 'Cliente', 'Descripcion', 'Fecha_Inicio', 'Fecha_Entrega', 'Estado', 'Responsable']
2026-07-21 13:48:48,133 - modules.consolidator - INFO - [Mantenimiento] DataFrame columns after mapping: ['ID_Proyecto', 'Cliente', 'Descripcion', 'Fecha_Inicio', 'Fecha_Entrega', 'Estado', 'Responsable']
2026-07-21 13:48:48,134 - modules.consolidator - INFO - Prepared 15 rows from Mantenimiento
2026-07-21 13:48:48,135 - modules.consolidator - INFO - Consolidated 49 total projects from all departments
2026-07-21 13:48:58,235 - __main__ - INFO - 
2026-07-21 13:48:58,235 - __main__ - INFO - ======================================================================
2026-07-21 13:48:58,235 - __main__ - INFO - REPORTE: MES
2026-07-21 13:48:58,235 - __main__ - INFO - ======================================================================
2026-07-21 13:48:58,465 - modules.sheets_manager - INFO - Sheet names for 1c9kxSxwPG3huAebtoMKoopB8Zprzcm5ncFwcq4ipl3w: ['Ingenieria']
2026-07-21 13:48:58,704 - modules.sheets_manager - INFO - Data read from 1c9kxSxwPG3huAebtoMKoopB8Zprzcm5ncFwcq4ipl3w: Ingenieria!A:K (20 rows)
2026-07-21 13:48:58,704 - __main__ - INFO - Read 20 rows from Ingenieria
2026-07-21 13:49:01,946 - modules.sheets_manager - INFO - Sheet names for 1K4yNUOomuBCgRDt8kY_r7nhKq8J0FZ-iPtxviluFhoA: ['Obras']
2026-07-21 13:49:03,047 - modules.sheets_manager - INFO - Data read from 1K4yNUOomuBCgRDt8kY_r7nhKq8J0FZ-iPtxviluFhoA: Obras!A:K (16 rows)
2026-07-21 13:49:03,047 - __main__ - INFO - Read 16 rows from Obras
2026-07-21 13:49:03,295 - modules.sheets_manager - INFO - Sheet names for 1NmI8DwyPCNe8HsnDBlIu__FL_Peff2N-UYQ946SuBBA: ['Mantenimiento']
2026-07-21 13:49:03,560 - modules.sheets_manager - INFO - Data read from 1NmI8DwyPCNe8HsnDBlIu__FL_Peff2N-UYQ946SuBBA: Mantenimiento!A:K (16 rows)
2026-07-21 13:49:03,561 - __main__ - INFO - Read 16 rows from Mantenimiento
2026-07-21 13:49:03,561 - modules.consolidator - INFO - [Ingenieria] Row count: 19, Column count: 11
2026-07-21 13:49:03,561 - modules.consolidator - INFO - [Ingenieria] Actual headers from sheet: ['ID_Proyecto', 'Cliente', 'Descripcion', 'Fecha_Inicio', 'Fecha_Entrega', 'Estado', 'Responsable', 'Fecha último estado', 'Diferencia de días', 'Estado', 'Descripción']
2026-07-21 13:49:03,561 - modules.consolidator - INFO - [Ingenieria] DataFrame shape before mapping: (19, 11)
2026-07-21 13:49:03,561 - modules.consolidator - INFO - [Ingenieria] DataFrame columns: ['ID_Proyecto', 'Cliente', 'Descripcion', 'Fecha_Inicio', 'Fecha_Entrega', 'Estado', 'Responsable', 'Fecha último estado', 'Diferencia de días', 'Estado', 'Descripción']
2026-07-21 13:49:03,561 - modules.consolidator - INFO - [Ingenieria] Detected Excel format (11 columns), applying mapping...
2026-07-21 13:49:03,561 - modules.consolidator - INFO - Starting Excel column mapping for 19 rows
2026-07-21 13:49:03,561 - modules.consolidator - INFO - Input columns: ['ID_Proyecto', 'Cliente', 'Descripcion', 'Fecha_Inicio', 'Fecha_Entrega', 'Estado', 'Responsable', 'Fecha último estado', 'Diferencia de días', 'Estado', 'Descripción']
2026-07-21 13:49:03,562 - modules.consolidator - INFO - Mapped columns by position: ['ID_Proyecto', 'Cliente', 'Responsable', 'Fecha_Inicio', 'Fecha_Entrega', 'Fecha último estado', 'Estado', 'Descripcion']
2026-07-21 13:49:03,563 - modules.consolidator - INFO - Mapped 19 rows from Excel format to standard format
2026-07-21 13:49:03,563 - modules.consolidator - INFO - Output columns: ['ID_Proyecto', 'Cliente', 'Descripcion', 'Fecha_Inicio', 'Fecha_Entrega', 'Estado', 'Responsable']
2026-07-21 13:49:03,563 - modules.consolidator - INFO - [Ingenieria] DataFrame columns after mapping: ['ID_Proyecto', 'Cliente', 'Descripcion', 'Fecha_Inicio', 'Fecha_Entrega', 'Estado', 'Responsable']
2026-07-21 13:49:03,564 - modules.consolidator - INFO - Prepared 19 rows from Ingenieria
2026-07-21 13:49:03,564 - modules.consolidator - INFO - [Obras] Row count: 15, Column count: 11
2026-07-21 13:49:03,564 - modules.consolidator - INFO - [Obras] Actual headers from sheet: ['ID_Proyecto', 'Cliente', 'Descripcion', 'Fecha_Inicio', 'Fecha_Entrega', 'Estado', 'Responsable', 'Fecha último estado', 'Diferencia de días', 'Estado', 'Descripción']
2026-07-21 13:49:03,565 - modules.consolidator - INFO - [Obras] DataFrame shape before mapping: (15, 11)
2026-07-21 13:49:03,565 - modules.consolidator - INFO - [Obras] DataFrame columns: ['ID_Proyecto', 'Cliente', 'Descripcion', 'Fecha_Inicio', 'Fecha_Entrega', 'Estado', 'Responsable', 'Fecha último estado', 'Diferencia de días', 'Estado', 'Descripción']
2026-07-21 13:49:03,565 - modules.consolidator - INFO - [Obras] Detected Excel format (11 columns), applying mapping...
2026-07-21 13:49:03,565 - modules.consolidator - INFO - Starting Excel column mapping for 15 rows
2026-07-21 13:49:03,565 - modules.consolidator - INFO - Input columns: ['ID_Proyecto', 'Cliente', 'Descripcion', 'Fecha_Inicio', 'Fecha_Entrega', 'Estado', 'Responsable', 'Fecha último estado', 'Diferencia de días', 'Estado', 'Descripción']
2026-07-21 13:49:03,566 - modules.consolidator - INFO - Mapped columns by position: ['ID_Proyecto', 'Cliente', 'Responsable', 'Fecha_Inicio', 'Fecha_Entrega', 'Fecha último estado', 'Estado', 'Descripcion']
2026-07-21 13:49:03,567 - modules.consolidator - INFO - Mapped 15 rows from Excel format to standard format
2026-07-21 13:49:03,567 - modules.consolidator - INFO - Output columns: ['ID_Proyecto', 'Cliente', 'Descripcion', 'Fecha_Inicio', 'Fecha_Entrega', 'Estado', 'Responsable']
2026-07-21 13:49:03,567 - modules.consolidator - INFO - [Obras] DataFrame columns after mapping: ['ID_Proyecto', 'Cliente', 'Descripcion', 'Fecha_Inicio', 'Fecha_Entrega', 'Estado', 'Responsable']
2026-07-21 13:49:03,569 - modules.consolidator - INFO - Prepared 15 rows from Obras
2026-07-21 13:49:03,569 - modules.consolidator - INFO - [Mantenimiento] Row count: 15, Column count: 11
2026-07-21 13:49:03,569 - modules.consolidator - INFO - [Mantenimiento] Actual headers from sheet: ['ID_Proyecto', 'Cliente', 'Descripcion', 'Fecha_Inicio', 'Fecha_Entrega', 'Estado', 'Responsable', 'Fecha último estado', 'Diferencia de días', 'Estado', 'Descripción']
2026-07-21 13:49:03,569 - modules.consolidator - INFO - [Mantenimiento] DataFrame shape before mapping: (15, 11)
2026-07-21 13:49:03,569 - modules.consolidator - INFO - [Mantenimiento] DataFrame columns: ['ID_Proyecto', 'Cliente', 'Descripcion', 'Fecha_Inicio', 'Fecha_Entrega', 'Estado', 'Responsable', 'Fecha último estado', 'Diferencia de días', 'Estado', 'Descripción']
2026-07-21 13:49:03,569 - modules.consolidator - INFO - [Mantenimiento] Detected Excel format (11 columns), applying mapping...
2026-07-21 13:49:03,569 - modules.consolidator - INFO - Starting Excel column mapping for 15 rows
2026-07-21 13:49:03,570 - modules.consolidator - INFO - Input columns: ['ID_Proyecto', 'Cliente', 'Descripcion', 'Fecha_Inicio', 'Fecha_Entrega', 'Estado', 'Responsable', 'Fecha último estado', 'Diferencia de días', 'Estado', 'Descripción']
2026-07-21 13:49:03,571 - modules.consolidator - INFO - Mapped columns by position: ['ID_Proyecto', 'Cliente', 'Responsable', 'Fecha_Inicio', 'Fecha_Entrega', 'Fecha último estado', 'Estado', 'Descripcion']
2026-07-21 13:49:03,571 - modules.consolidator - INFO - Mapped 15 rows from Excel format to standard format
2026-07-21 13:49:03,571 - modules.consolidator - INFO - Output columns: ['ID_Proyecto', 'Cliente', 'Descripcion', 'Fecha_Inicio', 'Fecha_Entrega', 'Estado', 'Responsable']
2026-07-21 13:49:03,571 - modules.consolidator - INFO - [Mantenimiento] DataFrame columns after mapping: ['ID_Proyecto', 'Cliente', 'Descripcion', 'Fecha_Inicio', 'Fecha_Entrega', 'Estado', 'Responsable']
2026-07-21 13:49:03,572 - modules.consolidator - INFO - Prepared 15 rows from Mantenimiento
2026-07-21 13:49:03,573 - modules.consolidator - INFO - Consolidated 49 total projects from all departments
2026-07-21 13:51:03,928 - __main__ - INFO - 
2026-07-21 13:51:03,928 - __main__ - INFO - ======================================================================
2026-07-21 13:51:03,928 - __main__ - INFO - REPORTE: GLOBAL
2026-07-21 13:51:03,928 - __main__ - INFO - ======================================================================
2026-07-21 13:51:04,455 - modules.sheets_manager - INFO - Sheet names for 1c9kxSxwPG3huAebtoMKoopB8Zprzcm5ncFwcq4ipl3w: ['Ingenieria']
2026-07-21 13:51:04,719 - modules.sheets_manager - INFO - Data read from 1c9kxSxwPG3huAebtoMKoopB8Zprzcm5ncFwcq4ipl3w: Ingenieria!A:K (20 rows)
2026-07-21 13:51:04,719 - __main__ - INFO - Read 20 rows from Ingenieria
2026-07-21 13:51:05,012 - modules.sheets_manager - INFO - Sheet names for 1K4yNUOomuBCgRDt8kY_r7nhKq8J0FZ-iPtxviluFhoA: ['Obras']
2026-07-21 13:51:05,440 - modules.sheets_manager - INFO - Data read from 1K4yNUOomuBCgRDt8kY_r7nhKq8J0FZ-iPtxviluFhoA: Obras!A:K (16 rows)
2026-07-21 13:51:05,440 - __main__ - INFO - Read 16 rows from Obras
2026-07-21 13:51:05,773 - modules.sheets_manager - INFO - Sheet names for 1NmI8DwyPCNe8HsnDBlIu__FL_Peff2N-UYQ946SuBBA: ['Mantenimiento']
2026-07-21 13:51:06,033 - modules.sheets_manager - INFO - Data read from 1NmI8DwyPCNe8HsnDBlIu__FL_Peff2N-UYQ946SuBBA: Mantenimiento!A:K (16 rows)
2026-07-21 13:51:06,033 - __main__ - INFO - Read 16 rows from Mantenimiento
2026-07-21 13:51:06,033 - modules.consolidator - INFO - [Ingenieria] Row count: 19, Column count: 11
2026-07-21 13:51:06,034 - modules.consolidator - INFO - [Ingenieria] Actual headers from sheet: ['ID_Proyecto', 'Cliente', 'Descripcion', 'Fecha_Inicio', 'Fecha_Entrega', 'Estado', 'Responsable', 'Fecha último estado', 'Diferencia de días', 'Estado', 'Descripción']
2026-07-21 13:51:06,034 - modules.consolidator - INFO - [Ingenieria] DataFrame shape before mapping: (19, 11)
2026-07-21 13:51:06,035 - modules.consolidator - INFO - [Ingenieria] DataFrame columns: ['ID_Proyecto', 'Cliente', 'Descripcion', 'Fecha_Inicio', 'Fecha_Entrega', 'Estado', 'Responsable', 'Fecha último estado', 'Diferencia de días', 'Estado', 'Descripción']
2026-07-21 13:51:06,035 - modules.consolidator - INFO - [Ingenieria] Detected Excel format (11 columns), applying mapping...
2026-07-21 13:51:06,035 - modules.consolidator - INFO - Starting Excel column mapping for 19 rows
2026-07-21 13:51:06,035 - modules.consolidator - INFO - Input columns: ['ID_Proyecto', 'Cliente', 'Descripcion', 'Fecha_Inicio', 'Fecha_Entrega', 'Estado', 'Responsable', 'Fecha último estado', 'Diferencia de días', 'Estado', 'Descripción']
2026-07-21 13:51:06,036 - modules.consolidator - INFO - Mapped columns by position: ['ID_Proyecto', 'Cliente', 'Responsable', 'Fecha_Inicio', 'Fecha_Entrega', 'Fecha último estado', 'Estado', 'Descripcion']
2026-07-21 13:51:06,037 - modules.consolidator - INFO - Mapped 19 rows from Excel format to standard format
2026-07-21 13:51:06,037 - modules.consolidator - INFO - Output columns: ['ID_Proyecto', 'Cliente', 'Descripcion', 'Fecha_Inicio', 'Fecha_Entrega', 'Estado', 'Responsable']
2026-07-21 13:51:06,037 - modules.consolidator - INFO - [Ingenieria] DataFrame columns after mapping: ['ID_Proyecto', 'Cliente', 'Descripcion', 'Fecha_Inicio', 'Fecha_Entrega', 'Estado', 'Responsable']
2026-07-21 13:51:06,039 - modules.consolidator - INFO - Prepared 19 rows from Ingenieria
2026-07-21 13:51:06,039 - modules.consolidator - INFO - [Obras] Row count: 15, Column count: 11
2026-07-21 13:51:06,039 - modules.consolidator - INFO - [Obras] Actual headers from sheet: ['ID_Proyecto', 'Cliente', 'Descripcion', 'Fecha_Inicio', 'Fecha_Entrega', 'Estado', 'Responsable', 'Fecha último estado', 'Diferencia de días', 'Estado', 'Descripción']
2026-07-21 13:51:06,040 - modules.consolidator - INFO - [Obras] DataFrame shape before mapping: (15, 11)
2026-07-21 13:51:06,040 - modules.consolidator - INFO - [Obras] DataFrame columns: ['ID_Proyecto', 'Cliente', 'Descripcion', 'Fecha_Inicio', 'Fecha_Entrega', 'Estado', 'Responsable', 'Fecha último estado', 'Diferencia de días', 'Estado', 'Descripción']
2026-07-21 13:51:06,040 - modules.consolidator - INFO - [Obras] Detected Excel format (11 columns), applying mapping...
2026-07-21 13:51:06,040 - modules.consolidator - INFO - Starting Excel column mapping for 15 rows
2026-07-21 13:51:06,040 - modules.consolidator - INFO - Input columns: ['ID_Proyecto', 'Cliente', 'Descripcion', 'Fecha_Inicio', 'Fecha_Entrega', 'Estado', 'Responsable', 'Fecha último estado', 'Diferencia de días', 'Estado', 'Descripción']
2026-07-21 13:51:06,041 - modules.consolidator - INFO - Mapped columns by position: ['ID_Proyecto', 'Cliente', 'Responsable', 'Fecha_Inicio', 'Fecha_Entrega', 'Fecha último estado', 'Estado', 'Descripcion']
2026-07-21 13:51:06,042 - modules.consolidator - INFO - Mapped 15 rows from Excel format to standard format
2026-07-21 13:51:06,042 - modules.consolidator - INFO - Output columns: ['ID_Proyecto', 'Cliente', 'Descripcion', 'Fecha_Inicio', 'Fecha_Entrega', 'Estado', 'Responsable']
2026-07-21 13:51:06,042 - modules.consolidator - INFO - [Obras] DataFrame columns after mapping: ['ID_Proyecto', 'Cliente', 'Descripcion', 'Fecha_Inicio', 'Fecha_Entrega', 'Estado', 'Responsable']
2026-07-21 13:51:06,044 - modules.consolidator - INFO - Prepared 15 rows from Obras
2026-07-21 13:51:06,044 - modules.consolidator - INFO - [Mantenimiento] Row count: 15, Column count: 11
2026-07-21 13:51:06,044 - modules.consolidator - INFO - [Mantenimiento] Actual headers from sheet: ['ID_Proyecto', 'Cliente', 'Descripcion', 'Fecha_Inicio', 'Fecha_Entrega', 'Estado', 'Responsable', 'Fecha último estado', 'Diferencia de días', 'Estado', 'Descripción']
2026-07-21 13:51:06,045 - modules.consolidator - INFO - [Mantenimiento] DataFrame shape before mapping: (15, 11)
2026-07-21 13:51:06,045 - modules.consolidator - INFO - [Mantenimiento] DataFrame columns: ['ID_Proyecto', 'Cliente', 'Descripcion', 'Fecha_Inicio', 'Fecha_Entrega', 'Estado', 'Responsable', 'Fecha último estado', 'Diferencia de días', 'Estado', 'Descripción']
2026-07-21 13:51:06,045 - modules.consolidator - INFO - [Mantenimiento] Detected Excel format (11 columns), applying mapping...
2026-07-21 13:51:06,045 - modules.consolidator - INFO - Starting Excel column mapping for 15 rows
2026-07-21 13:51:06,045 - modules.consolidator - INFO - Input columns: ['ID_Proyecto', 'Cliente', 'Descripcion', 'Fecha_Inicio', 'Fecha_Entrega', 'Estado', 'Responsable', 'Fecha último estado', 'Diferencia de días', 'Estado', 'Descripción']
2026-07-21 13:51:06,047 - modules.consolidator - INFO - Mapped columns by position: ['ID_Proyecto', 'Cliente', 'Responsable', 'Fecha_Inicio', 'Fecha_Entrega', 'Fecha último estado', 'Estado', 'Descripcion']
2026-07-21 13:51:06,048 - modules.consolidator - INFO - Mapped 15 rows from Excel format to standard format
2026-07-21 13:51:06,048 - modules.consolidator - INFO - Output columns: ['ID_Proyecto', 'Cliente', 'Descripcion', 'Fecha_Inicio', 'Fecha_Entrega', 'Estado', 'Responsable']
2026-07-21 13:51:06,048 - modules.consolidator - INFO - [Mantenimiento] DataFrame columns after mapping: ['ID_Proyecto', 'Cliente', 'Descripcion', 'Fecha_Inicio', 'Fecha_Entrega', 'Estado', 'Responsable']
2026-07-21 13:51:06,050 - modules.consolidator - INFO - Prepared 15 rows from Mantenimiento
2026-07-21 13:51:06,051 - modules.consolidator - INFO - Consolidated 49 total projects from all departments
2026-07-21 13:51:06,445 - modules.drive_manager - INFO - Folder found: Proyectos_Empresa (ID: 1dMu2WeU3bbzqPEFEAoNySonP1eKTC71u)
2026-07-21 13:51:09,789 - modules.sheets_manager - INFO - Spreadsheet created: Reporte_Global_21_07_2026 (ID: 1D-lJnrTCF2RUCe278OppIBcJ9y8BoMjGEYuecaNyoAo)
2026-07-21 13:51:09,789 - __main__ - INFO - Created report sheet: 1D-lJnrTCF2RUCe278OppIBcJ9y8BoMjGEYuecaNyoAo
2026-07-21 13:51:10,210 - modules.sheets_manager - INFO - Sheet names for 1D-lJnrTCF2RUCe278OppIBcJ9y8BoMjGEYuecaNyoAo: ['Hoja 1']
2026-07-21 13:51:10,854 - modules.sheets_manager - INFO - Sheet renamed: 'Hoja 1' → 'Reporte_Global_21_07_2026'
2026-07-21 13:51:10,854 - modules.sheets_manager - INFO - First sheet renamed to 'Reporte_Global_21_07_2026'
2026-07-21 13:51:11,335 - modules.sheets_manager - INFO - Data written to 1D-lJnrTCF2RUCe278OppIBcJ9y8BoMjGEYuecaNyoAo: Reporte_Global_21_07_2026!A1 (1 rows)
2026-07-21 13:51:11,335 - __main__ - INFO - Headers created for report sheet
2026-07-21 13:51:11,337 - modules.consolidator - INFO - Converted 49 rows to sheet format
2026-07-21 13:51:11,583 - modules.sheets_manager - INFO - Sheet names for 1D-lJnrTCF2RUCe278OppIBcJ9y8BoMjGEYuecaNyoAo: ['Reporte_Global_21_07_2026']
2026-07-21 13:51:11,902 - modules.sheets_manager - INFO - Data written to 1D-lJnrTCF2RUCe278OppIBcJ9y8BoMjGEYuecaNyoAo: Reporte_Global_21_07_2026!A1 (50 rows)
2026-07-21 13:51:11,902 - __main__ - INFO - Wrote 49 projects to report sheet
2026-07-21 13:51:11,905 - __main__ - INFO - Report successfully created: https://docs.google.com/spreadsheets/d/1D-lJnrTCF2RUCe278OppIBcJ9y8BoMjGEYuecaNyoAo/edit
2026-07-21 13:51:45,271 - __main__ - INFO - 
2026-07-21 13:51:45,272 - __main__ - INFO - ======================================================================
2026-07-21 13:51:45,272 - __main__ - INFO - REPORTE: MES
2026-07-21 13:51:45,272 - __main__ - INFO - ======================================================================
2026-07-21 13:51:45,503 - modules.sheets_manager - INFO - Sheet names for 1c9kxSxwPG3huAebtoMKoopB8Zprzcm5ncFwcq4ipl3w: ['Ingenieria']
2026-07-21 13:51:45,730 - modules.sheets_manager - INFO - Data read from 1c9kxSxwPG3huAebtoMKoopB8Zprzcm5ncFwcq4ipl3w: Ingenieria!A:K (20 rows)
2026-07-21 13:51:45,730 - __main__ - INFO - Read 20 rows from Ingenieria
2026-07-21 13:51:46,056 - modules.sheets_manager - INFO - Sheet names for 1K4yNUOomuBCgRDt8kY_r7nhKq8J0FZ-iPtxviluFhoA: ['Obras']
2026-07-21 13:51:46,345 - modules.sheets_manager - INFO - Data read from 1K4yNUOomuBCgRDt8kY_r7nhKq8J0FZ-iPtxviluFhoA: Obras!A:K (16 rows)
2026-07-21 13:51:46,345 - __main__ - INFO - Read 16 rows from Obras
2026-07-21 13:51:46,614 - modules.sheets_manager - INFO - Sheet names for 1NmI8DwyPCNe8HsnDBlIu__FL_Peff2N-UYQ946SuBBA: ['Mantenimiento']
2026-07-21 13:51:46,879 - modules.sheets_manager - INFO - Data read from 1NmI8DwyPCNe8HsnDBlIu__FL_Peff2N-UYQ946SuBBA: Mantenimiento!A:K (16 rows)
2026-07-21 13:51:46,879 - __main__ - INFO - Read 16 rows from Mantenimiento
2026-07-21 13:51:46,879 - modules.consolidator - INFO - [Ingenieria] Row count: 19, Column count: 11
2026-07-21 13:51:46,879 - modules.consolidator - INFO - [Ingenieria] Actual headers from sheet: ['ID_Proyecto', 'Cliente', 'Descripcion', 'Fecha_Inicio', 'Fecha_Entrega', 'Estado', 'Responsable', 'Fecha último estado', 'Diferencia de días', 'Estado', 'Descripción']
2026-07-21 13:51:46,880 - modules.consolidator - INFO - [Ingenieria] DataFrame shape before mapping: (19, 11)
2026-07-21 13:51:46,880 - modules.consolidator - INFO - [Ingenieria] DataFrame columns: ['ID_Proyecto', 'Cliente', 'Descripcion', 'Fecha_Inicio', 'Fecha_Entrega', 'Estado', 'Responsable', 'Fecha último estado', 'Diferencia de días', 'Estado', 'Descripción']
2026-07-21 13:51:46,880 - modules.consolidator - INFO - [Ingenieria] Detected Excel format (11 columns), applying mapping...
2026-07-21 13:51:46,880 - modules.consolidator - INFO - Starting Excel column mapping for 19 rows
2026-07-21 13:51:46,880 - modules.consolidator - INFO - Input columns: ['ID_Proyecto', 'Cliente', 'Descripcion', 'Fecha_Inicio', 'Fecha_Entrega', 'Estado', 'Responsable', 'Fecha último estado', 'Diferencia de días', 'Estado', 'Descripción']
2026-07-21 13:51:46,881 - modules.consolidator - INFO - Mapped columns by position: ['ID_Proyecto', 'Cliente', 'Responsable', 'Fecha_Inicio', 'Fecha_Entrega', 'Fecha último estado', 'Estado', 'Descripcion']
2026-07-21 13:51:46,882 - modules.consolidator - INFO - Mapped 19 rows from Excel format to standard format
2026-07-21 13:51:46,882 - modules.consolidator - INFO - Output columns: ['ID_Proyecto', 'Cliente', 'Descripcion', 'Fecha_Inicio', 'Fecha_Entrega', 'Estado', 'Responsable']
2026-07-21 13:51:46,882 - modules.consolidator - INFO - [Ingenieria] DataFrame columns after mapping: ['ID_Proyecto', 'Cliente', 'Descripcion', 'Fecha_Inicio', 'Fecha_Entrega', 'Estado', 'Responsable']
2026-07-21 13:51:46,883 - modules.consolidator - INFO - Prepared 19 rows from Ingenieria
2026-07-21 13:51:46,883 - modules.consolidator - INFO - [Obras] Row count: 15, Column count: 11
2026-07-21 13:51:46,883 - modules.consolidator - INFO - [Obras] Actual headers from sheet: ['ID_Proyecto', 'Cliente', 'Descripcion', 'Fecha_Inicio', 'Fecha_Entrega', 'Estado', 'Responsable', 'Fecha último estado', 'Diferencia de días', 'Estado', 'Descripción']
2026-07-21 13:51:46,884 - modules.consolidator - INFO - [Obras] DataFrame shape before mapping: (15, 11)
2026-07-21 13:51:46,884 - modules.consolidator - INFO - [Obras] DataFrame columns: ['ID_Proyecto', 'Cliente', 'Descripcion', 'Fecha_Inicio', 'Fecha_Entrega', 'Estado', 'Responsable', 'Fecha último estado', 'Diferencia de días', 'Estado', 'Descripción']
2026-07-21 13:51:46,884 - modules.consolidator - INFO - [Obras] Detected Excel format (11 columns), applying mapping...
2026-07-21 13:51:46,884 - modules.consolidator - INFO - Starting Excel column mapping for 15 rows
2026-07-21 13:51:46,884 - modules.consolidator - INFO - Input columns: ['ID_Proyecto', 'Cliente', 'Descripcion', 'Fecha_Inicio', 'Fecha_Entrega', 'Estado', 'Responsable', 'Fecha último estado', 'Diferencia de días', 'Estado', 'Descripción']
2026-07-21 13:51:46,885 - modules.consolidator - INFO - Mapped columns by position: ['ID_Proyecto', 'Cliente', 'Responsable', 'Fecha_Inicio', 'Fecha_Entrega', 'Fecha último estado', 'Estado', 'Descripcion']
2026-07-21 13:51:46,886 - modules.consolidator - INFO - Mapped 15 rows from Excel format to standard format
2026-07-21 13:51:46,886 - modules.consolidator - INFO - Output columns: ['ID_Proyecto', 'Cliente', 'Descripcion', 'Fecha_Inicio', 'Fecha_Entrega', 'Estado', 'Responsable']
2026-07-21 13:51:46,886 - modules.consolidator - INFO - [Obras] DataFrame columns after mapping: ['ID_Proyecto', 'Cliente', 'Descripcion', 'Fecha_Inicio', 'Fecha_Entrega', 'Estado', 'Responsable']
2026-07-21 13:51:46,887 - modules.consolidator - INFO - Prepared 15 rows from Obras
2026-07-21 13:51:46,887 - modules.consolidator - INFO - [Mantenimiento] Row count: 15, Column count: 11
2026-07-21 13:51:46,887 - modules.consolidator - INFO - [Mantenimiento] Actual headers from sheet: ['ID_Proyecto', 'Cliente', 'Descripcion', 'Fecha_Inicio', 'Fecha_Entrega', 'Estado', 'Responsable', 'Fecha último estado', 'Diferencia de días', 'Estado', 'Descripción']
2026-07-21 13:51:46,888 - modules.consolidator - INFO - [Mantenimiento] DataFrame shape before mapping: (15, 11)
2026-07-21 13:51:46,888 - modules.consolidator - INFO - [Mantenimiento] DataFrame columns: ['ID_Proyecto', 'Cliente', 'Descripcion', 'Fecha_Inicio', 'Fecha_Entrega', 'Estado', 'Responsable', 'Fecha último estado', 'Diferencia de días', 'Estado', 'Descripción']
2026-07-21 13:51:46,888 - modules.consolidator - INFO - [Mantenimiento] Detected Excel format (11 columns), applying mapping...
2026-07-21 13:51:46,888 - modules.consolidator - INFO - Starting Excel column mapping for 15 rows
2026-07-21 13:51:46,888 - modules.consolidator - INFO - Input columns: ['ID_Proyecto', 'Cliente', 'Descripcion', 'Fecha_Inicio', 'Fecha_Entrega', 'Estado', 'Responsable', 'Fecha último estado', 'Diferencia de días', 'Estado', 'Descripción']
2026-07-21 13:51:46,889 - modules.consolidator - INFO - Mapped columns by position: ['ID_Proyecto', 'Cliente', 'Responsable', 'Fecha_Inicio', 'Fecha_Entrega', 'Fecha último estado', 'Estado', 'Descripcion']
2026-07-21 13:51:46,889 - modules.consolidator - INFO - Mapped 15 rows from Excel format to standard format
2026-07-21 13:51:46,889 - modules.consolidator - INFO - Output columns: ['ID_Proyecto', 'Cliente', 'Descripcion', 'Fecha_Inicio', 'Fecha_Entrega', 'Estado', 'Responsable']
2026-07-21 13:51:46,889 - modules.consolidator - INFO - [Mantenimiento] DataFrame columns after mapping: ['ID_Proyecto', 'Cliente', 'Descripcion', 'Fecha_Inicio', 'Fecha_Entrega', 'Estado', 'Responsable']
2026-07-21 13:51:46,890 - modules.consolidator - INFO - Prepared 15 rows from Mantenimiento
2026-07-21 13:51:46,891 - modules.consolidator - INFO - Consolidated 49 total projects from all departments
2026-07-21 13:54:25,739 - menu - INFO - Loaded 1 saved Gmail accounts
2026-07-21 13:54:27,667 - __main__ - INFO - Selected account: germanty123@gmail.com (personal)
2026-07-21 13:54:27,667 - __main__ - INFO - Using token: .gmail_tokens/germanty123_gmail_com_token.json
2026-07-21 13:54:27,667 - modules.auth - INFO - Loading OAuth2 token from: .gmail_tokens/germanty123_gmail_com_token.json
2026-07-21 13:54:27,793 - modules.auth - INFO - Token refreshed successfully
2026-07-21 13:54:27,794 - modules.auth - INFO - OAuth2 authentication successful
2026-07-21 13:54:27,795 - googleapiclient.discovery_cache - INFO - file_cache is only supported with oauth2client<4.0.0
2026-07-21 13:54:27,798 - googleapiclient.discovery_cache - INFO - file_cache is only supported with oauth2client<4.0.0
2026-07-21 13:54:27,802 - googleapiclient.discovery_cache - INFO - file_cache is only supported with oauth2client<4.0.0
2026-07-21 13:54:27,804 - modules.auth - INFO - Successfully authenticated with Google Cloud
2026-07-21 13:54:27,804 - modules.auth - INFO - Authentication method: OAuth2
2026-07-21 13:54:27,804 - modules.drive_manager - INFO - Drive Manager initialized successfully
2026-07-21 13:54:27,804 - modules.sheets_manager - INFO - Sheets Manager initialized successfully
2026-07-21 13:54:27,804 - modules.scheduler - INFO - Scheduler initialized with 3 days threshold
2026-07-21 13:54:27,804 - modules.consolidator - INFO - Consolidator initialized
2026-07-21 13:54:27,804 - modules.notifier - INFO - Notifier initialized
2026-07-21 13:54:27,805 - __main__ - INFO - Application initialized successfully
2026-07-21 13:54:59,205 - menu - INFO - Loaded 1 saved Gmail accounts
2026-07-21 13:55:01,336 - __main__ - INFO - Selected account: germanty123@gmail.com (personal)
2026-07-21 13:55:01,336 - __main__ - INFO - Using token: .gmail_tokens/germanty123_gmail_com_token.json
2026-07-21 13:55:01,336 - modules.auth - INFO - Loading OAuth2 token from: .gmail_tokens/germanty123_gmail_com_token.json
2026-07-21 13:55:01,447 - modules.auth - INFO - Token refreshed successfully
2026-07-21 13:55:01,447 - modules.auth - INFO - OAuth2 authentication successful
2026-07-21 13:55:01,448 - googleapiclient.discovery_cache - INFO - file_cache is only supported with oauth2client<4.0.0
2026-07-21 13:55:01,451 - googleapiclient.discovery_cache - INFO - file_cache is only supported with oauth2client<4.0.0
2026-07-21 13:55:01,454 - googleapiclient.discovery_cache - INFO - file_cache is only supported with oauth2client<4.0.0
2026-07-21 13:55:01,455 - modules.auth - INFO - Successfully authenticated with Google Cloud
2026-07-21 13:55:01,455 - modules.auth - INFO - Authentication method: OAuth2
2026-07-21 13:55:01,455 - modules.drive_manager - INFO - Drive Manager initialized successfully
2026-07-21 13:55:01,455 - modules.sheets_manager - INFO - Sheets Manager initialized successfully
2026-07-21 13:55:01,455 - modules.scheduler - INFO - Scheduler initialized with 3 days threshold
2026-07-21 13:55:01,455 - modules.consolidator - INFO - Consolidator initialized
2026-07-21 13:55:01,455 - modules.notifier - INFO - Notifier initialized
2026-07-21 13:55:01,455 - __main__ - INFO - Application initialized successfully
2026-07-21 13:55:04,952 - __main__ - INFO - 
2026-07-21 13:55:04,952 - __main__ - INFO - ╔====================================================================╗
2026-07-21 13:55:04,952 - __main__ - INFO - ║              PROJECT SCHEDULER - FULL EXECUTION CYCLE              ║
2026-07-21 13:55:04,953 - __main__ - INFO - ╚====================================================================╝
2026-07-21 13:55:04,953 - __main__ - INFO - 
2026-07-21 13:55:04,953 - __main__ - INFO - ======================================================================
2026-07-21 13:55:04,953 - __main__ - INFO - STEP 1: Setting up folder structure
2026-07-21 13:55:04,953 - __main__ - INFO - ======================================================================
2026-07-21 13:55:05,395 - modules.drive_manager - INFO - Folder found: Proyectos_Empresa (ID: 1dMu2WeU3bbzqPEFEAoNySonP1eKTC71u)
2026-07-21 13:55:05,396 - __main__ - INFO - Root folder created with ID: 1dMu2WeU3bbzqPEFEAoNySonP1eKTC71u
2026-07-21 13:55:05,704 - modules.drive_manager - INFO - Folder found: Ingenieria (ID: 1Voz7pY4e1gXbiHrohg8kE7ORywmh9oPe)
2026-07-21 13:55:06,008 - modules.drive_manager - INFO - Folder found: Clientes (ID: 1-pW6dcCmpM7yr9pfNA895HVeLNA87AL9)
2026-07-21 13:55:06,008 - __main__ - INFO - Ingenieria department folder: 1Voz7pY4e1gXbiHrohg8kE7ORywmh9oPe
2026-07-21 13:55:06,009 - __main__ - INFO - Ingenieria clients folder: 1-pW6dcCmpM7yr9pfNA895HVeLNA87AL9
2026-07-21 13:55:06,281 - modules.drive_manager - INFO - Folder found: Obras (ID: 1pxkkVZK_9XrhMBlKJfgvwYdjrPASagkY)
2026-07-21 13:55:06,592 - modules.drive_manager - INFO - Folder found: Clientes (ID: 17GspBkoAYHSJUIaC7663vAIB8bz495ID)
2026-07-21 13:55:06,592 - __main__ - INFO - Obras department folder: 1pxkkVZK_9XrhMBlKJfgvwYdjrPASagkY
2026-07-21 13:55:06,592 - __main__ - INFO - Obras clients folder: 17GspBkoAYHSJUIaC7663vAIB8bz495ID
2026-07-21 13:55:07,068 - modules.drive_manager - INFO - Folder found: Mantenimiento (ID: 15Ykg8P5i8lHto5TSl2_mCnwuz6u0Vj7f)
2026-07-21 13:55:07,363 - modules.drive_manager - INFO - Folder found: Clientes (ID: 1rIzjgwvLwRIaRc-qbJi4Uubu2DeBpkK_)
2026-07-21 13:55:07,363 - __main__ - INFO - Mantenimiento department folder: 15Ykg8P5i8lHto5TSl2_mCnwuz6u0Vj7f
2026-07-21 13:55:07,363 - __main__ - INFO - Mantenimiento clients folder: 1rIzjgwvLwRIaRc-qbJi4Uubu2DeBpkK_
2026-07-21 13:55:07,364 - __main__ - INFO - 
2026-07-21 13:55:07,364 - __main__ - INFO - ======================================================================
2026-07-21 13:55:07,364 - __main__ - INFO - STEP 2: Setting up spreadsheets
2026-07-21 13:55:07,364 - __main__ - INFO - ======================================================================
2026-07-21 13:55:07,891 - modules.sheets_manager - INFO - Spreadsheet found: Cronograma_Ingenieria (ID: 1c9kxSxwPG3huAebtoMKoopB8Zprzcm5ncFwcq4ipl3w)
2026-07-21 13:55:08,721 - modules.sheets_manager - INFO - Sheet names for 1c9kxSxwPG3huAebtoMKoopB8Zprzcm5ncFwcq4ipl3w: ['Ingenieria']
2026-07-21 13:55:08,721 - modules.sheets_manager - INFO - Sheet 'Ingenieria' already exists
2026-07-21 13:55:09,099 - modules.sheets_manager - INFO - Data written to 1c9kxSxwPG3huAebtoMKoopB8Zprzcm5ncFwcq4ipl3w: Ingenieria!A1 (1 rows)
2026-07-21 13:55:09,099 - __main__ - INFO - Headers created for Ingenieria
2026-07-21 13:55:09,099 - __main__ - INFO - Spreadsheet for Ingenieria: 1c9kxSxwPG3huAebtoMKoopB8Zprzcm5ncFwcq4ipl3w
2026-07-21 13:55:09,499 - modules.sheets_manager - INFO - Spreadsheet found: Cronograma_Obras (ID: 1K4yNUOomuBCgRDt8kY_r7nhKq8J0FZ-iPtxviluFhoA)
2026-07-21 13:55:10,064 - modules.sheets_manager - INFO - Sheet names for 1K4yNUOomuBCgRDt8kY_r7nhKq8J0FZ-iPtxviluFhoA: ['Obras']
2026-07-21 13:55:10,064 - modules.sheets_manager - INFO - Sheet 'Obras' already exists
2026-07-21 13:55:10,417 - modules.sheets_manager - INFO - Data written to 1K4yNUOomuBCgRDt8kY_r7nhKq8J0FZ-iPtxviluFhoA: Obras!A1 (1 rows)
2026-07-21 13:55:10,417 - __main__ - INFO - Headers created for Obras
2026-07-21 13:55:10,418 - __main__ - INFO - Spreadsheet for Obras: 1K4yNUOomuBCgRDt8kY_r7nhKq8J0FZ-iPtxviluFhoA
2026-07-21 13:55:10,831 - modules.sheets_manager - INFO - Spreadsheet found: Cronograma_Mantenimiento (ID: 1NmI8DwyPCNe8HsnDBlIu__FL_Peff2N-UYQ946SuBBA)
2026-07-21 13:55:11,298 - modules.sheets_manager - INFO - Sheet names for 1NmI8DwyPCNe8HsnDBlIu__FL_Peff2N-UYQ946SuBBA: ['Mantenimiento']
2026-07-21 13:55:11,298 - modules.sheets_manager - INFO - Sheet 'Mantenimiento' already exists
2026-07-21 13:55:11,613 - modules.sheets_manager - INFO - Data written to 1NmI8DwyPCNe8HsnDBlIu__FL_Peff2N-UYQ946SuBBA: Mantenimiento!A1 (1 rows)
2026-07-21 13:55:11,613 - __main__ - INFO - Headers created for Mantenimiento
2026-07-21 13:55:11,613 - __main__ - INFO - Spreadsheet for Mantenimiento: 1NmI8DwyPCNe8HsnDBlIu__FL_Peff2N-UYQ946SuBBA
2026-07-21 13:55:12,076 - modules.sheets_manager - INFO - Spreadsheet found: Cronograma_Maestro (ID: 1yHvzhJCsfi1UZ_XtxOnesgaMakNtsNjvkIMP2gaYDgw)
2026-07-21 13:55:12,536 - modules.sheets_manager - INFO - Sheet names for 1yHvzhJCsfi1UZ_XtxOnesgaMakNtsNjvkIMP2gaYDgw: ['Cronograma_Maestro']
2026-07-21 13:55:12,536 - modules.sheets_manager - INFO - Sheet 'Cronograma_Maestro' already exists
2026-07-21 13:55:12,818 - modules.sheets_manager - INFO - Data written to 1yHvzhJCsfi1UZ_XtxOnesgaMakNtsNjvkIMP2gaYDgw: Cronograma_Maestro!A1 (1 rows)
2026-07-21 13:55:12,818 - __main__ - INFO - Headers created for master schedule
2026-07-21 13:55:12,818 - __main__ - INFO - Master schedule spreadsheet: 1yHvzhJCsfi1UZ_XtxOnesgaMakNtsNjvkIMP2gaYDgw
2026-07-21 13:55:12,818 - __main__ - INFO - 
2026-07-21 13:55:12,818 - __main__ - INFO - ======================================================================
2026-07-21 13:55:12,818 - __main__ - INFO - STEP 3: Consolidating schedules
2026-07-21 13:55:12,818 - __main__ - INFO - ======================================================================
2026-07-21 13:55:13,127 - modules.sheets_manager - INFO - Sheet names for 1c9kxSxwPG3huAebtoMKoopB8Zprzcm5ncFwcq4ipl3w: ['Ingenieria']
2026-07-21 13:55:13,422 - modules.sheets_manager - INFO - Data read from 1c9kxSxwPG3huAebtoMKoopB8Zprzcm5ncFwcq4ipl3w: Ingenieria!A:K (20 rows)
2026-07-21 13:55:13,422 - __main__ - INFO - Read 20 rows from Ingenieria
2026-07-21 13:55:13,718 - modules.sheets_manager - INFO - Sheet names for 1K4yNUOomuBCgRDt8kY_r7nhKq8J0FZ-iPtxviluFhoA: ['Obras']
2026-07-21 13:55:14,078 - modules.sheets_manager - INFO - Data read from 1K4yNUOomuBCgRDt8kY_r7nhKq8J0FZ-iPtxviluFhoA: Obras!A:K (16 rows)
2026-07-21 13:55:14,078 - __main__ - INFO - Read 16 rows from Obras
2026-07-21 13:55:14,406 - modules.sheets_manager - INFO - Sheet names for 1NmI8DwyPCNe8HsnDBlIu__FL_Peff2N-UYQ946SuBBA: ['Mantenimiento']
2026-07-21 13:55:14,700 - modules.sheets_manager - INFO - Data read from 1NmI8DwyPCNe8HsnDBlIu__FL_Peff2N-UYQ946SuBBA: Mantenimiento!A:K (16 rows)
2026-07-21 13:55:14,700 - __main__ - INFO - Read 16 rows from Mantenimiento
2026-07-21 13:55:14,700 - modules.consolidator - INFO - [Ingenieria] Row count: 19, Column count: 11
2026-07-21 13:55:14,700 - modules.consolidator - INFO - [Ingenieria] Actual headers from sheet: ['ID_Proyecto', 'Cliente', 'Descripcion', 'Fecha_Inicio', 'Fecha_Entrega', 'Estado', 'Responsable', 'Fecha último estado', 'Diferencia de días', 'Estado', 'Descripción']
2026-07-21 13:55:14,701 - modules.consolidator - INFO - [Ingenieria] DataFrame shape before mapping: (19, 11)
2026-07-21 13:55:14,701 - modules.consolidator - INFO - [Ingenieria] DataFrame columns: ['ID_Proyecto', 'Cliente', 'Descripcion', 'Fecha_Inicio', 'Fecha_Entrega', 'Estado', 'Responsable', 'Fecha último estado', 'Diferencia de días', 'Estado', 'Descripción']
2026-07-21 13:55:14,701 - modules.consolidator - INFO - [Ingenieria] Detected Excel format (11 columns), applying mapping...
2026-07-21 13:55:14,701 - modules.consolidator - INFO - Starting Excel column mapping for 19 rows
2026-07-21 13:55:14,701 - modules.consolidator - INFO - Input columns: ['ID_Proyecto', 'Cliente', 'Descripcion', 'Fecha_Inicio', 'Fecha_Entrega', 'Estado', 'Responsable', 'Fecha último estado', 'Diferencia de días', 'Estado', 'Descripción']
2026-07-21 13:55:14,703 - modules.consolidator - INFO - Mapped columns by position: ['ID_Proyecto', 'Cliente', 'Responsable', 'Fecha_Inicio', 'Fecha_Entrega', 'Fecha último estado', 'Estado', 'Descripcion']
2026-07-21 13:55:14,704 - modules.consolidator - INFO - Mapped 19 rows from Excel format to standard format
2026-07-21 13:55:14,704 - modules.consolidator - INFO - Output columns: ['ID_Proyecto', 'Cliente', 'Descripcion', 'Fecha_Inicio', 'Fecha_Entrega', 'Estado', 'Responsable']
2026-07-21 13:55:14,704 - modules.consolidator - INFO - [Ingenieria] DataFrame columns after mapping: ['ID_Proyecto', 'Cliente', 'Descripcion', 'Fecha_Inicio', 'Fecha_Entrega', 'Estado', 'Responsable']
2026-07-21 13:55:14,705 - modules.consolidator - INFO - Prepared 19 rows from Ingenieria
2026-07-21 13:55:14,705 - modules.consolidator - INFO - [Obras] Row count: 15, Column count: 11
2026-07-21 13:55:14,705 - modules.consolidator - INFO - [Obras] Actual headers from sheet: ['ID_Proyecto', 'Cliente', 'Descripcion', 'Fecha_Inicio', 'Fecha_Entrega', 'Estado', 'Responsable', 'Fecha último estado', 'Diferencia de días', 'Estado', 'Descripción']
2026-07-21 13:55:14,706 - modules.consolidator - INFO - [Obras] DataFrame shape before mapping: (15, 11)
2026-07-21 13:55:14,706 - modules.consolidator - INFO - [Obras] DataFrame columns: ['ID_Proyecto', 'Cliente', 'Descripcion', 'Fecha_Inicio', 'Fecha_Entrega', 'Estado', 'Responsable', 'Fecha último estado', 'Diferencia de días', 'Estado', 'Descripción']
2026-07-21 13:55:14,706 - modules.consolidator - INFO - [Obras] Detected Excel format (11 columns), applying mapping...
2026-07-21 13:55:14,706 - modules.consolidator - INFO - Starting Excel column mapping for 15 rows
2026-07-21 13:55:14,706 - modules.consolidator - INFO - Input columns: ['ID_Proyecto', 'Cliente', 'Descripcion', 'Fecha_Inicio', 'Fecha_Entrega', 'Estado', 'Responsable', 'Fecha último estado', 'Diferencia de días', 'Estado', 'Descripción']
2026-07-21 13:55:14,707 - modules.consolidator - INFO - Mapped columns by position: ['ID_Proyecto', 'Cliente', 'Responsable', 'Fecha_Inicio', 'Fecha_Entrega', 'Fecha último estado', 'Estado', 'Descripcion']
2026-07-21 13:55:14,707 - modules.consolidator - INFO - Mapped 15 rows from Excel format to standard format
2026-07-21 13:55:14,707 - modules.consolidator - INFO - Output columns: ['ID_Proyecto', 'Cliente', 'Descripcion', 'Fecha_Inicio', 'Fecha_Entrega', 'Estado', 'Responsable']
2026-07-21 13:55:14,707 - modules.consolidator - INFO - [Obras] DataFrame columns after mapping: ['ID_Proyecto', 'Cliente', 'Descripcion', 'Fecha_Inicio', 'Fecha_Entrega', 'Estado', 'Responsable']
2026-07-21 13:55:14,708 - modules.consolidator - INFO - Prepared 15 rows from Obras
2026-07-21 13:55:14,708 - modules.consolidator - INFO - [Mantenimiento] Row count: 15, Column count: 11
2026-07-21 13:55:14,708 - modules.consolidator - INFO - [Mantenimiento] Actual headers from sheet: ['ID_Proyecto', 'Cliente', 'Descripcion', 'Fecha_Inicio', 'Fecha_Entrega', 'Estado', 'Responsable', 'Fecha último estado', 'Diferencia de días', 'Estado', 'Descripción']
2026-07-21 13:55:14,708 - modules.consolidator - INFO - [Mantenimiento] DataFrame shape before mapping: (15, 11)
2026-07-21 13:55:14,708 - modules.consolidator - INFO - [Mantenimiento] DataFrame columns: ['ID_Proyecto', 'Cliente', 'Descripcion', 'Fecha_Inicio', 'Fecha_Entrega', 'Estado', 'Responsable', 'Fecha último estado', 'Diferencia de días', 'Estado', 'Descripción']
2026-07-21 13:55:14,709 - modules.consolidator - INFO - [Mantenimiento] Detected Excel format (11 columns), applying mapping...
2026-07-21 13:55:14,709 - modules.consolidator - INFO - Starting Excel column mapping for 15 rows
2026-07-21 13:55:14,709 - modules.consolidator - INFO - Input columns: ['ID_Proyecto', 'Cliente', 'Descripcion', 'Fecha_Inicio', 'Fecha_Entrega', 'Estado', 'Responsable', 'Fecha último estado', 'Diferencia de días', 'Estado', 'Descripción']
2026-07-21 13:55:14,709 - modules.consolidator - INFO - Mapped columns by position: ['ID_Proyecto', 'Cliente', 'Responsable', 'Fecha_Inicio', 'Fecha_Entrega', 'Fecha último estado', 'Estado', 'Descripcion']
2026-07-21 13:55:14,710 - modules.consolidator - INFO - Mapped 15 rows from Excel format to standard format
2026-07-21 13:55:14,710 - modules.consolidator - INFO - Output columns: ['ID_Proyecto', 'Cliente', 'Descripcion', 'Fecha_Inicio', 'Fecha_Entrega', 'Estado', 'Responsable']
2026-07-21 13:55:14,710 - modules.consolidator - INFO - [Mantenimiento] DataFrame columns after mapping: ['ID_Proyecto', 'Cliente', 'Descripcion', 'Fecha_Inicio', 'Fecha_Entrega', 'Estado', 'Responsable']
2026-07-21 13:55:14,711 - modules.consolidator - INFO - Prepared 15 rows from Mantenimiento
2026-07-21 13:55:14,711 - modules.consolidator - INFO - Consolidated 49 total projects from all departments
2026-07-21 13:55:14,712 - modules.consolidator - INFO - Data validation: FAILED (1 errors)
2026-07-21 13:55:14,712 - __main__ - WARNING - Data validation issues: ['Invalid states found: En elaboración, Aprobado, En revisión, ']
2026-07-21 13:55:14,714 - modules.consolidator - INFO - Converted 49 rows to sheet format
2026-07-21 13:55:14,959 - modules.sheets_manager - INFO - Sheet names for 1yHvzhJCsfi1UZ_XtxOnesgaMakNtsNjvkIMP2gaYDgw: ['Cronograma_Maestro']
2026-07-21 13:55:15,244 - modules.sheets_manager - INFO - Data cleared from 1yHvzhJCsfi1UZ_XtxOnesgaMakNtsNjvkIMP2gaYDgw: Cronograma_Maestro!A2:H
2026-07-21 13:55:15,492 - modules.sheets_manager - INFO - Data written to 1yHvzhJCsfi1UZ_XtxOnesgaMakNtsNjvkIMP2gaYDgw: Cronograma_Maestro!A1 (50 rows)
2026-07-21 13:55:15,492 - __main__ - INFO - Consolidated 49 projects to master schedule
2026-07-21 13:55:15,496 - modules.consolidator - INFO - Generated summaries for 3 departments
2026-07-21 13:55:15,496 - __main__ - INFO - Ingenieria: {'departamento': 'Ingenieria', 'total_proyectos': 19, 'pendiente': 0, 'en_progreso': 0, 'completado': 0, 'retrasado': 0}
2026-07-21 13:55:15,496 - __main__ - INFO - Obras: {'departamento': 'Obras', 'total_proyectos': 15, 'pendiente': 0, 'en_progreso': 0, 'completado': 0, 'retrasado': 0}
2026-07-21 13:55:15,496 - __main__ - INFO - Mantenimiento: {'departamento': 'Mantenimiento', 'total_proyectos': 15, 'pendiente': 0, 'en_progreso': 0, 'completado': 0, 'retrasado': 0}
2026-07-21 13:55:15,496 - __main__ - INFO - 
2026-07-21 13:55:15,496 - __main__ - INFO - ======================================================================
2026-07-21 13:55:15,496 - __main__ - INFO - STEP 4: Evaluating alerts
2026-07-21 13:55:15,496 - __main__ - INFO - ======================================================================
2026-07-21 13:55:15,499 - modules.scheduler - INFO - Alert evaluation complete: 22 overdue, 0 approaching
2026-07-21 13:55:15,499 - alerts - WARNING - [VENCIDO] 1901 - Shell Argentina - Dock Sud - Depto: Ingenieria - Proyecto vencido hace 32 días
2026-07-21 13:55:15,499 - alerts - WARNING - [VENCIDO] 1903 - Techint - Siderar San Nicolás - Depto: Ingenieria - Proyecto vencido hace 42 días
2026-07-21 13:55:15,499 - alerts - WARNING - [VENCIDO] 1905 - ArcelorMittal - Villa Constitución - Depto: Ingenieria - Proyecto vencido hace 21 días
2026-07-21 13:55:15,499 - alerts - WARNING - [VENCIDO] 1907 - Cargill - Bahía Blanca - Depto: Ingenieria - Proyecto vencido hace 78 días
2026-07-21 13:55:15,499 - alerts - WARNING - [VENCIDO] 1909 - Loma Negra - Barker - Depto: Ingenieria - Proyecto vencido hace 14 días
2026-07-21 13:55:15,499 - alerts - WARNING - [VENCIDO] 1911 - Toyota Argentina - Zárate - Depto: Ingenieria - Proyecto vencido hace 51 días
2026-07-21 13:55:15,499 - alerts - WARNING - [VENCIDO] 1913 - General Motors - Alvear - Depto: Ingenieria - Proyecto vencido hace 17 días
2026-07-21 13:55:15,499 - alerts - WARNING - [VENCIDO] 1884 - SEGURIDAD S.R.L - Depto: Ingenieria - Proyecto vencido hace 1 días
2026-07-21 13:55:15,499 - alerts - WARNING - [VENCIDO] 2101 - Telefónica Argentina - Parque Patricios - Depto: Obras - Proyecto vencido hace 30 días
2026-07-21 13:55:15,499 - alerts - WARNING - [VENCIDO] 2103 - Amazon Web Services - Bahía Blanca - Depto: Obras - Proyecto vencido hace 42 días
2026-07-21 13:55:15,499 - alerts - WARNING - [VENCIDO] 2105 - Santander Río - Puerto Madero - Depto: Obras - Proyecto vencido hace 21 días
2026-07-21 13:55:15,499 - alerts - WARNING - [VENCIDO] 2107 - Banco Galicia - San Isidro - Depto: Obras - Proyecto vencido hace 58 días
2026-07-21 13:55:15,500 - alerts - WARNING - [VENCIDO] 2109 - ICBC Argentina - Retiro - Depto: Obras - Proyecto vencido hace 12 días
2026-07-21 13:55:15,500 - alerts - WARNING - [VENCIDO] 2111 - Banco Provincia - La Plata - Depto: Obras - Proyecto vencido hace 47 días
2026-07-21 13:55:15,500 - alerts - WARNING - [VENCIDO] 2113 - Unilever - Pilar - Depto: Obras - Proyecto vencido hace 21 días
2026-07-21 13:55:15,500 - alerts - WARNING - [VENCIDO] 2001 - Bunge Argentina - Puerto General San Martín - Depto: Mantenimiento - Proyecto vencido hace 27 días
2026-07-21 13:55:15,500 - alerts - WARNING - [VENCIDO] 2003 - Nidera - Villa María - Depto: Mantenimiento - Proyecto vencido hace 37 días
2026-07-21 13:55:15,500 - alerts - WARNING - [VENCIDO] 2005 - Toepfer - Puerto San Martín - Depto: Mantenimiento - Proyecto vencido hace 21 días
2026-07-21 13:55:15,500 - alerts - WARNING - [VENCIDO] 2007 - Vicentin - Avellaneda - Depto: Mantenimiento - Proyecto vencido hace 73 días
2026-07-21 13:55:15,500 - alerts - WARNING - [VENCIDO] 2009 - Aceitera General Deheza - Deheza - Depto: Mantenimiento - Proyecto vencido hace 17 días
2026-07-21 13:55:15,500 - alerts - WARNING - [VENCIDO] 2011 - Coca-Cola FEMSA - Merlo - Depto: Mantenimiento - Proyecto vencido hace 51 días
2026-07-21 13:55:15,500 - alerts - WARNING - [VENCIDO] 2013 - Arcor - Arroyito - Depto: Mantenimiento - Proyecto vencido hace 14 días
2026-07-21 13:55:15,500 - modules.notifier - INFO - Logged 22/22 alerts
2026-07-21 13:55:15,500 - modules.notifier - INFO - Logged 0/0 alerts
2026-07-21 13:55:15,500 - __main__ - INFO - Total alerts logged: 22
2026-07-21 13:55:15,500 - __main__ - INFO - ============================================================
RESUMEN DE ALERTAS - 21/07/2026 13:55
============================================================

PROYECTOS VENCIDOS: 22
  • 1901 - Shell Argentina - Dock Sud
    Departamento: Ingenieria
    Vencido hace: 32 días
    Responsable: Marcelo Battista

  • 1903 - Techint - Siderar San Nicolás
    Departamento: Ingenieria
    Vencido hace: 42 días
    Responsable: Marcelo Battista

  • 1905 - ArcelorMittal - Villa Constitución
    Departamento: Ingenieria
    Vencido hace: 21 días
    Responsable: Marcelo Battista

  • 1907 - Cargill - Bahía Blanca
    Departamento: Ingenieria
    Vencido hace: 78 días
    Responsable: Marcelo Battista

  • 1909 - Loma Negra - Barker
    Departamento: Ingenieria
    Vencido hace: 14 días
    Responsable: Marcelo Battista

  • 1911 - Toyota Argentina - Zárate
    Departamento: Ingenieria
    Vencido hace: 51 días
    Responsable: Marcelo Battista

  • 1913 - General Motors - Alvear
    Departamento: Ingenieria
    Vencido hace: 17 días
    Responsable: Marcelo Battista

  • 1884 - SEGURIDAD S.R.L
    Departamento: Ingenieria
    Vencido hace: 1 días
    Responsable: Fernando Menendez

  • 2101 - Telefónica Argentina - Parque Patricios
    Departamento: Obras
    Vencido hace: 30 días
    Responsable: Jorge Fernandez

  • 2103 - Amazon Web Services - Bahía Blanca
    Departamento: Obras
    Vencido hace: 42 días
    Responsable: Jorge Fernandez

  • 2105 - Santander Río - Puerto Madero
    Departamento: Obras
    Vencido hace: 21 días
    Responsable: Jorge Fernandez

  • 2107 - Banco Galicia - San Isidro
    Departamento: Obras
    Vencido hace: 58 días
    Responsable: Jorge Fernandez

  • 2109 - ICBC Argentina - Retiro
    Departamento: Obras
    Vencido hace: 12 días
    Responsable: Jorge Fernandez

  • 2111 - Banco Provincia - La Plata
    Departamento: Obras
    Vencido hace: 47 días
    Responsable: Jorge Fernandez

  • 2113 - Unilever - Pilar
    Departamento: Obras
    Vencido hace: 21 días
    Responsable: Jorge Fernandez

  • 2001 - Bunge Argentina - Puerto General San Martín
    Departamento: Mantenimiento
    Vencido hace: 27 días
    Responsable: Fernando Menendez

  • 2003 - Nidera - Villa María
    Departamento: Mantenimiento
    Vencido hace: 37 días
    Responsable: Fernando Menendez

  • 2005 - Toepfer - Puerto San Martín
    Departamento: Mantenimiento
    Vencido hace: 21 días
    Responsable: Fernando Menendez

  • 2007 - Vicentin - Avellaneda
    Departamento: Mantenimiento
    Vencido hace: 73 días
    Responsable: Fernando Menendez

  • 2009 - Aceitera General Deheza - Deheza
    Departamento: Mantenimiento
    Vencido hace: 17 días
    Responsable: Fernando Menendez

  • 2011 - Coca-Cola FEMSA - Merlo
    Departamento: Mantenimiento
    Vencido hace: 51 días
    Responsable: Fernando Menendez

  • 2013 - Arcor - Arroyito
    Departamento: Mantenimiento
    Vencido hace: 14 días
    Responsable: Fernando Menendez

PLAZOS PRÓXIMOS (próximos 3 días): 0
============================================================
2026-07-21 13:55:15,500 - alerts - INFO - 
======================================================================
RESUMEN DE EJECUCIÓN - 21/07/2026 13:55:15
======================================================================
Status: SUCCESS
Root Folder: 1dMu2WeU3bbzqPEFEAoNySonP1eKTC71u
Departments: 3
Master Schedule: 1yHvzhJCsfi1UZ_XtxOnesgaMakNtsNjvkIMP2gaYDgw
======================================================================

2026-07-21 13:55:15,500 - __main__ - INFO - 
2026-07-21 13:55:15,500 - __main__ - INFO - ✓ Execution completed successfully
2026-07-21 13:55:43,446 - __main__ - INFO - 
2026-07-21 13:55:43,446 - __main__ - INFO - ======================================================================
2026-07-21 13:55:43,446 - __main__ - INFO - REPORTE: SEMANA
2026-07-21 13:55:43,446 - __main__ - INFO - ======================================================================
2026-07-21 13:55:43,715 - modules.sheets_manager - INFO - Sheet names for 1c9kxSxwPG3huAebtoMKoopB8Zprzcm5ncFwcq4ipl3w: ['Ingenieria']
2026-07-21 13:55:44,026 - modules.sheets_manager - INFO - Data read from 1c9kxSxwPG3huAebtoMKoopB8Zprzcm5ncFwcq4ipl3w: Ingenieria!A:K (20 rows)
2026-07-21 13:55:44,027 - __main__ - INFO - Read 20 rows from Ingenieria
2026-07-21 13:55:44,302 - modules.sheets_manager - INFO - Sheet names for 1K4yNUOomuBCgRDt8kY_r7nhKq8J0FZ-iPtxviluFhoA: ['Obras']
2026-07-21 13:55:44,578 - modules.sheets_manager - INFO - Data read from 1K4yNUOomuBCgRDt8kY_r7nhKq8J0FZ-iPtxviluFhoA: Obras!A:K (16 rows)
2026-07-21 13:55:44,578 - __main__ - INFO - Read 16 rows from Obras
2026-07-21 13:55:44,858 - modules.sheets_manager - INFO - Sheet names for 1NmI8DwyPCNe8HsnDBlIu__FL_Peff2N-UYQ946SuBBA: ['Mantenimiento']
2026-07-21 13:55:45,137 - modules.sheets_manager - INFO - Data read from 1NmI8DwyPCNe8HsnDBlIu__FL_Peff2N-UYQ946SuBBA: Mantenimiento!A:K (16 rows)
2026-07-21 13:55:45,137 - __main__ - INFO - Read 16 rows from Mantenimiento
2026-07-21 13:55:45,137 - modules.consolidator - INFO - [Ingenieria] Row count: 19, Column count: 11
2026-07-21 13:55:45,137 - modules.consolidator - INFO - [Ingenieria] Actual headers from sheet: ['ID_Proyecto', 'Cliente', 'Descripcion', 'Fecha_Inicio', 'Fecha_Entrega', 'Estado', 'Responsable', 'Fecha último estado', 'Diferencia de días', 'Estado', 'Descripción']
2026-07-21 13:55:45,138 - modules.consolidator - INFO - [Ingenieria] DataFrame shape before mapping: (19, 11)
2026-07-21 13:55:45,138 - modules.consolidator - INFO - [Ingenieria] DataFrame columns: ['ID_Proyecto', 'Cliente', 'Descripcion', 'Fecha_Inicio', 'Fecha_Entrega', 'Estado', 'Responsable', 'Fecha último estado', 'Diferencia de días', 'Estado', 'Descripción']
2026-07-21 13:55:45,138 - modules.consolidator - INFO - [Ingenieria] Detected Excel format (11 columns), applying mapping...
2026-07-21 13:55:45,138 - modules.consolidator - INFO - Starting Excel column mapping for 19 rows
2026-07-21 13:55:45,138 - modules.consolidator - INFO - Input columns: ['ID_Proyecto', 'Cliente', 'Descripcion', 'Fecha_Inicio', 'Fecha_Entrega', 'Estado', 'Responsable', 'Fecha último estado', 'Diferencia de días', 'Estado', 'Descripción']
2026-07-21 13:55:45,139 - modules.consolidator - INFO - Mapped columns by position: ['ID_Proyecto', 'Cliente', 'Responsable', 'Fecha_Inicio', 'Fecha_Entrega', 'Fecha último estado', 'Estado', 'Descripcion']
2026-07-21 13:55:45,140 - modules.consolidator - INFO - Mapped 19 rows from Excel format to standard format
2026-07-21 13:55:45,140 - modules.consolidator - INFO - Output columns: ['ID_Proyecto', 'Cliente', 'Descripcion', 'Fecha_Inicio', 'Fecha_Entrega', 'Estado', 'Responsable']
2026-07-21 13:55:45,140 - modules.consolidator - INFO - [Ingenieria] DataFrame columns after mapping: ['ID_Proyecto', 'Cliente', 'Descripcion', 'Fecha_Inicio', 'Fecha_Entrega', 'Estado', 'Responsable']
2026-07-21 13:55:45,140 - modules.consolidator - INFO - Prepared 19 rows from Ingenieria
2026-07-21 13:55:45,140 - modules.consolidator - INFO - [Obras] Row count: 15, Column count: 11
2026-07-21 13:55:45,141 - modules.consolidator - INFO - [Obras] Actual headers from sheet: ['ID_Proyecto', 'Cliente', 'Descripcion', 'Fecha_Inicio', 'Fecha_Entrega', 'Estado', 'Responsable', 'Fecha último estado', 'Diferencia de días', 'Estado', 'Descripción']
2026-07-21 13:55:45,141 - modules.consolidator - INFO - [Obras] DataFrame shape before mapping: (15, 11)
2026-07-21 13:55:45,141 - modules.consolidator - INFO - [Obras] DataFrame columns: ['ID_Proyecto', 'Cliente', 'Descripcion', 'Fecha_Inicio', 'Fecha_Entrega', 'Estado', 'Responsable', 'Fecha último estado', 'Diferencia de días', 'Estado', 'Descripción']
2026-07-21 13:55:45,141 - modules.consolidator - INFO - [Obras] Detected Excel format (11 columns), applying mapping...
2026-07-21 13:55:45,141 - modules.consolidator - INFO - Starting Excel column mapping for 15 rows
2026-07-21 13:55:45,141 - modules.consolidator - INFO - Input columns: ['ID_Proyecto', 'Cliente', 'Descripcion', 'Fecha_Inicio', 'Fecha_Entrega', 'Estado', 'Responsable', 'Fecha último estado', 'Diferencia de días', 'Estado', 'Descripción']
2026-07-21 13:55:45,142 - modules.consolidator - INFO - Mapped columns by position: ['ID_Proyecto', 'Cliente', 'Responsable', 'Fecha_Inicio', 'Fecha_Entrega', 'Fecha último estado', 'Estado', 'Descripcion']
2026-07-21 13:55:45,143 - modules.consolidator - INFO - Mapped 15 rows from Excel format to standard format
2026-07-21 13:55:45,143 - modules.consolidator - INFO - Output columns: ['ID_Proyecto', 'Cliente', 'Descripcion', 'Fecha_Inicio', 'Fecha_Entrega', 'Estado', 'Responsable']
2026-07-21 13:55:45,143 - modules.consolidator - INFO - [Obras] DataFrame columns after mapping: ['ID_Proyecto', 'Cliente', 'Descripcion', 'Fecha_Inicio', 'Fecha_Entrega', 'Estado', 'Responsable']
2026-07-21 13:55:45,144 - modules.consolidator - INFO - Prepared 15 rows from Obras
2026-07-21 13:55:45,144 - modules.consolidator - INFO - [Mantenimiento] Row count: 15, Column count: 11
2026-07-21 13:55:45,144 - modules.consolidator - INFO - [Mantenimiento] Actual headers from sheet: ['ID_Proyecto', 'Cliente', 'Descripcion', 'Fecha_Inicio', 'Fecha_Entrega', 'Estado', 'Responsable', 'Fecha último estado', 'Diferencia de días', 'Estado', 'Descripción']
2026-07-21 13:55:45,144 - modules.consolidator - INFO - [Mantenimiento] DataFrame shape before mapping: (15, 11)
2026-07-21 13:55:45,144 - modules.consolidator - INFO - [Mantenimiento] DataFrame columns: ['ID_Proyecto', 'Cliente', 'Descripcion', 'Fecha_Inicio', 'Fecha_Entrega', 'Estado', 'Responsable', 'Fecha último estado', 'Diferencia de días', 'Estado', 'Descripción']
2026-07-21 13:55:45,144 - modules.consolidator - INFO - [Mantenimiento] Detected Excel format (11 columns), applying mapping...
2026-07-21 13:55:45,144 - modules.consolidator - INFO - Starting Excel column mapping for 15 rows
2026-07-21 13:55:45,144 - modules.consolidator - INFO - Input columns: ['ID_Proyecto', 'Cliente', 'Descripcion', 'Fecha_Inicio', 'Fecha_Entrega', 'Estado', 'Responsable', 'Fecha último estado', 'Diferencia de días', 'Estado', 'Descripción']
2026-07-21 13:55:45,145 - modules.consolidator - INFO - Mapped columns by position: ['ID_Proyecto', 'Cliente', 'Responsable', 'Fecha_Inicio', 'Fecha_Entrega', 'Fecha último estado', 'Estado', 'Descripcion']
2026-07-21 13:55:45,145 - modules.consolidator - INFO - Mapped 15 rows from Excel format to standard format
2026-07-21 13:55:45,145 - modules.consolidator - INFO - Output columns: ['ID_Proyecto', 'Cliente', 'Descripcion', 'Fecha_Inicio', 'Fecha_Entrega', 'Estado', 'Responsable']
2026-07-21 13:55:45,145 - modules.consolidator - INFO - [Mantenimiento] DataFrame columns after mapping: ['ID_Proyecto', 'Cliente', 'Descripcion', 'Fecha_Inicio', 'Fecha_Entrega', 'Estado', 'Responsable']
2026-07-21 13:55:45,146 - modules.consolidator - INFO - Prepared 15 rows from Mantenimiento
2026-07-21 13:55:45,147 - modules.consolidator - INFO - Consolidated 49 total projects from all departments
2026-07-21 13:55:45,147 - __main__ - WARNING - Error filtering by date: to_datetime() got an unexpected keyword argument 'infer_datetime_format'
2026-07-21 13:55:45,147 - __main__ - WARNING - Returning unfiltered dataframe with 49 rows
2026-07-21 13:55:45,594 - modules.drive_manager - INFO - Folder found: Proyectos_Empresa (ID: 1dMu2WeU3bbzqPEFEAoNySonP1eKTC71u)
2026-07-21 13:55:47,895 - modules.sheets_manager - INFO - Spreadsheet created: Reporte_Semana_20_07_2026 (ID: 1cHSnfk4bKR89RaOgKbeSTy9glAh__N8kYq-b0e09TSM)
2026-07-21 13:55:47,895 - __main__ - INFO - Created report sheet: 1cHSnfk4bKR89RaOgKbeSTy9glAh__N8kYq-b0e09TSM
2026-07-21 13:55:48,507 - modules.sheets_manager - INFO - Sheet names for 1cHSnfk4bKR89RaOgKbeSTy9glAh__N8kYq-b0e09TSM: ['Hoja 1']
2026-07-21 13:55:49,126 - modules.sheets_manager - INFO - Sheet renamed: 'Hoja 1' → 'Reporte_Semana_20_07_2026'
2026-07-21 13:55:49,127 - modules.sheets_manager - INFO - First sheet renamed to 'Reporte_Semana_20_07_2026'
2026-07-21 13:55:49,449 - modules.sheets_manager - INFO - Data written to 1cHSnfk4bKR89RaOgKbeSTy9glAh__N8kYq-b0e09TSM: Reporte_Semana_20_07_2026!A1 (1 rows)
2026-07-21 13:55:49,449 - __main__ - INFO - Headers created for report sheet
2026-07-21 13:55:49,452 - modules.consolidator - INFO - Converted 49 rows to sheet format
2026-07-21 13:55:49,696 - modules.sheets_manager - INFO - Sheet names for 1cHSnfk4bKR89RaOgKbeSTy9glAh__N8kYq-b0e09TSM: ['Reporte_Semana_20_07_2026']
2026-07-21 13:55:49,999 - modules.sheets_manager - INFO - Data written to 1cHSnfk4bKR89RaOgKbeSTy9glAh__N8kYq-b0e09TSM: Reporte_Semana_20_07_2026!A1 (50 rows)
2026-07-21 13:55:50,000 - __main__ - INFO - Wrote 49 projects to report sheet
2026-07-21 13:55:50,002 - __main__ - INFO - Report successfully created: https://docs.google.com/spreadsheets/d/1cHSnfk4bKR89RaOgKbeSTy9glAh__N8kYq-b0e09TSM/edit
2026-07-21 13:56:38,144 - menu - INFO - Loaded 1 saved Gmail accounts
2026-07-21 13:56:40,145 - __main__ - INFO - Selected account: germanty123@gmail.com (personal)
2026-07-21 13:56:40,145 - __main__ - INFO - Using token: .gmail_tokens/germanty123_gmail_com_token.json
2026-07-21 13:56:40,146 - modules.auth - INFO - Loading OAuth2 token from: .gmail_tokens/germanty123_gmail_com_token.json
2026-07-21 13:56:40,276 - modules.auth - INFO - Token refreshed successfully
2026-07-21 13:56:40,276 - modules.auth - INFO - OAuth2 authentication successful
2026-07-21 13:56:40,277 - googleapiclient.discovery_cache - INFO - file_cache is only supported with oauth2client<4.0.0
2026-07-21 13:56:40,280 - googleapiclient.discovery_cache - INFO - file_cache is only supported with oauth2client<4.0.0
2026-07-21 13:56:40,283 - googleapiclient.discovery_cache - INFO - file_cache is only supported with oauth2client<4.0.0
2026-07-21 13:56:40,285 - modules.auth - INFO - Successfully authenticated with Google Cloud
2026-07-21 13:56:40,285 - modules.auth - INFO - Authentication method: OAuth2
2026-07-21 13:56:40,285 - modules.drive_manager - INFO - Drive Manager initialized successfully
2026-07-21 13:56:40,285 - modules.sheets_manager - INFO - Sheets Manager initialized successfully
2026-07-21 13:56:40,285 - modules.scheduler - INFO - Scheduler initialized with 3 days threshold
2026-07-21 13:56:40,285 - modules.consolidator - INFO - Consolidator initialized
2026-07-21 13:56:40,285 - modules.notifier - INFO - Notifier initialized
2026-07-21 13:56:40,285 - __main__ - INFO - Application initialized successfully
2026-07-21 13:56:43,966 - __main__ - INFO - 
2026-07-21 13:56:43,966 - __main__ - INFO - ======================================================================
2026-07-21 13:56:43,966 - __main__ - INFO - REPORTE: SEMANA
2026-07-21 13:56:43,966 - __main__ - INFO - ======================================================================
2026-07-21 13:56:43,966 - __main__ - WARNING - No sheet ID for Ingenieria, skipping...
2026-07-21 13:56:43,966 - __main__ - WARNING - No sheet ID for Obras, skipping...
2026-07-21 13:56:43,966 - __main__ - WARNING - No sheet ID for Mantenimiento, skipping...
2026-07-21 13:58:31,943 - menu - INFO - Loaded 1 saved Gmail accounts
2026-07-21 13:58:33,897 - __main__ - INFO - Selected account: germanty123@gmail.com (personal)
2026-07-21 13:58:33,897 - __main__ - INFO - Using token: .gmail_tokens/germanty123_gmail_com_token.json
2026-07-21 13:58:33,897 - modules.auth - INFO - Loading OAuth2 token from: .gmail_tokens/germanty123_gmail_com_token.json
2026-07-21 13:58:34,011 - modules.auth - INFO - Token refreshed successfully
2026-07-21 13:58:34,011 - modules.auth - INFO - OAuth2 authentication successful
2026-07-21 13:58:34,012 - googleapiclient.discovery_cache - INFO - file_cache is only supported with oauth2client<4.0.0
2026-07-21 13:58:34,015 - googleapiclient.discovery_cache - INFO - file_cache is only supported with oauth2client<4.0.0
2026-07-21 13:58:34,018 - googleapiclient.discovery_cache - INFO - file_cache is only supported with oauth2client<4.0.0
2026-07-21 13:58:34,019 - modules.auth - INFO - Successfully authenticated with Google Cloud
2026-07-21 13:58:34,020 - modules.auth - INFO - Authentication method: OAuth2
2026-07-21 13:58:34,020 - modules.drive_manager - INFO - Drive Manager initialized successfully
2026-07-21 13:58:34,020 - modules.sheets_manager - INFO - Sheets Manager initialized successfully
2026-07-21 13:58:34,020 - modules.scheduler - INFO - Scheduler initialized with 3 days threshold
2026-07-21 13:58:34,020 - modules.consolidator - INFO - Consolidator initialized
2026-07-21 13:58:34,020 - modules.notifier - INFO - Notifier initialized
2026-07-21 13:58:34,020 - __main__ - INFO - Application initialized successfully
2026-07-21 13:58:36,624 - __main__ - INFO - 
2026-07-21 13:58:36,625 - __main__ - INFO - ======================================================================
2026-07-21 13:58:36,625 - __main__ - INFO - REPORTE: SEMANA
2026-07-21 13:58:36,625 - __main__ - INFO - ======================================================================
2026-07-21 13:58:36,625 - __main__ - WARNING - No sheet ID for Ingenieria, skipping...
2026-07-21 13:58:36,625 - __main__ - WARNING - No sheet ID for Obras, skipping...
2026-07-21 13:58:36,625 - __main__ - WARNING - No sheet ID for Mantenimiento, skipping...
2026-07-21 13:59:46,299 - menu - INFO - Loaded 1 saved Gmail accounts
2026-07-21 13:59:47,868 - __main__ - INFO - Selected account: germanty123@gmail.com (personal)
2026-07-21 13:59:47,868 - __main__ - INFO - Using token: .gmail_tokens/germanty123_gmail_com_token.json
2026-07-21 13:59:47,868 - modules.auth - INFO - Loading OAuth2 token from: .gmail_tokens/germanty123_gmail_com_token.json
2026-07-21 13:59:47,976 - modules.auth - INFO - Token refreshed successfully
2026-07-21 13:59:47,976 - modules.auth - INFO - OAuth2 authentication successful
2026-07-21 13:59:47,977 - googleapiclient.discovery_cache - INFO - file_cache is only supported with oauth2client<4.0.0
2026-07-21 13:59:47,979 - googleapiclient.discovery_cache - INFO - file_cache is only supported with oauth2client<4.0.0
2026-07-21 13:59:47,982 - googleapiclient.discovery_cache - INFO - file_cache is only supported with oauth2client<4.0.0
2026-07-21 13:59:47,983 - modules.auth - INFO - Successfully authenticated with Google Cloud
2026-07-21 13:59:47,983 - modules.auth - INFO - Authentication method: OAuth2
2026-07-21 13:59:47,983 - modules.drive_manager - INFO - Drive Manager initialized successfully
2026-07-21 13:59:47,983 - modules.sheets_manager - INFO - Sheets Manager initialized successfully
2026-07-21 13:59:47,983 - modules.scheduler - INFO - Scheduler initialized with 3 days threshold
2026-07-21 13:59:47,983 - modules.consolidator - INFO - Consolidator initialized
2026-07-21 13:59:47,983 - modules.notifier - INFO - Notifier initialized
2026-07-21 13:59:47,983 - __main__ - INFO - Application initialized successfully
2026-07-21 13:59:50,495 - __main__ - INFO - 
2026-07-21 13:59:50,495 - __main__ - INFO - ╔====================================================================╗
2026-07-21 13:59:50,495 - __main__ - INFO - ║              PROJECT SCHEDULER - FULL EXECUTION CYCLE              ║
2026-07-21 13:59:50,495 - __main__ - INFO - ╚====================================================================╝
2026-07-21 13:59:50,495 - __main__ - INFO - 
2026-07-21 13:59:50,495 - __main__ - INFO - ======================================================================
2026-07-21 13:59:50,495 - __main__ - INFO - STEP 1: Setting up folder structure
2026-07-21 13:59:50,495 - __main__ - INFO - ======================================================================
2026-07-21 13:59:50,969 - modules.drive_manager - INFO - Folder found: Proyectos_Empresa (ID: 1dMu2WeU3bbzqPEFEAoNySonP1eKTC71u)
2026-07-21 13:59:50,969 - __main__ - INFO - Root folder created with ID: 1dMu2WeU3bbzqPEFEAoNySonP1eKTC71u
2026-07-21 13:59:51,288 - modules.drive_manager - INFO - Folder found: Ingenieria (ID: 1Voz7pY4e1gXbiHrohg8kE7ORywmh9oPe)
2026-07-21 13:59:51,770 - modules.drive_manager - INFO - Folder found: Clientes (ID: 1-pW6dcCmpM7yr9pfNA895HVeLNA87AL9)
2026-07-21 13:59:51,770 - __main__ - INFO - Ingenieria department folder: 1Voz7pY4e1gXbiHrohg8kE7ORywmh9oPe
2026-07-21 13:59:51,771 - __main__ - INFO - Ingenieria clients folder: 1-pW6dcCmpM7yr9pfNA895HVeLNA87AL9
2026-07-21 13:59:52,062 - modules.drive_manager - INFO - Folder found: Obras (ID: 1pxkkVZK_9XrhMBlKJfgvwYdjrPASagkY)
2026-07-21 13:59:52,354 - modules.drive_manager - INFO - Folder found: Clientes (ID: 17GspBkoAYHSJUIaC7663vAIB8bz495ID)
2026-07-21 13:59:52,354 - __main__ - INFO - Obras department folder: 1pxkkVZK_9XrhMBlKJfgvwYdjrPASagkY
2026-07-21 13:59:52,354 - __main__ - INFO - Obras clients folder: 17GspBkoAYHSJUIaC7663vAIB8bz495ID
2026-07-21 13:59:52,616 - modules.drive_manager - INFO - Folder found: Mantenimiento (ID: 15Ykg8P5i8lHto5TSl2_mCnwuz6u0Vj7f)
2026-07-21 13:59:52,926 - modules.drive_manager - INFO - Folder found: Clientes (ID: 1rIzjgwvLwRIaRc-qbJi4Uubu2DeBpkK_)
2026-07-21 13:59:52,926 - __main__ - INFO - Mantenimiento department folder: 15Ykg8P5i8lHto5TSl2_mCnwuz6u0Vj7f
2026-07-21 13:59:52,926 - __main__ - INFO - Mantenimiento clients folder: 1rIzjgwvLwRIaRc-qbJi4Uubu2DeBpkK_
2026-07-21 13:59:52,926 - __main__ - INFO - 
2026-07-21 13:59:52,926 - __main__ - INFO - ======================================================================
2026-07-21 13:59:52,926 - __main__ - INFO - STEP 2: Setting up spreadsheets
2026-07-21 13:59:52,926 - __main__ - INFO - ======================================================================
2026-07-21 13:59:53,374 - modules.sheets_manager - INFO - Spreadsheet found: Cronograma_Ingenieria (ID: 1c9kxSxwPG3huAebtoMKoopB8Zprzcm5ncFwcq4ipl3w)
2026-07-21 13:59:54,149 - modules.sheets_manager - INFO - Sheet names for 1c9kxSxwPG3huAebtoMKoopB8Zprzcm5ncFwcq4ipl3w: ['Ingenieria']
2026-07-21 13:59:54,149 - modules.sheets_manager - INFO - Sheet 'Ingenieria' already exists
2026-07-21 13:59:54,415 - modules.sheets_manager - INFO - Data written to 1c9kxSxwPG3huAebtoMKoopB8Zprzcm5ncFwcq4ipl3w: Ingenieria!A1 (1 rows)
2026-07-21 13:59:54,415 - __main__ - INFO - Headers created for Ingenieria
2026-07-21 13:59:54,415 - __main__ - INFO - Spreadsheet for Ingenieria: 1c9kxSxwPG3huAebtoMKoopB8Zprzcm5ncFwcq4ipl3w
2026-07-21 13:59:54,877 - modules.sheets_manager - INFO - Spreadsheet found: Cronograma_Obras (ID: 1K4yNUOomuBCgRDt8kY_r7nhKq8J0FZ-iPtxviluFhoA)
2026-07-21 13:59:55,530 - modules.sheets_manager - INFO - Sheet names for 1K4yNUOomuBCgRDt8kY_r7nhKq8J0FZ-iPtxviluFhoA: ['Obras']
2026-07-21 13:59:55,530 - modules.sheets_manager - INFO - Sheet 'Obras' already exists
2026-07-21 13:59:55,864 - modules.sheets_manager - INFO - Data written to 1K4yNUOomuBCgRDt8kY_r7nhKq8J0FZ-iPtxviluFhoA: Obras!A1 (1 rows)
2026-07-21 13:59:55,864 - __main__ - INFO - Headers created for Obras
2026-07-21 13:59:55,864 - __main__ - INFO - Spreadsheet for Obras: 1K4yNUOomuBCgRDt8kY_r7nhKq8J0FZ-iPtxviluFhoA
2026-07-21 13:59:56,263 - modules.sheets_manager - INFO - Spreadsheet found: Cronograma_Mantenimiento (ID: 1NmI8DwyPCNe8HsnDBlIu__FL_Peff2N-UYQ946SuBBA)
2026-07-21 13:59:56,760 - modules.sheets_manager - INFO - Sheet names for 1NmI8DwyPCNe8HsnDBlIu__FL_Peff2N-UYQ946SuBBA: ['Mantenimiento']
2026-07-21 13:59:56,760 - modules.sheets_manager - INFO - Sheet 'Mantenimiento' already exists
2026-07-21 13:59:57,049 - modules.sheets_manager - INFO - Data written to 1NmI8DwyPCNe8HsnDBlIu__FL_Peff2N-UYQ946SuBBA: Mantenimiento!A1 (1 rows)
2026-07-21 13:59:57,049 - __main__ - INFO - Headers created for Mantenimiento
2026-07-21 13:59:57,049 - __main__ - INFO - Spreadsheet for Mantenimiento: 1NmI8DwyPCNe8HsnDBlIu__FL_Peff2N-UYQ946SuBBA
2026-07-21 13:59:57,445 - modules.sheets_manager - INFO - Spreadsheet found: Cronograma_Maestro (ID: 1yHvzhJCsfi1UZ_XtxOnesgaMakNtsNjvkIMP2gaYDgw)
2026-07-21 13:59:58,044 - modules.sheets_manager - INFO - Sheet names for 1yHvzhJCsfi1UZ_XtxOnesgaMakNtsNjvkIMP2gaYDgw: ['Cronograma_Maestro']
2026-07-21 13:59:58,044 - modules.sheets_manager - INFO - Sheet 'Cronograma_Maestro' already exists
2026-07-21 13:59:58,312 - modules.sheets_manager - INFO - Data written to 1yHvzhJCsfi1UZ_XtxOnesgaMakNtsNjvkIMP2gaYDgw: Cronograma_Maestro!A1 (1 rows)
2026-07-21 13:59:58,312 - __main__ - INFO - Headers created for master schedule
2026-07-21 13:59:58,312 - __main__ - INFO - Master schedule spreadsheet: 1yHvzhJCsfi1UZ_XtxOnesgaMakNtsNjvkIMP2gaYDgw
2026-07-21 13:59:58,313 - __main__ - INFO - 
2026-07-21 13:59:58,313 - __main__ - INFO - ======================================================================
2026-07-21 13:59:58,313 - __main__ - INFO - STEP 3: Consolidating schedules
2026-07-21 13:59:58,313 - __main__ - INFO - ======================================================================
2026-07-21 13:59:58,531 - modules.sheets_manager - INFO - Sheet names for 1c9kxSxwPG3huAebtoMKoopB8Zprzcm5ncFwcq4ipl3w: ['Ingenieria']
2026-07-21 13:59:58,769 - modules.sheets_manager - INFO - Data read from 1c9kxSxwPG3huAebtoMKoopB8Zprzcm5ncFwcq4ipl3w: Ingenieria!A:K (20 rows)
2026-07-21 13:59:58,769 - __main__ - INFO - Read 20 rows from Ingenieria
2026-07-21 13:59:59,048 - modules.sheets_manager - INFO - Sheet names for 1K4yNUOomuBCgRDt8kY_r7nhKq8J0FZ-iPtxviluFhoA: ['Obras']
2026-07-21 13:59:59,351 - modules.sheets_manager - INFO - Data read from 1K4yNUOomuBCgRDt8kY_r7nhKq8J0FZ-iPtxviluFhoA: Obras!A:K (16 rows)
2026-07-21 13:59:59,351 - __main__ - INFO - Read 16 rows from Obras
2026-07-21 13:59:59,593 - modules.sheets_manager - INFO - Sheet names for 1NmI8DwyPCNe8HsnDBlIu__FL_Peff2N-UYQ946SuBBA: ['Mantenimiento']
2026-07-21 13:59:59,847 - modules.sheets_manager - INFO - Data read from 1NmI8DwyPCNe8HsnDBlIu__FL_Peff2N-UYQ946SuBBA: Mantenimiento!A:K (16 rows)
2026-07-21 13:59:59,847 - __main__ - INFO - Read 16 rows from Mantenimiento
2026-07-21 13:59:59,847 - modules.consolidator - INFO - [Ingenieria] Row count: 19, Column count: 11
2026-07-21 13:59:59,848 - modules.consolidator - INFO - [Ingenieria] Actual headers from sheet: ['ID_Proyecto', 'Cliente', 'Descripcion', 'Fecha_Inicio', 'Fecha_Entrega', 'Estado', 'Responsable', 'Fecha último estado', 'Diferencia de días', 'Estado', 'Descripción']
2026-07-21 13:59:59,849 - modules.consolidator - INFO - [Ingenieria] DataFrame shape before mapping: (19, 11)
2026-07-21 13:59:59,850 - modules.consolidator - INFO - [Ingenieria] DataFrame columns: ['ID_Proyecto', 'Cliente', 'Descripcion', 'Fecha_Inicio', 'Fecha_Entrega', 'Estado', 'Responsable', 'Fecha último estado', 'Diferencia de días', 'Estado', 'Descripción']
2026-07-21 13:59:59,850 - modules.consolidator - INFO - [Ingenieria] Detected Excel format (11 columns), applying mapping...
2026-07-21 13:59:59,850 - modules.consolidator - INFO - Starting Excel column mapping for 19 rows
2026-07-21 13:59:59,851 - modules.consolidator - INFO - Input columns: ['ID_Proyecto', 'Cliente', 'Descripcion', 'Fecha_Inicio', 'Fecha_Entrega', 'Estado', 'Responsable', 'Fecha último estado', 'Diferencia de días', 'Estado', 'Descripción']
2026-07-21 13:59:59,852 - modules.consolidator - INFO - Mapped columns by position: ['ID_Proyecto', 'Cliente', 'Responsable', 'Fecha_Inicio', 'Fecha_Entrega', 'Fecha último estado', 'Estado', 'Descripcion']
2026-07-21 13:59:59,853 - modules.consolidator - INFO - Mapped 19 rows from Excel format to standard format
2026-07-21 13:59:59,853 - modules.consolidator - INFO - Output columns: ['ID_Proyecto', 'Cliente', 'Descripcion', 'Fecha_Inicio', 'Fecha_Entrega', 'Estado', 'Responsable']
2026-07-21 13:59:59,853 - modules.consolidator - INFO - [Ingenieria] DataFrame columns after mapping: ['ID_Proyecto', 'Cliente', 'Descripcion', 'Fecha_Inicio', 'Fecha_Entrega', 'Estado', 'Responsable']
2026-07-21 13:59:59,854 - modules.consolidator - INFO - Prepared 19 rows from Ingenieria
2026-07-21 13:59:59,854 - modules.consolidator - INFO - [Obras] Row count: 15, Column count: 11
2026-07-21 13:59:59,854 - modules.consolidator - INFO - [Obras] Actual headers from sheet: ['ID_Proyecto', 'Cliente', 'Descripcion', 'Fecha_Inicio', 'Fecha_Entrega', 'Estado', 'Responsable', 'Fecha último estado', 'Diferencia de días', 'Estado', 'Descripción']
2026-07-21 13:59:59,855 - modules.consolidator - INFO - [Obras] DataFrame shape before mapping: (15, 11)
2026-07-21 13:59:59,855 - modules.consolidator - INFO - [Obras] DataFrame columns: ['ID_Proyecto', 'Cliente', 'Descripcion', 'Fecha_Inicio', 'Fecha_Entrega', 'Estado', 'Responsable', 'Fecha último estado', 'Diferencia de días', 'Estado', 'Descripción']
2026-07-21 13:59:59,855 - modules.consolidator - INFO - [Obras] Detected Excel format (11 columns), applying mapping...
2026-07-21 13:59:59,855 - modules.consolidator - INFO - Starting Excel column mapping for 15 rows
2026-07-21 13:59:59,855 - modules.consolidator - INFO - Input columns: ['ID_Proyecto', 'Cliente', 'Descripcion', 'Fecha_Inicio', 'Fecha_Entrega', 'Estado', 'Responsable', 'Fecha último estado', 'Diferencia de días', 'Estado', 'Descripción']
2026-07-21 13:59:59,856 - modules.consolidator - INFO - Mapped columns by position: ['ID_Proyecto', 'Cliente', 'Responsable', 'Fecha_Inicio', 'Fecha_Entrega', 'Fecha último estado', 'Estado', 'Descripcion']
2026-07-21 13:59:59,856 - modules.consolidator - INFO - Mapped 15 rows from Excel format to standard format
2026-07-21 13:59:59,856 - modules.consolidator - INFO - Output columns: ['ID_Proyecto', 'Cliente', 'Descripcion', 'Fecha_Inicio', 'Fecha_Entrega', 'Estado', 'Responsable']
2026-07-21 13:59:59,856 - modules.consolidator - INFO - [Obras] DataFrame columns after mapping: ['ID_Proyecto', 'Cliente', 'Descripcion', 'Fecha_Inicio', 'Fecha_Entrega', 'Estado', 'Responsable']
2026-07-21 13:59:59,857 - modules.consolidator - INFO - Prepared 15 rows from Obras
2026-07-21 13:59:59,857 - modules.consolidator - INFO - [Mantenimiento] Row count: 15, Column count: 11
2026-07-21 13:59:59,857 - modules.consolidator - INFO - [Mantenimiento] Actual headers from sheet: ['ID_Proyecto', 'Cliente', 'Descripcion', 'Fecha_Inicio', 'Fecha_Entrega', 'Estado', 'Responsable', 'Fecha último estado', 'Diferencia de días', 'Estado', 'Descripción']
2026-07-21 13:59:59,858 - modules.consolidator - INFO - [Mantenimiento] DataFrame shape before mapping: (15, 11)
2026-07-21 13:59:59,858 - modules.consolidator - INFO - [Mantenimiento] DataFrame columns: ['ID_Proyecto', 'Cliente', 'Descripcion', 'Fecha_Inicio', 'Fecha_Entrega', 'Estado', 'Responsable', 'Fecha último estado', 'Diferencia de días', 'Estado', 'Descripción']
2026-07-21 13:59:59,858 - modules.consolidator - INFO - [Mantenimiento] Detected Excel format (11 columns), applying mapping...
2026-07-21 13:59:59,858 - modules.consolidator - INFO - Starting Excel column mapping for 15 rows
2026-07-21 13:59:59,858 - modules.consolidator - INFO - Input columns: ['ID_Proyecto', 'Cliente', 'Descripcion', 'Fecha_Inicio', 'Fecha_Entrega', 'Estado', 'Responsable', 'Fecha último estado', 'Diferencia de días', 'Estado', 'Descripción']
2026-07-21 13:59:59,858 - modules.consolidator - INFO - Mapped columns by position: ['ID_Proyecto', 'Cliente', 'Responsable', 'Fecha_Inicio', 'Fecha_Entrega', 'Fecha último estado', 'Estado', 'Descripcion']
2026-07-21 13:59:59,859 - modules.consolidator - INFO - Mapped 15 rows from Excel format to standard format
2026-07-21 13:59:59,859 - modules.consolidator - INFO - Output columns: ['ID_Proyecto', 'Cliente', 'Descripcion', 'Fecha_Inicio', 'Fecha_Entrega', 'Estado', 'Responsable']
2026-07-21 13:59:59,859 - modules.consolidator - INFO - [Mantenimiento] DataFrame columns after mapping: ['ID_Proyecto', 'Cliente', 'Descripcion', 'Fecha_Inicio', 'Fecha_Entrega', 'Estado', 'Responsable']
2026-07-21 13:59:59,860 - modules.consolidator - INFO - Prepared 15 rows from Mantenimiento
2026-07-21 13:59:59,860 - modules.consolidator - INFO - Consolidated 49 total projects from all departments
2026-07-21 13:59:59,861 - modules.consolidator - INFO - Data validation: FAILED (1 errors)
2026-07-21 13:59:59,861 - __main__ - WARNING - Data validation issues: ['Invalid states found: En elaboración, Aprobado, En revisión, ']
2026-07-21 13:59:59,863 - modules.consolidator - INFO - Converted 49 rows to sheet format
2026-07-21 14:00:00,193 - modules.sheets_manager - INFO - Sheet names for 1yHvzhJCsfi1UZ_XtxOnesgaMakNtsNjvkIMP2gaYDgw: ['Cronograma_Maestro']
2026-07-21 14:00:00,467 - modules.sheets_manager - INFO - Data cleared from 1yHvzhJCsfi1UZ_XtxOnesgaMakNtsNjvkIMP2gaYDgw: Cronograma_Maestro!A2:H
2026-07-21 14:00:00,789 - modules.sheets_manager - INFO - Data written to 1yHvzhJCsfi1UZ_XtxOnesgaMakNtsNjvkIMP2gaYDgw: Cronograma_Maestro!A1 (50 rows)
2026-07-21 14:00:00,790 - __main__ - INFO - Consolidated 49 projects to master schedule
2026-07-21 14:00:00,794 - modules.consolidator - INFO - Generated summaries for 3 departments
2026-07-21 14:00:00,794 - __main__ - INFO - Ingenieria: {'departamento': 'Ingenieria', 'total_proyectos': 19, 'pendiente': 0, 'en_progreso': 0, 'completado': 0, 'retrasado': 0}
2026-07-21 14:00:00,794 - __main__ - INFO - Obras: {'departamento': 'Obras', 'total_proyectos': 15, 'pendiente': 0, 'en_progreso': 0, 'completado': 0, 'retrasado': 0}
2026-07-21 14:00:00,794 - __main__ - INFO - Mantenimiento: {'departamento': 'Mantenimiento', 'total_proyectos': 15, 'pendiente': 0, 'en_progreso': 0, 'completado': 0, 'retrasado': 0}
2026-07-21 14:00:00,794 - __main__ - INFO - 
2026-07-21 14:00:00,794 - __main__ - INFO - ======================================================================
2026-07-21 14:00:00,794 - __main__ - INFO - STEP 4: Evaluating alerts
2026-07-21 14:00:00,794 - __main__ - INFO - ======================================================================
2026-07-21 14:00:00,797 - modules.scheduler - INFO - Alert evaluation complete: 22 overdue, 0 approaching
2026-07-21 14:00:00,797 - alerts - WARNING - [VENCIDO] 1901 - Shell Argentina - Dock Sud - Depto: Ingenieria - Proyecto vencido hace 32 días
2026-07-21 14:00:00,797 - alerts - WARNING - [VENCIDO] 1903 - Techint - Siderar San Nicolás - Depto: Ingenieria - Proyecto vencido hace 42 días
2026-07-21 14:00:00,797 - alerts - WARNING - [VENCIDO] 1905 - ArcelorMittal - Villa Constitución - Depto: Ingenieria - Proyecto vencido hace 21 días
2026-07-21 14:00:00,797 - alerts - WARNING - [VENCIDO] 1907 - Cargill - Bahía Blanca - Depto: Ingenieria - Proyecto vencido hace 78 días
2026-07-21 14:00:00,797 - alerts - WARNING - [VENCIDO] 1909 - Loma Negra - Barker - Depto: Ingenieria - Proyecto vencido hace 14 días
2026-07-21 14:00:00,797 - alerts - WARNING - [VENCIDO] 1911 - Toyota Argentina - Zárate - Depto: Ingenieria - Proyecto vencido hace 51 días
2026-07-21 14:00:00,797 - alerts - WARNING - [VENCIDO] 1913 - General Motors - Alvear - Depto: Ingenieria - Proyecto vencido hace 17 días
2026-07-21 14:00:00,797 - alerts - WARNING - [VENCIDO] 1884 - SEGURIDAD S.R.L - Depto: Ingenieria - Proyecto vencido hace 1 días
2026-07-21 14:00:00,797 - alerts - WARNING - [VENCIDO] 2101 - Telefónica Argentina - Parque Patricios - Depto: Obras - Proyecto vencido hace 30 días
2026-07-21 14:00:00,797 - alerts - WARNING - [VENCIDO] 2103 - Amazon Web Services - Bahía Blanca - Depto: Obras - Proyecto vencido hace 42 días
2026-07-21 14:00:00,797 - alerts - WARNING - [VENCIDO] 2105 - Santander Río - Puerto Madero - Depto: Obras - Proyecto vencido hace 21 días
2026-07-21 14:00:00,797 - alerts - WARNING - [VENCIDO] 2107 - Banco Galicia - San Isidro - Depto: Obras - Proyecto vencido hace 58 días
2026-07-21 14:00:00,797 - alerts - WARNING - [VENCIDO] 2109 - ICBC Argentina - Retiro - Depto: Obras - Proyecto vencido hace 12 días
2026-07-21 14:00:00,797 - alerts - WARNING - [VENCIDO] 2111 - Banco Provincia - La Plata - Depto: Obras - Proyecto vencido hace 47 días
2026-07-21 14:00:00,797 - alerts - WARNING - [VENCIDO] 2113 - Unilever - Pilar - Depto: Obras - Proyecto vencido hace 21 días
2026-07-21 14:00:00,797 - alerts - WARNING - [VENCIDO] 2001 - Bunge Argentina - Puerto General San Martín - Depto: Mantenimiento - Proyecto vencido hace 27 días
2026-07-21 14:00:00,797 - alerts - WARNING - [VENCIDO] 2003 - Nidera - Villa María - Depto: Mantenimiento - Proyecto vencido hace 37 días
2026-07-21 14:00:00,797 - alerts - WARNING - [VENCIDO] 2005 - Toepfer - Puerto San Martín - Depto: Mantenimiento - Proyecto vencido hace 21 días
2026-07-21 14:00:00,797 - alerts - WARNING - [VENCIDO] 2007 - Vicentin - Avellaneda - Depto: Mantenimiento - Proyecto vencido hace 73 días
2026-07-21 14:00:00,798 - alerts - WARNING - [VENCIDO] 2009 - Aceitera General Deheza - Deheza - Depto: Mantenimiento - Proyecto vencido hace 17 días
2026-07-21 14:00:00,798 - alerts - WARNING - [VENCIDO] 2011 - Coca-Cola FEMSA - Merlo - Depto: Mantenimiento - Proyecto vencido hace 51 días
2026-07-21 14:00:00,798 - alerts - WARNING - [VENCIDO] 2013 - Arcor - Arroyito - Depto: Mantenimiento - Proyecto vencido hace 14 días
2026-07-21 14:00:00,798 - modules.notifier - INFO - Logged 22/22 alerts
2026-07-21 14:00:00,798 - modules.notifier - INFO - Logged 0/0 alerts
2026-07-21 14:00:00,798 - __main__ - INFO - Total alerts logged: 22
2026-07-21 14:00:00,798 - __main__ - INFO - ============================================================
RESUMEN DE ALERTAS - 21/07/2026 14:00
============================================================

PROYECTOS VENCIDOS: 22
  • 1901 - Shell Argentina - Dock Sud
    Departamento: Ingenieria
    Vencido hace: 32 días
    Responsable: Marcelo Battista

  • 1903 - Techint - Siderar San Nicolás
    Departamento: Ingenieria
    Vencido hace: 42 días
    Responsable: Marcelo Battista

  • 1905 - ArcelorMittal - Villa Constitución
    Departamento: Ingenieria
    Vencido hace: 21 días
    Responsable: Marcelo Battista

  • 1907 - Cargill - Bahía Blanca
    Departamento: Ingenieria
    Vencido hace: 78 días
    Responsable: Marcelo Battista

  • 1909 - Loma Negra - Barker
    Departamento: Ingenieria
    Vencido hace: 14 días
    Responsable: Marcelo Battista

  • 1911 - Toyota Argentina - Zárate
    Departamento: Ingenieria
    Vencido hace: 51 días
    Responsable: Marcelo Battista

  • 1913 - General Motors - Alvear
    Departamento: Ingenieria
    Vencido hace: 17 días
    Responsable: Marcelo Battista

  • 1884 - SEGURIDAD S.R.L
    Departamento: Ingenieria
    Vencido hace: 1 días
    Responsable: Fernando Menendez

  • 2101 - Telefónica Argentina - Parque Patricios
    Departamento: Obras
    Vencido hace: 30 días
    Responsable: Jorge Fernandez

  • 2103 - Amazon Web Services - Bahía Blanca
    Departamento: Obras
    Vencido hace: 42 días
    Responsable: Jorge Fernandez

  • 2105 - Santander Río - Puerto Madero
    Departamento: Obras
    Vencido hace: 21 días
    Responsable: Jorge Fernandez

  • 2107 - Banco Galicia - San Isidro
    Departamento: Obras
    Vencido hace: 58 días
    Responsable: Jorge Fernandez

  • 2109 - ICBC Argentina - Retiro
    Departamento: Obras
    Vencido hace: 12 días
    Responsable: Jorge Fernandez

  • 2111 - Banco Provincia - La Plata
    Departamento: Obras
    Vencido hace: 47 días
    Responsable: Jorge Fernandez

  • 2113 - Unilever - Pilar
    Departamento: Obras
    Vencido hace: 21 días
    Responsable: Jorge Fernandez

  • 2001 - Bunge Argentina - Puerto General San Martín
    Departamento: Mantenimiento
    Vencido hace: 27 días
    Responsable: Fernando Menendez

  • 2003 - Nidera - Villa María
    Departamento: Mantenimiento
    Vencido hace: 37 días
    Responsable: Fernando Menendez

  • 2005 - Toepfer - Puerto San Martín
    Departamento: Mantenimiento
    Vencido hace: 21 días
    Responsable: Fernando Menendez

  • 2007 - Vicentin - Avellaneda
    Departamento: Mantenimiento
    Vencido hace: 73 días
    Responsable: Fernando Menendez

  • 2009 - Aceitera General Deheza - Deheza
    Departamento: Mantenimiento
    Vencido hace: 17 días
    Responsable: Fernando Menendez

  • 2011 - Coca-Cola FEMSA - Merlo
    Departamento: Mantenimiento
    Vencido hace: 51 días
    Responsable: Fernando Menendez

  • 2013 - Arcor - Arroyito
    Departamento: Mantenimiento
    Vencido hace: 14 días
    Responsable: Fernando Menendez

PLAZOS PRÓXIMOS (próximos 3 días): 0
============================================================
2026-07-21 14:00:00,798 - alerts - INFO - 
======================================================================
RESUMEN DE EJECUCIÓN - 21/07/2026 14:00:00
======================================================================
Status: SUCCESS
Root Folder: 1dMu2WeU3bbzqPEFEAoNySonP1eKTC71u
Departments: 3
Master Schedule: 1yHvzhJCsfi1UZ_XtxOnesgaMakNtsNjvkIMP2gaYDgw
======================================================================

2026-07-21 14:00:00,798 - __main__ - INFO - 
2026-07-21 14:00:00,798 - __main__ - INFO - ✓ Execution completed successfully
2026-07-21 14:03:44,152 - __main__ - INFO - 
2026-07-21 14:03:44,152 - __main__ - INFO - ======================================================================
2026-07-21 14:03:44,152 - __main__ - INFO - REPORTE: SEMANA
2026-07-21 14:03:44,152 - __main__ - INFO - ======================================================================
2026-07-21 14:03:44,474 - modules.sheets_manager - INFO - Sheet names for 1c9kxSxwPG3huAebtoMKoopB8Zprzcm5ncFwcq4ipl3w: ['Ingenieria']
2026-07-21 14:03:44,713 - modules.sheets_manager - INFO - Data read from 1c9kxSxwPG3huAebtoMKoopB8Zprzcm5ncFwcq4ipl3w: Ingenieria!A:K (20 rows)
2026-07-21 14:03:44,713 - __main__ - INFO - Read 20 rows from Ingenieria
2026-07-21 14:03:45,284 - modules.sheets_manager - INFO - Sheet names for 1K4yNUOomuBCgRDt8kY_r7nhKq8J0FZ-iPtxviluFhoA: ['Obras']
2026-07-21 14:03:45,608 - modules.sheets_manager - INFO - Data read from 1K4yNUOomuBCgRDt8kY_r7nhKq8J0FZ-iPtxviluFhoA: Obras!A:K (16 rows)
2026-07-21 14:03:45,608 - __main__ - INFO - Read 16 rows from Obras
2026-07-21 14:03:46,071 - modules.sheets_manager - INFO - Sheet names for 1NmI8DwyPCNe8HsnDBlIu__FL_Peff2N-UYQ946SuBBA: ['Mantenimiento']
2026-07-21 14:03:46,367 - modules.sheets_manager - INFO - Data read from 1NmI8DwyPCNe8HsnDBlIu__FL_Peff2N-UYQ946SuBBA: Mantenimiento!A:K (16 rows)
2026-07-21 14:03:46,367 - __main__ - INFO - Read 16 rows from Mantenimiento
2026-07-21 14:03:46,367 - modules.consolidator - INFO - [Ingenieria] Row count: 19, Column count: 11
2026-07-21 14:03:46,367 - modules.consolidator - INFO - [Ingenieria] Actual headers from sheet: ['ID_Proyecto', 'Cliente', 'Descripcion', 'Fecha_Inicio', 'Fecha_Entrega', 'Estado', 'Responsable', 'Fecha último estado', 'Diferencia de días', 'Estado', 'Descripción']
2026-07-21 14:03:46,368 - modules.consolidator - INFO - [Ingenieria] DataFrame shape before mapping: (19, 11)
2026-07-21 14:03:46,368 - modules.consolidator - INFO - [Ingenieria] DataFrame columns: ['ID_Proyecto', 'Cliente', 'Descripcion', 'Fecha_Inicio', 'Fecha_Entrega', 'Estado', 'Responsable', 'Fecha último estado', 'Diferencia de días', 'Estado', 'Descripción']
2026-07-21 14:03:46,368 - modules.consolidator - INFO - [Ingenieria] Detected Excel format (11 columns), applying mapping...
2026-07-21 14:03:46,368 - modules.consolidator - INFO - Starting Excel column mapping for 19 rows
2026-07-21 14:03:46,368 - modules.consolidator - INFO - Input columns: ['ID_Proyecto', 'Cliente', 'Descripcion', 'Fecha_Inicio', 'Fecha_Entrega', 'Estado', 'Responsable', 'Fecha último estado', 'Diferencia de días', 'Estado', 'Descripción']
2026-07-21 14:03:46,369 - modules.consolidator - INFO - Mapped columns by position: ['ID_Proyecto', 'Cliente', 'Responsable', 'Fecha_Inicio', 'Fecha_Entrega', 'Fecha último estado', 'Estado', 'Descripcion']
2026-07-21 14:03:46,369 - modules.consolidator - INFO - Mapped 19 rows from Excel format to standard format
2026-07-21 14:03:46,370 - modules.consolidator - INFO - Output columns: ['ID_Proyecto', 'Cliente', 'Descripcion', 'Fecha_Inicio', 'Fecha_Entrega', 'Estado', 'Responsable']
2026-07-21 14:03:46,370 - modules.consolidator - INFO - [Ingenieria] DataFrame columns after mapping: ['ID_Proyecto', 'Cliente', 'Descripcion', 'Fecha_Inicio', 'Fecha_Entrega', 'Estado', 'Responsable']
2026-07-21 14:03:46,371 - modules.consolidator - INFO - Prepared 19 rows from Ingenieria
2026-07-21 14:03:46,371 - modules.consolidator - INFO - [Obras] Row count: 15, Column count: 11
2026-07-21 14:03:46,371 - modules.consolidator - INFO - [Obras] Actual headers from sheet: ['ID_Proyecto', 'Cliente', 'Descripcion', 'Fecha_Inicio', 'Fecha_Entrega', 'Estado', 'Responsable', 'Fecha último estado', 'Diferencia de días', 'Estado', 'Descripción']
2026-07-21 14:03:46,371 - modules.consolidator - INFO - [Obras] DataFrame shape before mapping: (15, 11)
2026-07-21 14:03:46,371 - modules.consolidator - INFO - [Obras] DataFrame columns: ['ID_Proyecto', 'Cliente', 'Descripcion', 'Fecha_Inicio', 'Fecha_Entrega', 'Estado', 'Responsable', 'Fecha último estado', 'Diferencia de días', 'Estado', 'Descripción']
2026-07-21 14:03:46,371 - modules.consolidator - INFO - [Obras] Detected Excel format (11 columns), applying mapping...
2026-07-21 14:03:46,371 - modules.consolidator - INFO - Starting Excel column mapping for 15 rows
2026-07-21 14:03:46,372 - modules.consolidator - INFO - Input columns: ['ID_Proyecto', 'Cliente', 'Descripcion', 'Fecha_Inicio', 'Fecha_Entrega', 'Estado', 'Responsable', 'Fecha último estado', 'Diferencia de días', 'Estado', 'Descripción']
2026-07-21 14:03:46,372 - modules.consolidator - INFO - Mapped columns by position: ['ID_Proyecto', 'Cliente', 'Responsable', 'Fecha_Inicio', 'Fecha_Entrega', 'Fecha último estado', 'Estado', 'Descripcion']
2026-07-21 14:03:46,373 - modules.consolidator - INFO - Mapped 15 rows from Excel format to standard format
2026-07-21 14:03:46,373 - modules.consolidator - INFO - Output columns: ['ID_Proyecto', 'Cliente', 'Descripcion', 'Fecha_Inicio', 'Fecha_Entrega', 'Estado', 'Responsable']
2026-07-21 14:03:46,373 - modules.consolidator - INFO - [Obras] DataFrame columns after mapping: ['ID_Proyecto', 'Cliente', 'Descripcion', 'Fecha_Inicio', 'Fecha_Entrega', 'Estado', 'Responsable']
2026-07-21 14:03:46,374 - modules.consolidator - INFO - Prepared 15 rows from Obras
2026-07-21 14:03:46,374 - modules.consolidator - INFO - [Mantenimiento] Row count: 15, Column count: 11
2026-07-21 14:03:46,374 - modules.consolidator - INFO - [Mantenimiento] Actual headers from sheet: ['ID_Proyecto', 'Cliente', 'Descripcion', 'Fecha_Inicio', 'Fecha_Entrega', 'Estado', 'Responsable', 'Fecha último estado', 'Diferencia de días', 'Estado', 'Descripción']
2026-07-21 14:03:46,375 - modules.consolidator - INFO - [Mantenimiento] DataFrame shape before mapping: (15, 11)
2026-07-21 14:03:46,375 - modules.consolidator - INFO - [Mantenimiento] DataFrame columns: ['ID_Proyecto', 'Cliente', 'Descripcion', 'Fecha_Inicio', 'Fecha_Entrega', 'Estado', 'Responsable', 'Fecha último estado', 'Diferencia de días', 'Estado', 'Descripción']
2026-07-21 14:03:46,375 - modules.consolidator - INFO - [Mantenimiento] Detected Excel format (11 columns), applying mapping...
2026-07-21 14:03:46,375 - modules.consolidator - INFO - Starting Excel column mapping for 15 rows
2026-07-21 14:03:46,375 - modules.consolidator - INFO - Input columns: ['ID_Proyecto', 'Cliente', 'Descripcion', 'Fecha_Inicio', 'Fecha_Entrega', 'Estado', 'Responsable', 'Fecha último estado', 'Diferencia de días', 'Estado', 'Descripción']
2026-07-21 14:03:46,376 - modules.consolidator - INFO - Mapped columns by position: ['ID_Proyecto', 'Cliente', 'Responsable', 'Fecha_Inicio', 'Fecha_Entrega', 'Fecha último estado', 'Estado', 'Descripcion']
2026-07-21 14:03:46,376 - modules.consolidator - INFO - Mapped 15 rows from Excel format to standard format
2026-07-21 14:03:46,376 - modules.consolidator - INFO - Output columns: ['ID_Proyecto', 'Cliente', 'Descripcion', 'Fecha_Inicio', 'Fecha_Entrega', 'Estado', 'Responsable']
2026-07-21 14:03:46,376 - modules.consolidator - INFO - [Mantenimiento] DataFrame columns after mapping: ['ID_Proyecto', 'Cliente', 'Descripcion', 'Fecha_Inicio', 'Fecha_Entrega', 'Estado', 'Responsable']
2026-07-21 14:03:46,378 - modules.consolidator - INFO - Prepared 15 rows from Mantenimiento
2026-07-21 14:03:46,378 - modules.consolidator - INFO - Consolidated 49 total projects from all departments
2026-07-21 14:03:46,380 - __main__ - INFO - Filtered 49 rows to 1 rows for date range 2026-07-20 14:03:46.378928 to 2026-07-26 14:03:46.378928
2026-07-21 14:03:47,156 - modules.sheets_manager - INFO - Spreadsheet found: Reporte_Semana_20_07_2026 (ID: 1cHSnfk4bKR89RaOgKbeSTy9glAh__N8kYq-b0e09TSM)
2026-07-21 14:03:47,156 - __main__ - INFO - Created report sheet: 1cHSnfk4bKR89RaOgKbeSTy9glAh__N8kYq-b0e09TSM
2026-07-21 14:03:47,762 - modules.sheets_manager - INFO - Sheet names for 1cHSnfk4bKR89RaOgKbeSTy9glAh__N8kYq-b0e09TSM: ['Reporte_Semana_20_07_2026']
2026-07-21 14:03:47,762 - modules.sheets_manager - INFO - Sheet 'Reporte_Semana_20_07_2026' already exists
2026-07-21 14:03:48,201 - modules.sheets_manager - INFO - Data written to 1cHSnfk4bKR89RaOgKbeSTy9glAh__N8kYq-b0e09TSM: Reporte_Semana_20_07_2026!A1 (1 rows)
2026-07-21 14:03:48,202 - __main__ - INFO - Headers created for report sheet
2026-07-21 14:03:48,204 - modules.consolidator - INFO - Converted 1 rows to sheet format
2026-07-21 14:03:48,478 - modules.sheets_manager - INFO - Sheet names for 1cHSnfk4bKR89RaOgKbeSTy9glAh__N8kYq-b0e09TSM: ['Reporte_Semana_20_07_2026']
2026-07-21 14:03:48,890 - modules.sheets_manager - INFO - Data written to 1cHSnfk4bKR89RaOgKbeSTy9glAh__N8kYq-b0e09TSM: Reporte_Semana_20_07_2026!A1 (2 rows)
2026-07-21 14:03:48,891 - __main__ - INFO - Wrote 1 projects to report sheet
2026-07-21 14:03:48,892 - __main__ - INFO - Report successfully created: https://docs.google.com/spreadsheets/d/1cHSnfk4bKR89RaOgKbeSTy9glAh__N8kYq-b0e09TSM/edit
2026-07-21 14:09:41,988 - __main__ - INFO - 
2026-07-21 14:09:41,988 - __main__ - INFO - ======================================================================
2026-07-21 14:09:41,989 - __main__ - INFO - REPORTE: DIA
2026-07-21 14:09:41,989 - __main__ - INFO - ======================================================================
2026-07-21 14:09:42,533 - modules.sheets_manager - INFO - Sheet names for 1c9kxSxwPG3huAebtoMKoopB8Zprzcm5ncFwcq4ipl3w: ['Ingenieria']
2026-07-21 14:09:42,782 - modules.sheets_manager - INFO - Data read from 1c9kxSxwPG3huAebtoMKoopB8Zprzcm5ncFwcq4ipl3w: Ingenieria!A:K (20 rows)
2026-07-21 14:09:42,783 - __main__ - INFO - Read 20 rows from Ingenieria
2026-07-21 14:09:43,360 - modules.sheets_manager - INFO - Sheet names for 1K4yNUOomuBCgRDt8kY_r7nhKq8J0FZ-iPtxviluFhoA: ['Obras']
2026-07-21 14:09:43,695 - modules.sheets_manager - INFO - Data read from 1K4yNUOomuBCgRDt8kY_r7nhKq8J0FZ-iPtxviluFhoA: Obras!A:K (16 rows)
2026-07-21 14:09:43,695 - __main__ - INFO - Read 16 rows from Obras
2026-07-21 14:09:44,222 - modules.sheets_manager - INFO - Sheet names for 1NmI8DwyPCNe8HsnDBlIu__FL_Peff2N-UYQ946SuBBA: ['Mantenimiento']
2026-07-21 14:09:44,495 - modules.sheets_manager - INFO - Data read from 1NmI8DwyPCNe8HsnDBlIu__FL_Peff2N-UYQ946SuBBA: Mantenimiento!A:K (16 rows)
2026-07-21 14:09:44,495 - __main__ - INFO - Read 16 rows from Mantenimiento
2026-07-21 14:09:44,496 - modules.consolidator - INFO - [Ingenieria] Row count: 19, Column count: 11
2026-07-21 14:09:44,496 - modules.consolidator - INFO - [Ingenieria] Actual headers from sheet: ['ID_Proyecto', 'Cliente', 'Descripcion', 'Fecha_Inicio', 'Fecha_Entrega', 'Estado', 'Responsable', 'Fecha último estado', 'Diferencia de días', 'Estado', 'Descripción']
2026-07-21 14:09:44,496 - modules.consolidator - INFO - [Ingenieria] DataFrame shape before mapping: (19, 11)
2026-07-21 14:09:44,497 - modules.consolidator - INFO - [Ingenieria] DataFrame columns: ['ID_Proyecto', 'Cliente', 'Descripcion', 'Fecha_Inicio', 'Fecha_Entrega', 'Estado', 'Responsable', 'Fecha último estado', 'Diferencia de días', 'Estado', 'Descripción']
2026-07-21 14:09:44,497 - modules.consolidator - INFO - [Ingenieria] Detected Excel format (11 columns), applying mapping...
2026-07-21 14:09:44,497 - modules.consolidator - INFO - Starting Excel column mapping for 19 rows
2026-07-21 14:09:44,497 - modules.consolidator - INFO - Input columns: ['ID_Proyecto', 'Cliente', 'Descripcion', 'Fecha_Inicio', 'Fecha_Entrega', 'Estado', 'Responsable', 'Fecha último estado', 'Diferencia de días', 'Estado', 'Descripción']
2026-07-21 14:09:44,498 - modules.consolidator - INFO - Mapped columns by position: ['ID_Proyecto', 'Cliente', 'Responsable', 'Fecha_Inicio', 'Fecha_Entrega', 'Fecha último estado', 'Estado', 'Descripcion']
2026-07-21 14:09:44,498 - modules.consolidator - INFO - Mapped 19 rows from Excel format to standard format
2026-07-21 14:09:44,498 - modules.consolidator - INFO - Output columns: ['ID_Proyecto', 'Cliente', 'Descripcion', 'Fecha_Inicio', 'Fecha_Entrega', 'Estado', 'Responsable']
2026-07-21 14:09:44,499 - modules.consolidator - INFO - [Ingenieria] DataFrame columns after mapping: ['ID_Proyecto', 'Cliente', 'Descripcion', 'Fecha_Inicio', 'Fecha_Entrega', 'Estado', 'Responsable']
2026-07-21 14:09:44,500 - modules.consolidator - INFO - Prepared 19 rows from Ingenieria
2026-07-21 14:09:44,500 - modules.consolidator - INFO - [Obras] Row count: 15, Column count: 11
2026-07-21 14:09:44,500 - modules.consolidator - INFO - [Obras] Actual headers from sheet: ['ID_Proyecto', 'Cliente', 'Descripcion', 'Fecha_Inicio', 'Fecha_Entrega', 'Estado', 'Responsable', 'Fecha último estado', 'Diferencia de días', 'Estado', 'Descripción']
2026-07-21 14:09:44,500 - modules.consolidator - INFO - [Obras] DataFrame shape before mapping: (15, 11)
2026-07-21 14:09:44,500 - modules.consolidator - INFO - [Obras] DataFrame columns: ['ID_Proyecto', 'Cliente', 'Descripcion', 'Fecha_Inicio', 'Fecha_Entrega', 'Estado', 'Responsable', 'Fecha último estado', 'Diferencia de días', 'Estado', 'Descripción']
2026-07-21 14:09:44,500 - modules.consolidator - INFO - [Obras] Detected Excel format (11 columns), applying mapping...
2026-07-21 14:09:44,501 - modules.consolidator - INFO - Starting Excel column mapping for 15 rows
2026-07-21 14:09:44,501 - modules.consolidator - INFO - Input columns: ['ID_Proyecto', 'Cliente', 'Descripcion', 'Fecha_Inicio', 'Fecha_Entrega', 'Estado', 'Responsable', 'Fecha último estado', 'Diferencia de días', 'Estado', 'Descripción']
2026-07-21 14:09:44,502 - modules.consolidator - INFO - Mapped columns by position: ['ID_Proyecto', 'Cliente', 'Responsable', 'Fecha_Inicio', 'Fecha_Entrega', 'Fecha último estado', 'Estado', 'Descripcion']
2026-07-21 14:09:44,503 - modules.consolidator - INFO - Mapped 15 rows from Excel format to standard format
2026-07-21 14:09:44,503 - modules.consolidator - INFO - Output columns: ['ID_Proyecto', 'Cliente', 'Descripcion', 'Fecha_Inicio', 'Fecha_Entrega', 'Estado', 'Responsable']
2026-07-21 14:09:44,503 - modules.consolidator - INFO - [Obras] DataFrame columns after mapping: ['ID_Proyecto', 'Cliente', 'Descripcion', 'Fecha_Inicio', 'Fecha_Entrega', 'Estado', 'Responsable']
2026-07-21 14:09:44,504 - modules.consolidator - INFO - Prepared 15 rows from Obras
2026-07-21 14:09:44,504 - modules.consolidator - INFO - [Mantenimiento] Row count: 15, Column count: 11
2026-07-21 14:09:44,504 - modules.consolidator - INFO - [Mantenimiento] Actual headers from sheet: ['ID_Proyecto', 'Cliente', 'Descripcion', 'Fecha_Inicio', 'Fecha_Entrega', 'Estado', 'Responsable', 'Fecha último estado', 'Diferencia de días', 'Estado', 'Descripción']
2026-07-21 14:09:44,505 - modules.consolidator - INFO - [Mantenimiento] DataFrame shape before mapping: (15, 11)
2026-07-21 14:09:44,505 - modules.consolidator - INFO - [Mantenimiento] DataFrame columns: ['ID_Proyecto', 'Cliente', 'Descripcion', 'Fecha_Inicio', 'Fecha_Entrega', 'Estado', 'Responsable', 'Fecha último estado', 'Diferencia de días', 'Estado', 'Descripción']
2026-07-21 14:09:44,505 - modules.consolidator - INFO - [Mantenimiento] Detected Excel format (11 columns), applying mapping...
2026-07-21 14:09:44,505 - modules.consolidator - INFO - Starting Excel column mapping for 15 rows
2026-07-21 14:09:44,505 - modules.consolidator - INFO - Input columns: ['ID_Proyecto', 'Cliente', 'Descripcion', 'Fecha_Inicio', 'Fecha_Entrega', 'Estado', 'Responsable', 'Fecha último estado', 'Diferencia de días', 'Estado', 'Descripción']
2026-07-21 14:09:44,506 - modules.consolidator - INFO - Mapped columns by position: ['ID_Proyecto', 'Cliente', 'Responsable', 'Fecha_Inicio', 'Fecha_Entrega', 'Fecha último estado', 'Estado', 'Descripcion']
2026-07-21 14:09:44,506 - modules.consolidator - INFO - Mapped 15 rows from Excel format to standard format
2026-07-21 14:09:44,506 - modules.consolidator - INFO - Output columns: ['ID_Proyecto', 'Cliente', 'Descripcion', 'Fecha_Inicio', 'Fecha_Entrega', 'Estado', 'Responsable']
2026-07-21 14:09:44,507 - modules.consolidator - INFO - [Mantenimiento] DataFrame columns after mapping: ['ID_Proyecto', 'Cliente', 'Descripcion', 'Fecha_Inicio', 'Fecha_Entrega', 'Estado', 'Responsable']
2026-07-21 14:09:44,508 - modules.consolidator - INFO - Prepared 15 rows from Mantenimiento
2026-07-21 14:09:44,508 - modules.consolidator - INFO - Consolidated 49 total projects from all departments
2026-07-21 14:09:44,510 - __main__ - INFO - Filtered 49 rows to 0 rows for date range 2026-07-21 14:09:44.508944 to 2026-07-21 14:09:44.508944
2026-07-21 14:09:50,858 - __main__ - INFO - 
2026-07-21 14:09:50,858 - __main__ - INFO - ======================================================================
2026-07-21 14:09:50,858 - __main__ - INFO - REPORTE: SEMANA
2026-07-21 14:09:50,858 - __main__ - INFO - ======================================================================
2026-07-21 14:09:51,074 - modules.sheets_manager - INFO - Sheet names for 1c9kxSxwPG3huAebtoMKoopB8Zprzcm5ncFwcq4ipl3w: ['Ingenieria']
2026-07-21 14:09:51,321 - modules.sheets_manager - INFO - Data read from 1c9kxSxwPG3huAebtoMKoopB8Zprzcm5ncFwcq4ipl3w: Ingenieria!A:K (20 rows)
2026-07-21 14:09:51,321 - __main__ - INFO - Read 20 rows from Ingenieria
2026-07-21 14:09:51,612 - modules.sheets_manager - INFO - Sheet names for 1K4yNUOomuBCgRDt8kY_r7nhKq8J0FZ-iPtxviluFhoA: ['Obras']
2026-07-21 14:09:51,904 - modules.sheets_manager - INFO - Data read from 1K4yNUOomuBCgRDt8kY_r7nhKq8J0FZ-iPtxviluFhoA: Obras!A:K (16 rows)
2026-07-21 14:09:51,904 - __main__ - INFO - Read 16 rows from Obras
2026-07-21 14:09:52,127 - modules.sheets_manager - INFO - Sheet names for 1NmI8DwyPCNe8HsnDBlIu__FL_Peff2N-UYQ946SuBBA: ['Mantenimiento']
2026-07-21 14:09:52,393 - modules.sheets_manager - INFO - Data read from 1NmI8DwyPCNe8HsnDBlIu__FL_Peff2N-UYQ946SuBBA: Mantenimiento!A:K (16 rows)
2026-07-21 14:09:52,393 - __main__ - INFO - Read 16 rows from Mantenimiento
2026-07-21 14:09:52,393 - modules.consolidator - INFO - [Ingenieria] Row count: 19, Column count: 11
2026-07-21 14:09:52,393 - modules.consolidator - INFO - [Ingenieria] Actual headers from sheet: ['ID_Proyecto', 'Cliente', 'Descripcion', 'Fecha_Inicio', 'Fecha_Entrega', 'Estado', 'Responsable', 'Fecha último estado', 'Diferencia de días', 'Estado', 'Descripción']
2026-07-21 14:09:52,393 - modules.consolidator - INFO - [Ingenieria] DataFrame shape before mapping: (19, 11)
2026-07-21 14:09:52,393 - modules.consolidator - INFO - [Ingenieria] DataFrame columns: ['ID_Proyecto', 'Cliente', 'Descripcion', 'Fecha_Inicio', 'Fecha_Entrega', 'Estado', 'Responsable', 'Fecha último estado', 'Diferencia de días', 'Estado', 'Descripción']
2026-07-21 14:09:52,394 - modules.consolidator - INFO - [Ingenieria] Detected Excel format (11 columns), applying mapping...
2026-07-21 14:09:52,394 - modules.consolidator - INFO - Starting Excel column mapping for 19 rows
2026-07-21 14:09:52,394 - modules.consolidator - INFO - Input columns: ['ID_Proyecto', 'Cliente', 'Descripcion', 'Fecha_Inicio', 'Fecha_Entrega', 'Estado', 'Responsable', 'Fecha último estado', 'Diferencia de días', 'Estado', 'Descripción']
2026-07-21 14:09:52,394 - modules.consolidator - INFO - Mapped columns by position: ['ID_Proyecto', 'Cliente', 'Responsable', 'Fecha_Inicio', 'Fecha_Entrega', 'Fecha último estado', 'Estado', 'Descripcion']
2026-07-21 14:09:52,395 - modules.consolidator - INFO - Mapped 19 rows from Excel format to standard format
2026-07-21 14:09:52,395 - modules.consolidator - INFO - Output columns: ['ID_Proyecto', 'Cliente', 'Descripcion', 'Fecha_Inicio', 'Fecha_Entrega', 'Estado', 'Responsable']
2026-07-21 14:09:52,395 - modules.consolidator - INFO - [Ingenieria] DataFrame columns after mapping: ['ID_Proyecto', 'Cliente', 'Descripcion', 'Fecha_Inicio', 'Fecha_Entrega', 'Estado', 'Responsable']
2026-07-21 14:09:52,396 - modules.consolidator - INFO - Prepared 19 rows from Ingenieria
2026-07-21 14:09:52,396 - modules.consolidator - INFO - [Obras] Row count: 15, Column count: 11
2026-07-21 14:09:52,396 - modules.consolidator - INFO - [Obras] Actual headers from sheet: ['ID_Proyecto', 'Cliente', 'Descripcion', 'Fecha_Inicio', 'Fecha_Entrega', 'Estado', 'Responsable', 'Fecha último estado', 'Diferencia de días', 'Estado', 'Descripción']
2026-07-21 14:09:52,396 - modules.consolidator - INFO - [Obras] DataFrame shape before mapping: (15, 11)
2026-07-21 14:09:52,396 - modules.consolidator - INFO - [Obras] DataFrame columns: ['ID_Proyecto', 'Cliente', 'Descripcion', 'Fecha_Inicio', 'Fecha_Entrega', 'Estado', 'Responsable', 'Fecha último estado', 'Diferencia de días', 'Estado', 'Descripción']
2026-07-21 14:09:52,396 - modules.consolidator - INFO - [Obras] Detected Excel format (11 columns), applying mapping...
2026-07-21 14:09:52,396 - modules.consolidator - INFO - Starting Excel column mapping for 15 rows
2026-07-21 14:09:52,396 - modules.consolidator - INFO - Input columns: ['ID_Proyecto', 'Cliente', 'Descripcion', 'Fecha_Inicio', 'Fecha_Entrega', 'Estado', 'Responsable', 'Fecha último estado', 'Diferencia de días', 'Estado', 'Descripción']
2026-07-21 14:09:52,397 - modules.consolidator - INFO - Mapped columns by position: ['ID_Proyecto', 'Cliente', 'Responsable', 'Fecha_Inicio', 'Fecha_Entrega', 'Fecha último estado', 'Estado', 'Descripcion']
2026-07-21 14:09:52,397 - modules.consolidator - INFO - Mapped 15 rows from Excel format to standard format
2026-07-21 14:09:52,397 - modules.consolidator - INFO - Output columns: ['ID_Proyecto', 'Cliente', 'Descripcion', 'Fecha_Inicio', 'Fecha_Entrega', 'Estado', 'Responsable']
2026-07-21 14:09:52,398 - modules.consolidator - INFO - [Obras] DataFrame columns after mapping: ['ID_Proyecto', 'Cliente', 'Descripcion', 'Fecha_Inicio', 'Fecha_Entrega', 'Estado', 'Responsable']
2026-07-21 14:09:52,399 - modules.consolidator - INFO - Prepared 15 rows from Obras
2026-07-21 14:09:52,399 - modules.consolidator - INFO - [Mantenimiento] Row count: 15, Column count: 11
2026-07-21 14:09:52,399 - modules.consolidator - INFO - [Mantenimiento] Actual headers from sheet: ['ID_Proyecto', 'Cliente', 'Descripcion', 'Fecha_Inicio', 'Fecha_Entrega', 'Estado', 'Responsable', 'Fecha último estado', 'Diferencia de días', 'Estado', 'Descripción']
2026-07-21 14:09:52,400 - modules.consolidator - INFO - [Mantenimiento] DataFrame shape before mapping: (15, 11)
2026-07-21 14:09:52,400 - modules.consolidator - INFO - [Mantenimiento] DataFrame columns: ['ID_Proyecto', 'Cliente', 'Descripcion', 'Fecha_Inicio', 'Fecha_Entrega', 'Estado', 'Responsable', 'Fecha último estado', 'Diferencia de días', 'Estado', 'Descripción']
2026-07-21 14:09:52,400 - modules.consolidator - INFO - [Mantenimiento] Detected Excel format (11 columns), applying mapping...
2026-07-21 14:09:52,400 - modules.consolidator - INFO - Starting Excel column mapping for 15 rows
2026-07-21 14:09:52,400 - modules.consolidator - INFO - Input columns: ['ID_Proyecto', 'Cliente', 'Descripcion', 'Fecha_Inicio', 'Fecha_Entrega', 'Estado', 'Responsable', 'Fecha último estado', 'Diferencia de días', 'Estado', 'Descripción']
2026-07-21 14:09:52,401 - modules.consolidator - INFO - Mapped columns by position: ['ID_Proyecto', 'Cliente', 'Responsable', 'Fecha_Inicio', 'Fecha_Entrega', 'Fecha último estado', 'Estado', 'Descripcion']
2026-07-21 14:09:52,402 - modules.consolidator - INFO - Mapped 15 rows from Excel format to standard format
2026-07-21 14:09:52,402 - modules.consolidator - INFO - Output columns: ['ID_Proyecto', 'Cliente', 'Descripcion', 'Fecha_Inicio', 'Fecha_Entrega', 'Estado', 'Responsable']
2026-07-21 14:09:52,402 - modules.consolidator - INFO - [Mantenimiento] DataFrame columns after mapping: ['ID_Proyecto', 'Cliente', 'Descripcion', 'Fecha_Inicio', 'Fecha_Entrega', 'Estado', 'Responsable']
2026-07-21 14:09:52,403 - modules.consolidator - INFO - Prepared 15 rows from Mantenimiento
2026-07-21 14:09:52,403 - modules.consolidator - INFO - Consolidated 49 total projects from all departments
2026-07-21 14:09:52,405 - __main__ - INFO - Filtered 49 rows to 1 rows for date range 2026-07-20 14:09:52.403807 to 2026-07-26 14:09:52.403807
2026-07-21 14:09:52,886 - modules.sheets_manager - INFO - Spreadsheet found: Reporte_Semana_20_07_2026 (ID: 1cHSnfk4bKR89RaOgKbeSTy9glAh__N8kYq-b0e09TSM)
2026-07-21 14:09:52,886 - __main__ - INFO - Created report sheet: 1cHSnfk4bKR89RaOgKbeSTy9glAh__N8kYq-b0e09TSM
2026-07-21 14:09:53,396 - modules.sheets_manager - INFO - Sheet names for 1cHSnfk4bKR89RaOgKbeSTy9glAh__N8kYq-b0e09TSM: ['Reporte_Semana_20_07_2026']
2026-07-21 14:09:53,396 - modules.sheets_manager - INFO - Sheet 'Reporte_Semana_20_07_2026' already exists
2026-07-21 14:09:53,815 - modules.sheets_manager - INFO - Data written to 1cHSnfk4bKR89RaOgKbeSTy9glAh__N8kYq-b0e09TSM: Reporte_Semana_20_07_2026!A1 (1 rows)
2026-07-21 14:09:53,815 - __main__ - INFO - Headers created for report sheet
2026-07-21 14:09:53,817 - modules.consolidator - INFO - Converted 1 rows to sheet format
2026-07-21 14:09:54,119 - modules.sheets_manager - INFO - Sheet names for 1cHSnfk4bKR89RaOgKbeSTy9glAh__N8kYq-b0e09TSM: ['Reporte_Semana_20_07_2026']
2026-07-21 14:09:54,533 - modules.sheets_manager - INFO - Data written to 1cHSnfk4bKR89RaOgKbeSTy9glAh__N8kYq-b0e09TSM: Reporte_Semana_20_07_2026!A1 (2 rows)
2026-07-21 14:09:54,533 - __main__ - INFO - Wrote 1 projects to report sheet
2026-07-21 14:09:54,534 - __main__ - INFO - Report successfully created: https://docs.google.com/spreadsheets/d/1cHSnfk4bKR89RaOgKbeSTy9glAh__N8kYq-b0e09TSM/edit
2026-07-21 14:11:09,241 - menu - INFO - Loaded 1 saved Gmail accounts
2026-07-21 14:11:13,786 - menu - INFO - Loaded 1 saved Gmail accounts
2026-07-21 14:11:14,916 - __main__ - INFO - Selected account: germanty123@gmail.com (personal)
2026-07-21 14:11:14,916 - __main__ - INFO - Using token: .gmail_tokens/germanty123_gmail_com_token.json
2026-07-21 14:11:14,917 - modules.auth - INFO - Loading OAuth2 token from: .gmail_tokens/germanty123_gmail_com_token.json
2026-07-21 14:11:15,037 - modules.auth - INFO - Token refreshed successfully
2026-07-21 14:11:15,037 - modules.auth - INFO - OAuth2 authentication successful
2026-07-21 14:11:15,038 - googleapiclient.discovery_cache - INFO - file_cache is only supported with oauth2client<4.0.0
2026-07-21 14:11:15,040 - googleapiclient.discovery_cache - INFO - file_cache is only supported with oauth2client<4.0.0
2026-07-21 14:11:15,042 - googleapiclient.discovery_cache - INFO - file_cache is only supported with oauth2client<4.0.0
2026-07-21 14:11:15,043 - modules.auth - INFO - Successfully authenticated with Google Cloud
2026-07-21 14:11:15,043 - modules.auth - INFO - Authentication method: OAuth2
2026-07-21 14:11:15,043 - modules.drive_manager - INFO - Drive Manager initialized successfully
2026-07-21 14:11:15,043 - modules.sheets_manager - INFO - Sheets Manager initialized successfully
2026-07-21 14:11:15,043 - modules.scheduler - INFO - Scheduler initialized with 3 days threshold
2026-07-21 14:11:15,043 - modules.consolidator - INFO - Consolidator initialized
2026-07-21 14:11:15,043 - modules.notifier - INFO - Notifier initialized
2026-07-21 14:11:15,043 - __main__ - INFO - Application initialized successfully
2026-07-21 14:11:16,911 - __main__ - INFO - 
2026-07-21 14:11:16,911 - __main__ - INFO - ╔====================================================================╗
2026-07-21 14:11:16,911 - __main__ - INFO - ║              PROJECT SCHEDULER - FULL EXECUTION CYCLE              ║
2026-07-21 14:11:16,911 - __main__ - INFO - ╚====================================================================╝
2026-07-21 14:11:16,912 - __main__ - INFO - 
2026-07-21 14:11:16,912 - __main__ - INFO - ======================================================================
2026-07-21 14:11:16,912 - __main__ - INFO - STEP 1: Setting up folder structure
2026-07-21 14:11:16,912 - __main__ - INFO - ======================================================================
2026-07-21 14:11:16,912 - __main__ - INFO - Using existing root folder: 1dMu2WeU3bbzqPEFEAoNySonP1eKTC71u
2026-07-21 14:11:17,254 - modules.drive_manager - INFO - Folder found: Ingenieria (ID: 1Voz7pY4e1gXbiHrohg8kE7ORywmh9oPe)
2026-07-21 14:11:17,580 - modules.drive_manager - INFO - Folder found: Clientes (ID: 1-pW6dcCmpM7yr9pfNA895HVeLNA87AL9)
2026-07-21 14:11:17,580 - __main__ - INFO - Ingenieria department folder: 1Voz7pY4e1gXbiHrohg8kE7ORywmh9oPe
2026-07-21 14:11:17,580 - __main__ - INFO - Ingenieria clients folder: 1-pW6dcCmpM7yr9pfNA895HVeLNA87AL9
2026-07-21 14:11:17,913 - modules.drive_manager - INFO - Folder found: Obras (ID: 1pxkkVZK_9XrhMBlKJfgvwYdjrPASagkY)
2026-07-21 14:11:18,227 - modules.drive_manager - INFO - Folder found: Clientes (ID: 17GspBkoAYHSJUIaC7663vAIB8bz495ID)
2026-07-21 14:11:18,228 - __main__ - INFO - Obras department folder: 1pxkkVZK_9XrhMBlKJfgvwYdjrPASagkY
2026-07-21 14:11:18,228 - __main__ - INFO - Obras clients folder: 17GspBkoAYHSJUIaC7663vAIB8bz495ID
2026-07-21 14:11:18,519 - modules.drive_manager - INFO - Folder found: Mantenimiento (ID: 15Ykg8P5i8lHto5TSl2_mCnwuz6u0Vj7f)
2026-07-21 14:11:18,846 - modules.drive_manager - INFO - Folder found: Clientes (ID: 1rIzjgwvLwRIaRc-qbJi4Uubu2DeBpkK_)
2026-07-21 14:11:18,846 - __main__ - INFO - Mantenimiento department folder: 15Ykg8P5i8lHto5TSl2_mCnwuz6u0Vj7f
2026-07-21 14:11:18,846 - __main__ - INFO - Mantenimiento clients folder: 1rIzjgwvLwRIaRc-qbJi4Uubu2DeBpkK_
2026-07-21 14:11:18,847 - __main__ - INFO - 
2026-07-21 14:11:18,847 - __main__ - INFO - ======================================================================
2026-07-21 14:11:18,847 - __main__ - INFO - STEP 2: Setting up spreadsheets
2026-07-21 14:11:18,847 - __main__ - INFO - ======================================================================
2026-07-21 14:11:19,303 - modules.sheets_manager - INFO - Spreadsheet found: Cronograma_Ingenieria (ID: 1c9kxSxwPG3huAebtoMKoopB8Zprzcm5ncFwcq4ipl3w)
2026-07-21 14:11:19,830 - modules.sheets_manager - INFO - Sheet names for 1c9kxSxwPG3huAebtoMKoopB8Zprzcm5ncFwcq4ipl3w: ['Ingenieria']
2026-07-21 14:11:19,830 - modules.sheets_manager - INFO - Sheet 'Ingenieria' already exists
2026-07-21 14:11:20,096 - modules.sheets_manager - INFO - Data written to 1c9kxSxwPG3huAebtoMKoopB8Zprzcm5ncFwcq4ipl3w: Ingenieria!A1 (1 rows)
2026-07-21 14:11:20,096 - __main__ - INFO - Headers created for Ingenieria
2026-07-21 14:11:20,096 - __main__ - INFO - Spreadsheet for Ingenieria: 1c9kxSxwPG3huAebtoMKoopB8Zprzcm5ncFwcq4ipl3w
2026-07-21 14:11:20,442 - modules.sheets_manager - INFO - Spreadsheet found: Cronograma_Obras (ID: 1K4yNUOomuBCgRDt8kY_r7nhKq8J0FZ-iPtxviluFhoA)
2026-07-21 14:11:20,777 - modules.sheets_manager - INFO - Sheet names for 1K4yNUOomuBCgRDt8kY_r7nhKq8J0FZ-iPtxviluFhoA: ['Obras']
2026-07-21 14:11:20,778 - modules.sheets_manager - INFO - Sheet 'Obras' already exists
2026-07-21 14:11:21,121 - modules.sheets_manager - INFO - Data written to 1K4yNUOomuBCgRDt8kY_r7nhKq8J0FZ-iPtxviluFhoA: Obras!A1 (1 rows)
2026-07-21 14:11:21,121 - __main__ - INFO - Headers created for Obras
2026-07-21 14:11:21,121 - __main__ - INFO - Spreadsheet for Obras: 1K4yNUOomuBCgRDt8kY_r7nhKq8J0FZ-iPtxviluFhoA
2026-07-21 14:11:21,542 - modules.sheets_manager - INFO - Spreadsheet found: Cronograma_Mantenimiento (ID: 1NmI8DwyPCNe8HsnDBlIu__FL_Peff2N-UYQ946SuBBA)
2026-07-21 14:11:21,806 - modules.sheets_manager - INFO - Sheet names for 1NmI8DwyPCNe8HsnDBlIu__FL_Peff2N-UYQ946SuBBA: ['Mantenimiento']
2026-07-21 14:11:21,806 - modules.sheets_manager - INFO - Sheet 'Mantenimiento' already exists
2026-07-21 14:11:22,106 - modules.sheets_manager - INFO - Data written to 1NmI8DwyPCNe8HsnDBlIu__FL_Peff2N-UYQ946SuBBA: Mantenimiento!A1 (1 rows)
2026-07-21 14:11:22,107 - __main__ - INFO - Headers created for Mantenimiento
2026-07-21 14:11:22,107 - __main__ - INFO - Spreadsheet for Mantenimiento: 1NmI8DwyPCNe8HsnDBlIu__FL_Peff2N-UYQ946SuBBA
2026-07-21 14:11:22,794 - modules.sheets_manager - INFO - Spreadsheet found: Cronograma_Maestro (ID: 1yHvzhJCsfi1UZ_XtxOnesgaMakNtsNjvkIMP2gaYDgw)
2026-07-21 14:11:23,455 - modules.sheets_manager - INFO - Sheet names for 1yHvzhJCsfi1UZ_XtxOnesgaMakNtsNjvkIMP2gaYDgw: ['Cronograma_Maestro']
2026-07-21 14:11:23,456 - modules.sheets_manager - INFO - Sheet 'Cronograma_Maestro' already exists
2026-07-21 14:11:23,804 - modules.sheets_manager - INFO - Data written to 1yHvzhJCsfi1UZ_XtxOnesgaMakNtsNjvkIMP2gaYDgw: Cronograma_Maestro!A1 (1 rows)
2026-07-21 14:11:23,804 - __main__ - INFO - Headers created for master schedule
2026-07-21 14:11:23,805 - __main__ - INFO - Master schedule spreadsheet: 1yHvzhJCsfi1UZ_XtxOnesgaMakNtsNjvkIMP2gaYDgw
2026-07-21 14:11:23,805 - __main__ - INFO - 
2026-07-21 14:11:23,805 - __main__ - INFO - ======================================================================
2026-07-21 14:11:23,805 - __main__ - INFO - STEP 3: Consolidating schedules
2026-07-21 14:11:23,805 - __main__ - INFO - ======================================================================
2026-07-21 14:11:24,013 - modules.sheets_manager - INFO - Sheet names for 1c9kxSxwPG3huAebtoMKoopB8Zprzcm5ncFwcq4ipl3w: ['Ingenieria']
2026-07-21 14:11:24,241 - modules.sheets_manager - INFO - Data read from 1c9kxSxwPG3huAebtoMKoopB8Zprzcm5ncFwcq4ipl3w: Ingenieria!A:K (21 rows)
2026-07-21 14:11:24,241 - __main__ - INFO - Read 21 rows from Ingenieria
2026-07-21 14:11:24,480 - modules.sheets_manager - INFO - Sheet names for 1K4yNUOomuBCgRDt8kY_r7nhKq8J0FZ-iPtxviluFhoA: ['Obras']
2026-07-21 14:11:24,774 - modules.sheets_manager - INFO - Data read from 1K4yNUOomuBCgRDt8kY_r7nhKq8J0FZ-iPtxviluFhoA: Obras!A:K (16 rows)
2026-07-21 14:11:24,774 - __main__ - INFO - Read 16 rows from Obras
2026-07-21 14:11:25,009 - modules.sheets_manager - INFO - Sheet names for 1NmI8DwyPCNe8HsnDBlIu__FL_Peff2N-UYQ946SuBBA: ['Mantenimiento']
2026-07-21 14:11:25,301 - modules.sheets_manager - INFO - Data read from 1NmI8DwyPCNe8HsnDBlIu__FL_Peff2N-UYQ946SuBBA: Mantenimiento!A:K (16 rows)
2026-07-21 14:11:25,301 - __main__ - INFO - Read 16 rows from Mantenimiento
2026-07-21 14:11:25,302 - modules.consolidator - INFO - [Ingenieria] Row count: 20, Column count: 11
2026-07-21 14:11:25,302 - modules.consolidator - INFO - [Ingenieria] Actual headers from sheet: ['ID_Proyecto', 'Cliente', 'Descripcion', 'Fecha_Inicio', 'Fecha_Entrega', 'Estado', 'Responsable', 'Fecha último estado', 'Diferencia de días', 'Estado', 'Descripción']
2026-07-21 14:11:25,303 - modules.consolidator - INFO - [Ingenieria] DataFrame shape before mapping: (20, 11)
2026-07-21 14:11:25,303 - modules.consolidator - INFO - [Ingenieria] DataFrame columns: ['ID_Proyecto', 'Cliente', 'Descripcion', 'Fecha_Inicio', 'Fecha_Entrega', 'Estado', 'Responsable', 'Fecha último estado', 'Diferencia de días', 'Estado', 'Descripción']
2026-07-21 14:11:25,303 - modules.consolidator - INFO - [Ingenieria] Detected Excel format (11 columns), applying mapping...
2026-07-21 14:11:25,303 - modules.consolidator - INFO - Starting Excel column mapping for 20 rows
2026-07-21 14:11:25,303 - modules.consolidator - INFO - Input columns: ['ID_Proyecto', 'Cliente', 'Descripcion', 'Fecha_Inicio', 'Fecha_Entrega', 'Estado', 'Responsable', 'Fecha último estado', 'Diferencia de días', 'Estado', 'Descripción']
2026-07-21 14:11:25,304 - modules.consolidator - INFO - Mapped columns by position: ['ID_Proyecto', 'Cliente', 'Responsable', 'Fecha_Inicio', 'Fecha_Entrega', 'Fecha último estado', 'Estado', 'Descripcion']
2026-07-21 14:11:25,305 - modules.consolidator - INFO - Mapped 20 rows from Excel format to standard format
2026-07-21 14:11:25,305 - modules.consolidator - INFO - Output columns: ['ID_Proyecto', 'Cliente', 'Descripcion', 'Fecha_Inicio', 'Fecha_Entrega', 'Estado', 'Responsable']
2026-07-21 14:11:25,305 - modules.consolidator - INFO - [Ingenieria] DataFrame columns after mapping: ['ID_Proyecto', 'Cliente', 'Descripcion', 'Fecha_Inicio', 'Fecha_Entrega', 'Estado', 'Responsable']
2026-07-21 14:11:25,307 - modules.consolidator - INFO - Prepared 20 rows from Ingenieria
2026-07-21 14:11:25,307 - modules.consolidator - INFO - [Obras] Row count: 15, Column count: 11
2026-07-21 14:11:25,307 - modules.consolidator - INFO - [Obras] Actual headers from sheet: ['ID_Proyecto', 'Cliente', 'Descripcion', 'Fecha_Inicio', 'Fecha_Entrega', 'Estado', 'Responsable', 'Fecha último estado', 'Diferencia de días', 'Estado', 'Descripción']
2026-07-21 14:11:25,308 - modules.consolidator - INFO - [Obras] DataFrame shape before mapping: (15, 11)
2026-07-21 14:11:25,308 - modules.consolidator - INFO - [Obras] DataFrame columns: ['ID_Proyecto', 'Cliente', 'Descripcion', 'Fecha_Inicio', 'Fecha_Entrega', 'Estado', 'Responsable', 'Fecha último estado', 'Diferencia de días', 'Estado', 'Descripción']
2026-07-21 14:11:25,308 - modules.consolidator - INFO - [Obras] Detected Excel format (11 columns), applying mapping...
2026-07-21 14:11:25,308 - modules.consolidator - INFO - Starting Excel column mapping for 15 rows
2026-07-21 14:11:25,308 - modules.consolidator - INFO - Input columns: ['ID_Proyecto', 'Cliente', 'Descripcion', 'Fecha_Inicio', 'Fecha_Entrega', 'Estado', 'Responsable', 'Fecha último estado', 'Diferencia de días', 'Estado', 'Descripción']
2026-07-21 14:11:25,309 - modules.consolidator - INFO - Mapped columns by position: ['ID_Proyecto', 'Cliente', 'Responsable', 'Fecha_Inicio', 'Fecha_Entrega', 'Fecha último estado', 'Estado', 'Descripcion']
2026-07-21 14:11:25,310 - modules.consolidator - INFO - Mapped 15 rows from Excel format to standard format
2026-07-21 14:11:25,310 - modules.consolidator - INFO - Output columns: ['ID_Proyecto', 'Cliente', 'Descripcion', 'Fecha_Inicio', 'Fecha_Entrega', 'Estado', 'Responsable']
2026-07-21 14:11:25,310 - modules.consolidator - INFO - [Obras] DataFrame columns after mapping: ['ID_Proyecto', 'Cliente', 'Descripcion', 'Fecha_Inicio', 'Fecha_Entrega', 'Estado', 'Responsable']
2026-07-21 14:11:25,311 - modules.consolidator - INFO - Prepared 15 rows from Obras
2026-07-21 14:11:25,311 - modules.consolidator - INFO - [Mantenimiento] Row count: 15, Column count: 11
2026-07-21 14:11:25,311 - modules.consolidator - INFO - [Mantenimiento] Actual headers from sheet: ['ID_Proyecto', 'Cliente', 'Descripcion', 'Fecha_Inicio', 'Fecha_Entrega', 'Estado', 'Responsable', 'Fecha último estado', 'Diferencia de días', 'Estado', 'Descripción']
2026-07-21 14:11:25,312 - modules.consolidator - INFO - [Mantenimiento] DataFrame shape before mapping: (15, 11)
2026-07-21 14:11:25,312 - modules.consolidator - INFO - [Mantenimiento] DataFrame columns: ['ID_Proyecto', 'Cliente', 'Descripcion', 'Fecha_Inicio', 'Fecha_Entrega', 'Estado', 'Responsable', 'Fecha último estado', 'Diferencia de días', 'Estado', 'Descripción']
2026-07-21 14:11:25,312 - modules.consolidator - INFO - [Mantenimiento] Detected Excel format (11 columns), applying mapping...
2026-07-21 14:11:25,312 - modules.consolidator - INFO - Starting Excel column mapping for 15 rows
2026-07-21 14:11:25,312 - modules.consolidator - INFO - Input columns: ['ID_Proyecto', 'Cliente', 'Descripcion', 'Fecha_Inicio', 'Fecha_Entrega', 'Estado', 'Responsable', 'Fecha último estado', 'Diferencia de días', 'Estado', 'Descripción']
2026-07-21 14:11:25,313 - modules.consolidator - INFO - Mapped columns by position: ['ID_Proyecto', 'Cliente', 'Responsable', 'Fecha_Inicio', 'Fecha_Entrega', 'Fecha último estado', 'Estado', 'Descripcion']
2026-07-21 14:11:25,314 - modules.consolidator - INFO - Mapped 15 rows from Excel format to standard format
2026-07-21 14:11:25,314 - modules.consolidator - INFO - Output columns: ['ID_Proyecto', 'Cliente', 'Descripcion', 'Fecha_Inicio', 'Fecha_Entrega', 'Estado', 'Responsable']
2026-07-21 14:11:25,314 - modules.consolidator - INFO - [Mantenimiento] DataFrame columns after mapping: ['ID_Proyecto', 'Cliente', 'Descripcion', 'Fecha_Inicio', 'Fecha_Entrega', 'Estado', 'Responsable']
2026-07-21 14:11:25,315 - modules.consolidator - INFO - Prepared 15 rows from Mantenimiento
2026-07-21 14:11:25,316 - modules.consolidator - INFO - Consolidated 50 total projects from all departments
2026-07-21 14:11:25,317 - modules.consolidator - INFO - Data validation: FAILED (1 errors)
2026-07-21 14:11:25,317 - __main__ - WARNING - Data validation issues: ['Invalid states found: En elaboración, Aprobado, En revisión, ']
2026-07-21 14:11:25,320 - modules.consolidator - INFO - Converted 50 rows to sheet format
2026-07-21 14:11:25,612 - modules.sheets_manager - INFO - Sheet names for 1yHvzhJCsfi1UZ_XtxOnesgaMakNtsNjvkIMP2gaYDgw: ['Cronograma_Maestro']
2026-07-21 14:11:25,953 - modules.sheets_manager - INFO - Data cleared from 1yHvzhJCsfi1UZ_XtxOnesgaMakNtsNjvkIMP2gaYDgw: Cronograma_Maestro!A2:H
2026-07-21 14:11:26,273 - modules.sheets_manager - INFO - Data written to 1yHvzhJCsfi1UZ_XtxOnesgaMakNtsNjvkIMP2gaYDgw: Cronograma_Maestro!A1 (51 rows)
2026-07-21 14:11:26,273 - __main__ - INFO - Consolidated 50 projects to master schedule
2026-07-21 14:11:26,278 - modules.consolidator - INFO - Generated summaries for 3 departments
2026-07-21 14:11:26,278 - __main__ - INFO - Ingenieria: {'departamento': 'Ingenieria', 'total_proyectos': 20, 'pendiente': 0, 'en_progreso': 0, 'completado': 0, 'retrasado': 0}
2026-07-21 14:11:26,278 - __main__ - INFO - Obras: {'departamento': 'Obras', 'total_proyectos': 15, 'pendiente': 0, 'en_progreso': 0, 'completado': 0, 'retrasado': 0}
2026-07-21 14:11:26,278 - __main__ - INFO - Mantenimiento: {'departamento': 'Mantenimiento', 'total_proyectos': 15, 'pendiente': 0, 'en_progreso': 0, 'completado': 0, 'retrasado': 0}
2026-07-21 14:11:26,278 - __main__ - INFO - 
2026-07-21 14:11:26,278 - __main__ - INFO - ======================================================================
2026-07-21 14:11:26,278 - __main__ - INFO - STEP 4: Evaluating alerts
2026-07-21 14:11:26,278 - __main__ - INFO - ======================================================================
2026-07-21 14:11:26,281 - modules.scheduler - INFO - Alert evaluation complete: 23 overdue, 0 approaching
2026-07-21 14:11:26,281 - alerts - WARNING - [VENCIDO] 1901 - Shell Argentina - Dock Sud - Depto: Ingenieria - Proyecto vencido hace 32 días
2026-07-21 14:11:26,282 - alerts - WARNING - [VENCIDO] 1903 - Techint - Siderar San Nicolás - Depto: Ingenieria - Proyecto vencido hace 42 días
2026-07-21 14:11:26,282 - alerts - WARNING - [VENCIDO] 1905 - ArcelorMittal - Villa Constitución - Depto: Ingenieria - Proyecto vencido hace 21 días
2026-07-21 14:11:26,282 - alerts - WARNING - [VENCIDO] 1907 - Cargill - Bahía Blanca - Depto: Ingenieria - Proyecto vencido hace 78 días
2026-07-21 14:11:26,282 - alerts - WARNING - [VENCIDO] 1909 - Loma Negra - Barker - Depto: Ingenieria - Proyecto vencido hace 14 días
2026-07-21 14:11:26,282 - alerts - WARNING - [VENCIDO] 1911 - Toyota Argentina - Zárate - Depto: Ingenieria - Proyecto vencido hace 51 días
2026-07-21 14:11:26,282 - alerts - WARNING - [VENCIDO] 1913 - General Motors - Alvear - Depto: Ingenieria - Proyecto vencido hace 17 días
2026-07-21 14:11:26,282 - alerts - WARNING - [VENCIDO] 1914 - Renault Argentina - Santa Isabel - Depto: Ingenieria - Proyecto vencido hace 1 días
2026-07-21 14:11:26,282 - alerts - WARNING - [VENCIDO] 1884 - SEGURIDAD S.R.L - Depto: Ingenieria - Proyecto vencido hace 1 días
2026-07-21 14:11:26,282 - alerts - WARNING - [VENCIDO] 2101 - Telefónica Argentina - Parque Patricios - Depto: Obras - Proyecto vencido hace 30 días
2026-07-21 14:11:26,282 - alerts - WARNING - [VENCIDO] 2103 - Amazon Web Services - Bahía Blanca - Depto: Obras - Proyecto vencido hace 42 días
2026-07-21 14:11:26,282 - alerts - WARNING - [VENCIDO] 2105 - Santander Río - Puerto Madero - Depto: Obras - Proyecto vencido hace 21 días
2026-07-21 14:11:26,282 - alerts - WARNING - [VENCIDO] 2107 - Banco Galicia - San Isidro - Depto: Obras - Proyecto vencido hace 58 días
2026-07-21 14:11:26,282 - alerts - WARNING - [VENCIDO] 2109 - ICBC Argentina - Retiro - Depto: Obras - Proyecto vencido hace 12 días
2026-07-21 14:11:26,282 - alerts - WARNING - [VENCIDO] 2111 - Banco Provincia - La Plata - Depto: Obras - Proyecto vencido hace 47 días
2026-07-21 14:11:26,283 - alerts - WARNING - [VENCIDO] 2113 - Unilever - Pilar - Depto: Obras - Proyecto vencido hace 21 días
2026-07-21 14:11:26,283 - alerts - WARNING - [VENCIDO] 2001 - Bunge Argentina - Puerto General San Martín - Depto: Mantenimiento - Proyecto vencido hace 27 días
2026-07-21 14:11:26,283 - alerts - WARNING - [VENCIDO] 2003 - Nidera - Villa María - Depto: Mantenimiento - Proyecto vencido hace 37 días
2026-07-21 14:11:26,283 - alerts - WARNING - [VENCIDO] 2005 - Toepfer - Puerto San Martín - Depto: Mantenimiento - Proyecto vencido hace 21 días
2026-07-21 14:11:26,283 - alerts - WARNING - [VENCIDO] 2007 - Vicentin - Avellaneda - Depto: Mantenimiento - Proyecto vencido hace 73 días
2026-07-21 14:11:26,283 - alerts - WARNING - [VENCIDO] 2009 - Aceitera General Deheza - Deheza - Depto: Mantenimiento - Proyecto vencido hace 17 días
2026-07-21 14:11:26,283 - alerts - WARNING - [VENCIDO] 2011 - Coca-Cola FEMSA - Merlo - Depto: Mantenimiento - Proyecto vencido hace 51 días
2026-07-21 14:11:26,283 - alerts - WARNING - [VENCIDO] 2013 - Arcor - Arroyito - Depto: Mantenimiento - Proyecto vencido hace 14 días
2026-07-21 14:11:26,283 - modules.notifier - INFO - Logged 23/23 alerts
2026-07-21 14:11:26,283 - modules.notifier - INFO - Logged 0/0 alerts
2026-07-21 14:11:26,283 - __main__ - INFO - Total alerts logged: 23
2026-07-21 14:11:26,283 - __main__ - INFO - ============================================================
RESUMEN DE ALERTAS - 21/07/2026 14:11
============================================================

PROYECTOS VENCIDOS: 23
  • 1901 - Shell Argentina - Dock Sud
    Departamento: Ingenieria
    Vencido hace: 32 días
    Responsable: Marcelo Battista

  • 1903 - Techint - Siderar San Nicolás
    Departamento: Ingenieria
    Vencido hace: 42 días
    Responsable: Marcelo Battista

  • 1905 - ArcelorMittal - Villa Constitución
    Departamento: Ingenieria
    Vencido hace: 21 días
    Responsable: Marcelo Battista

  • 1907 - Cargill - Bahía Blanca
    Departamento: Ingenieria
    Vencido hace: 78 días
    Responsable: Marcelo Battista

  • 1909 - Loma Negra - Barker
    Departamento: Ingenieria
    Vencido hace: 14 días
    Responsable: Marcelo Battista

  • 1911 - Toyota Argentina - Zárate
    Departamento: Ingenieria
    Vencido hace: 51 días
    Responsable: Marcelo Battista

  • 1913 - General Motors - Alvear
    Departamento: Ingenieria
    Vencido hace: 17 días
    Responsable: Marcelo Battista

  • 1914 - Renault Argentina - Santa Isabel
    Departamento: Ingenieria
    Vencido hace: 1 días
    Responsable: Jorge Fernandez

  • 1884 - SEGURIDAD S.R.L
    Departamento: Ingenieria
    Vencido hace: 1 días
    Responsable: Fernando Menendez

  • 2101 - Telefónica Argentina - Parque Patricios
    Departamento: Obras
    Vencido hace: 30 días
    Responsable: Jorge Fernandez

  • 2103 - Amazon Web Services - Bahía Blanca
    Departamento: Obras
    Vencido hace: 42 días
    Responsable: Jorge Fernandez

  • 2105 - Santander Río - Puerto Madero
    Departamento: Obras
    Vencido hace: 21 días
    Responsable: Jorge Fernandez

  • 2107 - Banco Galicia - San Isidro
    Departamento: Obras
    Vencido hace: 58 días
    Responsable: Jorge Fernandez

  • 2109 - ICBC Argentina - Retiro
    Departamento: Obras
    Vencido hace: 12 días
    Responsable: Jorge Fernandez

  • 2111 - Banco Provincia - La Plata
    Departamento: Obras
    Vencido hace: 47 días
    Responsable: Jorge Fernandez

  • 2113 - Unilever - Pilar
    Departamento: Obras
    Vencido hace: 21 días
    Responsable: Jorge Fernandez

  • 2001 - Bunge Argentina - Puerto General San Martín
    Departamento: Mantenimiento
    Vencido hace: 27 días
    Responsable: Fernando Menendez

  • 2003 - Nidera - Villa María
    Departamento: Mantenimiento
    Vencido hace: 37 días
    Responsable: Fernando Menendez

  • 2005 - Toepfer - Puerto San Martín
    Departamento: Mantenimiento
    Vencido hace: 21 días
    Responsable: Fernando Menendez

  • 2007 - Vicentin - Avellaneda
    Departamento: Mantenimiento
    Vencido hace: 73 días
    Responsable: Fernando Menendez

  • 2009 - Aceitera General Deheza - Deheza
    Departamento: Mantenimiento
    Vencido hace: 17 días
    Responsable: Fernando Menendez

  • 2011 - Coca-Cola FEMSA - Merlo
    Departamento: Mantenimiento
    Vencido hace: 51 días
    Responsable: Fernando Menendez

  • 2013 - Arcor - Arroyito
    Departamento: Mantenimiento
    Vencido hace: 14 días
    Responsable: Fernando Menendez

PLAZOS PRÓXIMOS (próximos 3 días): 0
============================================================
2026-07-21 14:11:26,283 - alerts - INFO - 
======================================================================
RESUMEN DE EJECUCIÓN - 21/07/2026 14:11:26
======================================================================
Status: SUCCESS
Root Folder: 1dMu2WeU3bbzqPEFEAoNySonP1eKTC71u
Departments: 3
Master Schedule: 1yHvzhJCsfi1UZ_XtxOnesgaMakNtsNjvkIMP2gaYDgw
======================================================================

2026-07-21 14:11:26,284 - __main__ - INFO - 
2026-07-21 14:11:26,284 - __main__ - INFO - ✓ Execution completed successfully
2026-07-21 14:11:38,243 - __main__ - INFO - 
2026-07-21 14:11:38,243 - __main__ - INFO - ======================================================================
2026-07-21 14:11:38,243 - __main__ - INFO - REPORTE: DIA
2026-07-21 14:11:38,243 - __main__ - INFO - ======================================================================
2026-07-21 14:11:38,448 - modules.sheets_manager - INFO - Sheet names for 1c9kxSxwPG3huAebtoMKoopB8Zprzcm5ncFwcq4ipl3w: ['Ingenieria']
2026-07-21 14:11:38,725 - modules.sheets_manager - INFO - Data read from 1c9kxSxwPG3huAebtoMKoopB8Zprzcm5ncFwcq4ipl3w: Ingenieria!A:K (21 rows)
2026-07-21 14:11:38,726 - __main__ - INFO - Read 21 rows from Ingenieria
2026-07-21 14:11:38,976 - modules.sheets_manager - INFO - Sheet names for 1K4yNUOomuBCgRDt8kY_r7nhKq8J0FZ-iPtxviluFhoA: ['Obras']
2026-07-21 14:11:39,246 - modules.sheets_manager - INFO - Data read from 1K4yNUOomuBCgRDt8kY_r7nhKq8J0FZ-iPtxviluFhoA: Obras!A:K (16 rows)
2026-07-21 14:11:39,246 - __main__ - INFO - Read 16 rows from Obras
2026-07-21 14:11:39,497 - modules.sheets_manager - INFO - Sheet names for 1NmI8DwyPCNe8HsnDBlIu__FL_Peff2N-UYQ946SuBBA: ['Mantenimiento']
2026-07-21 14:11:39,766 - modules.sheets_manager - INFO - Data read from 1NmI8DwyPCNe8HsnDBlIu__FL_Peff2N-UYQ946SuBBA: Mantenimiento!A:K (16 rows)
2026-07-21 14:11:39,767 - __main__ - INFO - Read 16 rows from Mantenimiento
2026-07-21 14:11:39,767 - modules.consolidator - INFO - [Ingenieria] Row count: 20, Column count: 11
2026-07-21 14:11:39,767 - modules.consolidator - INFO - [Ingenieria] Actual headers from sheet: ['ID_Proyecto', 'Cliente', 'Descripcion', 'Fecha_Inicio', 'Fecha_Entrega', 'Estado', 'Responsable', 'Fecha último estado', 'Diferencia de días', 'Estado', 'Descripción']
2026-07-21 14:11:39,767 - modules.consolidator - INFO - [Ingenieria] DataFrame shape before mapping: (20, 11)
2026-07-21 14:11:39,767 - modules.consolidator - INFO - [Ingenieria] DataFrame columns: ['ID_Proyecto', 'Cliente', 'Descripcion', 'Fecha_Inicio', 'Fecha_Entrega', 'Estado', 'Responsable', 'Fecha último estado', 'Diferencia de días', 'Estado', 'Descripción']
2026-07-21 14:11:39,768 - modules.consolidator - INFO - [Ingenieria] Detected Excel format (11 columns), applying mapping...
2026-07-21 14:11:39,768 - modules.consolidator - INFO - Starting Excel column mapping for 20 rows
2026-07-21 14:11:39,768 - modules.consolidator - INFO - Input columns: ['ID_Proyecto', 'Cliente', 'Descripcion', 'Fecha_Inicio', 'Fecha_Entrega', 'Estado', 'Responsable', 'Fecha último estado', 'Diferencia de días', 'Estado', 'Descripción']
2026-07-21 14:11:39,769 - modules.consolidator - INFO - Mapped columns by position: ['ID_Proyecto', 'Cliente', 'Responsable', 'Fecha_Inicio', 'Fecha_Entrega', 'Fecha último estado', 'Estado', 'Descripcion']
2026-07-21 14:11:39,769 - modules.consolidator - INFO - Mapped 20 rows from Excel format to standard format
2026-07-21 14:11:39,769 - modules.consolidator - INFO - Output columns: ['ID_Proyecto', 'Cliente', 'Descripcion', 'Fecha_Inicio', 'Fecha_Entrega', 'Estado', 'Responsable']
2026-07-21 14:11:39,769 - modules.consolidator - INFO - [Ingenieria] DataFrame columns after mapping: ['ID_Proyecto', 'Cliente', 'Descripcion', 'Fecha_Inicio', 'Fecha_Entrega', 'Estado', 'Responsable']
2026-07-21 14:11:39,771 - modules.consolidator - INFO - Prepared 20 rows from Ingenieria
2026-07-21 14:11:39,771 - modules.consolidator - INFO - [Obras] Row count: 15, Column count: 11
2026-07-21 14:11:39,771 - modules.consolidator - INFO - [Obras] Actual headers from sheet: ['ID_Proyecto', 'Cliente', 'Descripcion', 'Fecha_Inicio', 'Fecha_Entrega', 'Estado', 'Responsable', 'Fecha último estado', 'Diferencia de días', 'Estado', 'Descripción']
2026-07-21 14:11:39,771 - modules.consolidator - INFO - [Obras] DataFrame shape before mapping: (15, 11)
2026-07-21 14:11:39,771 - modules.consolidator - INFO - [Obras] DataFrame columns: ['ID_Proyecto', 'Cliente', 'Descripcion', 'Fecha_Inicio', 'Fecha_Entrega', 'Estado', 'Responsable', 'Fecha último estado', 'Diferencia de días', 'Estado', 'Descripción']
2026-07-21 14:11:39,771 - modules.consolidator - INFO - [Obras] Detected Excel format (11 columns), applying mapping...
2026-07-21 14:11:39,771 - modules.consolidator - INFO - Starting Excel column mapping for 15 rows
2026-07-21 14:11:39,771 - modules.consolidator - INFO - Input columns: ['ID_Proyecto', 'Cliente', 'Descripcion', 'Fecha_Inicio', 'Fecha_Entrega', 'Estado', 'Responsable', 'Fecha último estado', 'Diferencia de días', 'Estado', 'Descripción']
2026-07-21 14:11:39,772 - modules.consolidator - INFO - Mapped columns by position: ['ID_Proyecto', 'Cliente', 'Responsable', 'Fecha_Inicio', 'Fecha_Entrega', 'Fecha último estado', 'Estado', 'Descripcion']
2026-07-21 14:11:39,773 - modules.consolidator - INFO - Mapped 15 rows from Excel format to standard format
2026-07-21 14:11:39,773 - modules.consolidator - INFO - Output columns: ['ID_Proyecto', 'Cliente', 'Descripcion', 'Fecha_Inicio', 'Fecha_Entrega', 'Estado', 'Responsable']
2026-07-21 14:11:39,773 - modules.consolidator - INFO - [Obras] DataFrame columns after mapping: ['ID_Proyecto', 'Cliente', 'Descripcion', 'Fecha_Inicio', 'Fecha_Entrega', 'Estado', 'Responsable']
2026-07-21 14:11:39,774 - modules.consolidator - INFO - Prepared 15 rows from Obras
2026-07-21 14:11:39,774 - modules.consolidator - INFO - [Mantenimiento] Row count: 15, Column count: 11
2026-07-21 14:11:39,774 - modules.consolidator - INFO - [Mantenimiento] Actual headers from sheet: ['ID_Proyecto', 'Cliente', 'Descripcion', 'Fecha_Inicio', 'Fecha_Entrega', 'Estado', 'Responsable', 'Fecha último estado', 'Diferencia de días', 'Estado', 'Descripción']
2026-07-21 14:11:39,775 - modules.consolidator - INFO - [Mantenimiento] DataFrame shape before mapping: (15, 11)
2026-07-21 14:11:39,775 - modules.consolidator - INFO - [Mantenimiento] DataFrame columns: ['ID_Proyecto', 'Cliente', 'Descripcion', 'Fecha_Inicio', 'Fecha_Entrega', 'Estado', 'Responsable', 'Fecha último estado', 'Diferencia de días', 'Estado', 'Descripción']
2026-07-21 14:11:39,775 - modules.consolidator - INFO - [Mantenimiento] Detected Excel format (11 columns), applying mapping...
2026-07-21 14:11:39,775 - modules.consolidator - INFO - Starting Excel column mapping for 15 rows
2026-07-21 14:11:39,775 - modules.consolidator - INFO - Input columns: ['ID_Proyecto', 'Cliente', 'Descripcion', 'Fecha_Inicio', 'Fecha_Entrega', 'Estado', 'Responsable', 'Fecha último estado', 'Diferencia de días', 'Estado', 'Descripción']
2026-07-21 14:11:39,776 - modules.consolidator - INFO - Mapped columns by position: ['ID_Proyecto', 'Cliente', 'Responsable', 'Fecha_Inicio', 'Fecha_Entrega', 'Fecha último estado', 'Estado', 'Descripcion']
2026-07-21 14:11:39,777 - modules.consolidator - INFO - Mapped 15 rows from Excel format to standard format
2026-07-21 14:11:39,777 - modules.consolidator - INFO - Output columns: ['ID_Proyecto', 'Cliente', 'Descripcion', 'Fecha_Inicio', 'Fecha_Entrega', 'Estado', 'Responsable']
2026-07-21 14:11:39,777 - modules.consolidator - INFO - [Mantenimiento] DataFrame columns after mapping: ['ID_Proyecto', 'Cliente', 'Descripcion', 'Fecha_Inicio', 'Fecha_Entrega', 'Estado', 'Responsable']
2026-07-21 14:11:39,778 - modules.consolidator - INFO - Prepared 15 rows from Mantenimiento
2026-07-21 14:11:39,779 - modules.consolidator - INFO - Consolidated 50 total projects from all departments
2026-07-21 14:11:39,782 - __main__ - INFO - Filtered 50 rows to 0 rows for date range 2026-07-21 14:11:39.779863 to 2026-07-21 14:11:39.779863
2026-07-21 14:13:49,789 - menu - INFO - Loaded 1 saved Gmail accounts
2026-07-21 14:13:51,498 - __main__ - INFO - Selected account: germanty123@gmail.com (personal)
2026-07-21 14:13:51,498 - __main__ - INFO - Using token: .gmail_tokens/germanty123_gmail_com_token.json
2026-07-21 14:13:51,499 - modules.auth - INFO - Loading OAuth2 token from: .gmail_tokens/germanty123_gmail_com_token.json
2026-07-21 14:13:51,649 - modules.auth - INFO - Token refreshed successfully
2026-07-21 14:13:51,649 - modules.auth - INFO - OAuth2 authentication successful
2026-07-21 14:13:51,650 - googleapiclient.discovery_cache - INFO - file_cache is only supported with oauth2client<4.0.0
2026-07-21 14:13:51,654 - googleapiclient.discovery_cache - INFO - file_cache is only supported with oauth2client<4.0.0
2026-07-21 14:13:51,658 - googleapiclient.discovery_cache - INFO - file_cache is only supported with oauth2client<4.0.0
2026-07-21 14:13:51,660 - modules.auth - INFO - Successfully authenticated with Google Cloud
2026-07-21 14:13:51,660 - modules.auth - INFO - Authentication method: OAuth2
2026-07-21 14:13:51,661 - modules.drive_manager - INFO - Drive Manager initialized successfully
2026-07-21 14:13:51,661 - modules.sheets_manager - INFO - Sheets Manager initialized successfully
2026-07-21 14:13:51,661 - modules.scheduler - INFO - Scheduler initialized with 3 days threshold
2026-07-21 14:13:51,661 - modules.consolidator - INFO - Consolidator initialized
2026-07-21 14:13:51,661 - modules.notifier - INFO - Notifier initialized
2026-07-21 14:13:51,661 - __main__ - INFO - Application initialized successfully
2026-07-21 14:13:57,202 - menu - INFO - Loaded 1 saved Gmail accounts
2026-07-21 14:13:58,920 - __main__ - INFO - Selected account: germanty123@gmail.com (personal)
2026-07-21 14:13:58,921 - __main__ - INFO - Using token: .gmail_tokens/germanty123_gmail_com_token.json
2026-07-21 14:13:58,921 - modules.auth - INFO - Loading OAuth2 token from: .gmail_tokens/germanty123_gmail_com_token.json
2026-07-21 14:13:59,049 - modules.auth - INFO - Token refreshed successfully
2026-07-21 14:13:59,050 - modules.auth - INFO - OAuth2 authentication successful
2026-07-21 14:13:59,052 - googleapiclient.discovery_cache - INFO - file_cache is only supported with oauth2client<4.0.0
2026-07-21 14:13:59,055 - googleapiclient.discovery_cache - INFO - file_cache is only supported with oauth2client<4.0.0
2026-07-21 14:13:59,057 - googleapiclient.discovery_cache - INFO - file_cache is only supported with oauth2client<4.0.0
2026-07-21 14:13:59,058 - modules.auth - INFO - Successfully authenticated with Google Cloud
2026-07-21 14:13:59,058 - modules.auth - INFO - Authentication method: OAuth2
2026-07-21 14:13:59,059 - modules.drive_manager - INFO - Drive Manager initialized successfully
2026-07-21 14:13:59,059 - modules.sheets_manager - INFO - Sheets Manager initialized successfully
2026-07-21 14:13:59,059 - modules.scheduler - INFO - Scheduler initialized with 3 days threshold
2026-07-21 14:13:59,059 - modules.consolidator - INFO - Consolidator initialized
2026-07-21 14:13:59,059 - modules.notifier - INFO - Notifier initialized
2026-07-21 14:13:59,059 - __main__ - INFO - Application initialized successfully
2026-07-21 14:14:01,685 - __main__ - INFO - 
2026-07-21 14:14:01,685 - __main__ - INFO - ======================================================================
2026-07-21 14:14:01,685 - __main__ - INFO - REPORTE: DIA
2026-07-21 14:14:01,685 - __main__ - INFO - ======================================================================
2026-07-21 14:14:02,162 - modules.sheets_manager - INFO - Sheet names for 1c9kxSxwPG3huAebtoMKoopB8Zprzcm5ncFwcq4ipl3w: ['Ingenieria']
2026-07-21 14:14:02,391 - modules.sheets_manager - INFO - Data read from 1c9kxSxwPG3huAebtoMKoopB8Zprzcm5ncFwcq4ipl3w: Ingenieria!A:K (21 rows)
2026-07-21 14:14:02,391 - __main__ - INFO - Read 21 rows from Ingenieria
2026-07-21 14:14:02,884 - modules.sheets_manager - INFO - Sheet names for 1K4yNUOomuBCgRDt8kY_r7nhKq8J0FZ-iPtxviluFhoA: ['Obras']
2026-07-21 14:14:03,453 - modules.sheets_manager - INFO - Data read from 1K4yNUOomuBCgRDt8kY_r7nhKq8J0FZ-iPtxviluFhoA: Obras!A:K (16 rows)
2026-07-21 14:14:03,453 - __main__ - INFO - Read 16 rows from Obras
2026-07-21 14:14:03,711 - modules.sheets_manager - INFO - Sheet names for 1NmI8DwyPCNe8HsnDBlIu__FL_Peff2N-UYQ946SuBBA: ['Mantenimiento']
2026-07-21 14:14:03,963 - modules.sheets_manager - INFO - Data read from 1NmI8DwyPCNe8HsnDBlIu__FL_Peff2N-UYQ946SuBBA: Mantenimiento!A:K (16 rows)
2026-07-21 14:14:03,963 - __main__ - INFO - Read 16 rows from Mantenimiento
2026-07-21 14:14:03,963 - modules.consolidator - INFO - [Ingenieria] Row count: 20, Column count: 11
2026-07-21 14:14:03,964 - modules.consolidator - INFO - [Ingenieria] Actual headers from sheet: ['ID_Proyecto', 'Cliente', 'Descripcion', 'Fecha_Inicio', 'Fecha_Entrega', 'Estado', 'Responsable', 'Fecha último estado', 'Diferencia de días', 'Estado', 'Descripción']
2026-07-21 14:14:03,964 - modules.consolidator - INFO - [Ingenieria] DataFrame shape before mapping: (20, 11)
2026-07-21 14:14:03,965 - modules.consolidator - INFO - [Ingenieria] DataFrame columns: ['ID_Proyecto', 'Cliente', 'Descripcion', 'Fecha_Inicio', 'Fecha_Entrega', 'Estado', 'Responsable', 'Fecha último estado', 'Diferencia de días', 'Estado', 'Descripción']
2026-07-21 14:14:03,965 - modules.consolidator - INFO - [Ingenieria] Detected Excel format (11 columns), applying mapping...
2026-07-21 14:14:03,965 - modules.consolidator - INFO - Starting Excel column mapping for 20 rows
2026-07-21 14:14:03,965 - modules.consolidator - INFO - Input columns: ['ID_Proyecto', 'Cliente', 'Descripcion', 'Fecha_Inicio', 'Fecha_Entrega', 'Estado', 'Responsable', 'Fecha último estado', 'Diferencia de días', 'Estado', 'Descripción']
2026-07-21 14:14:03,966 - modules.consolidator - INFO - Mapped columns by position: ['ID_Proyecto', 'Cliente', 'Responsable', 'Fecha_Inicio', 'Fecha_Entrega', 'Fecha último estado', 'Estado', 'Descripcion']
2026-07-21 14:14:03,966 - modules.consolidator - INFO - Mapped 20 rows from Excel format to standard format
2026-07-21 14:14:03,966 - modules.consolidator - INFO - Output columns: ['ID_Proyecto', 'Cliente', 'Descripcion', 'Fecha_Inicio', 'Fecha_Entrega', 'Estado', 'Responsable']
2026-07-21 14:14:03,966 - modules.consolidator - INFO - [Ingenieria] DataFrame columns after mapping: ['ID_Proyecto', 'Cliente', 'Descripcion', 'Fecha_Inicio', 'Fecha_Entrega', 'Estado', 'Responsable']
2026-07-21 14:14:03,967 - modules.consolidator - INFO - Prepared 20 rows from Ingenieria
2026-07-21 14:14:03,967 - modules.consolidator - INFO - [Obras] Row count: 15, Column count: 11
2026-07-21 14:14:03,968 - modules.consolidator - INFO - [Obras] Actual headers from sheet: ['ID_Proyecto', 'Cliente', 'Descripcion', 'Fecha_Inicio', 'Fecha_Entrega', 'Estado', 'Responsable', 'Fecha último estado', 'Diferencia de días', 'Estado', 'Descripción']
2026-07-21 14:14:03,968 - modules.consolidator - INFO - [Obras] DataFrame shape before mapping: (15, 11)
2026-07-21 14:14:03,968 - modules.consolidator - INFO - [Obras] DataFrame columns: ['ID_Proyecto', 'Cliente', 'Descripcion', 'Fecha_Inicio', 'Fecha_Entrega', 'Estado', 'Responsable', 'Fecha último estado', 'Diferencia de días', 'Estado', 'Descripción']
2026-07-21 14:14:03,968 - modules.consolidator - INFO - [Obras] Detected Excel format (11 columns), applying mapping...
2026-07-21 14:14:03,968 - modules.consolidator - INFO - Starting Excel column mapping for 15 rows
2026-07-21 14:14:03,968 - modules.consolidator - INFO - Input columns: ['ID_Proyecto', 'Cliente', 'Descripcion', 'Fecha_Inicio', 'Fecha_Entrega', 'Estado', 'Responsable', 'Fecha último estado', 'Diferencia de días', 'Estado', 'Descripción']
2026-07-21 14:14:03,969 - modules.consolidator - INFO - Mapped columns by position: ['ID_Proyecto', 'Cliente', 'Responsable', 'Fecha_Inicio', 'Fecha_Entrega', 'Fecha último estado', 'Estado', 'Descripcion']
2026-07-21 14:14:03,969 - modules.consolidator - INFO - Mapped 15 rows from Excel format to standard format
2026-07-21 14:14:03,969 - modules.consolidator - INFO - Output columns: ['ID_Proyecto', 'Cliente', 'Descripcion', 'Fecha_Inicio', 'Fecha_Entrega', 'Estado', 'Responsable']
2026-07-21 14:14:03,969 - modules.consolidator - INFO - [Obras] DataFrame columns after mapping: ['ID_Proyecto', 'Cliente', 'Descripcion', 'Fecha_Inicio', 'Fecha_Entrega', 'Estado', 'Responsable']
2026-07-21 14:14:03,970 - modules.consolidator - INFO - Prepared 15 rows from Obras
2026-07-21 14:14:03,970 - modules.consolidator - INFO - [Mantenimiento] Row count: 15, Column count: 11
2026-07-21 14:14:03,970 - modules.consolidator - INFO - [Mantenimiento] Actual headers from sheet: ['ID_Proyecto', 'Cliente', 'Descripcion', 'Fecha_Inicio', 'Fecha_Entrega', 'Estado', 'Responsable', 'Fecha último estado', 'Diferencia de días', 'Estado', 'Descripción']
2026-07-21 14:14:03,970 - modules.consolidator - INFO - [Mantenimiento] DataFrame shape before mapping: (15, 11)
2026-07-21 14:14:03,970 - modules.consolidator - INFO - [Mantenimiento] DataFrame columns: ['ID_Proyecto', 'Cliente', 'Descripcion', 'Fecha_Inicio', 'Fecha_Entrega', 'Estado', 'Responsable', 'Fecha último estado', 'Diferencia de días', 'Estado', 'Descripción']
2026-07-21 14:14:03,970 - modules.consolidator - INFO - [Mantenimiento] Detected Excel format (11 columns), applying mapping...
2026-07-21 14:14:03,970 - modules.consolidator - INFO - Starting Excel column mapping for 15 rows
2026-07-21 14:14:03,970 - modules.consolidator - INFO - Input columns: ['ID_Proyecto', 'Cliente', 'Descripcion', 'Fecha_Inicio', 'Fecha_Entrega', 'Estado', 'Responsable', 'Fecha último estado', 'Diferencia de días', 'Estado', 'Descripción']
2026-07-21 14:14:03,971 - modules.consolidator - INFO - Mapped columns by position: ['ID_Proyecto', 'Cliente', 'Responsable', 'Fecha_Inicio', 'Fecha_Entrega', 'Fecha último estado', 'Estado', 'Descripcion']
2026-07-21 14:14:03,971 - modules.consolidator - INFO - Mapped 15 rows from Excel format to standard format
2026-07-21 14:14:03,971 - modules.consolidator - INFO - Output columns: ['ID_Proyecto', 'Cliente', 'Descripcion', 'Fecha_Inicio', 'Fecha_Entrega', 'Estado', 'Responsable']
2026-07-21 14:14:03,972 - modules.consolidator - INFO - [Mantenimiento] DataFrame columns after mapping: ['ID_Proyecto', 'Cliente', 'Descripcion', 'Fecha_Inicio', 'Fecha_Entrega', 'Estado', 'Responsable']
2026-07-21 14:14:03,972 - modules.consolidator - INFO - Prepared 15 rows from Mantenimiento
2026-07-21 14:14:03,973 - modules.consolidator - INFO - Consolidated 50 total projects from all departments
2026-07-21 14:14:03,975 - __main__ - INFO - Filtered 50 rows to 2 rows for date range 2026-07-21 00:00:00 to 2026-07-21 23:59:59
2026-07-21 14:14:06,834 - modules.sheets_manager - INFO - Spreadsheet created: Reporte_Dia_21_07_2026 (ID: 1pSwlmrwsc0SNmfQ4zBgeoMI9xqL5ROIKsU0V9kPhleI)
2026-07-21 14:14:06,834 - __main__ - INFO - Created report sheet: 1pSwlmrwsc0SNmfQ4zBgeoMI9xqL5ROIKsU0V9kPhleI
2026-07-21 14:14:07,194 - modules.sheets_manager - INFO - Sheet names for 1pSwlmrwsc0SNmfQ4zBgeoMI9xqL5ROIKsU0V9kPhleI: ['Hoja 1']
2026-07-21 14:14:07,727 - modules.sheets_manager - INFO - Sheet renamed: 'Hoja 1' → 'Reporte_Dia_21_07_2026'
2026-07-21 14:14:07,727 - modules.sheets_manager - INFO - First sheet renamed to 'Reporte_Dia_21_07_2026'
2026-07-21 14:14:07,994 - modules.sheets_manager - INFO - Data written to 1pSwlmrwsc0SNmfQ4zBgeoMI9xqL5ROIKsU0V9kPhleI: Reporte_Dia_21_07_2026!A1 (1 rows)
2026-07-21 14:14:07,994 - __main__ - INFO - Headers created for report sheet
2026-07-21 14:14:08,203 - modules.sheets_manager - INFO - Sheet names for 1pSwlmrwsc0SNmfQ4zBgeoMI9xqL5ROIKsU0V9kPhleI: ['Reporte_Dia_21_07_2026']
2026-07-21 14:14:08,203 - __main__ - INFO - No existing data to clear (first report): 'SheetsManager' object has no attribute 'clear_data'
2026-07-21 14:14:08,205 - modules.consolidator - INFO - Converted 2 rows to sheet format
2026-07-21 14:14:08,602 - modules.sheets_manager - INFO - Sheet names for 1pSwlmrwsc0SNmfQ4zBgeoMI9xqL5ROIKsU0V9kPhleI: ['Reporte_Dia_21_07_2026']
2026-07-21 14:14:08,847 - modules.sheets_manager - INFO - Data written to 1pSwlmrwsc0SNmfQ4zBgeoMI9xqL5ROIKsU0V9kPhleI: Reporte_Dia_21_07_2026!A1 (3 rows)
2026-07-21 14:14:08,848 - __main__ - INFO - Wrote 2 projects to report sheet
2026-07-21 14:14:08,849 - __main__ - INFO - Report successfully created: https://docs.google.com/spreadsheets/d/1pSwlmrwsc0SNmfQ4zBgeoMI9xqL5ROIKsU0V9kPhleI/edit
